Customer_ID,ml_churn_score,ml_churn_label
1017577,0.418562045653773,0
1080706,0.812544856729939,1
1014459,0.3715812802160761,0
1049425,0.830943575011501,1
1061666,0.8816537904913277,1
1089242,0.8255039030504904,1
1064367,0.7260049358415559,1
1069201,0.8325372401896788,1
1033816,0.6435700696474884,1
1097326,0.802766042204791,1
1042952,0.6124070276178089,1
1049143,0.6567377041854432,1
1038702,0.80591866477272,1
1000865,0.7224764387934952,1
1036703,0.7765406980030615,1
1057183,0.8397396854229873,1
1011242,0.7824681027031881,1
1013654,0.5372502175362942,1
1033970,0.8877702426020784,1
1096245,0.7510187666772189,1
1092717,0.6687582469649733,1
1049852,0.8097561707790245,1
1044629,0.7972245366368368,1
1031576,0.8185784739809993,1
1084384,0.5595466051388278,1
1063310,0.8492419079694078,1
1084922,0.8237284295745324,1
1049393,0.871827999290093,1
1027167,0.7809497759481054,1
1088086,0.5751804977876941,1
1066414,0.6688137944377259,1
1098173,0.655723524157607,1
1036697,0.7117085969679914,1
1020348,0.7886161825866927,1
1044173,0.6317570069272859,1
1086178,0.66094111932324,1
1038871,0.7793688647795618,1
1028483,0.8844396840412424,1
1094147,0.5531695308930511,1
1059024,0.7283464550139117,1
1094832,0.8210990405263509,1
1044871,0.8784530155800993,1
1085881,0.8815731689463177,1
1038068,0.7978137889332215,1
1003400,0.6057759418046521,1
1095351,0.7371265121380842,1
1040339,0.7985603135061872,1
1023642,0.4805067098734051,0
1042009,0.8668585085952291,1
1047926,0.8427158607860675,1
1079977,0.8419827586241464,1
1018382,0.8045078020431923,1
1019895,0.7522031479312243,1
1084399,0.824187370256891,1
1036995,0.828292344030502,1
1013021,0.6114143452545726,1
1089022,0.8937140298311753,1
1048875,0.5513896927312949,1
1059897,0.7570230274011499,1
1072539,0.8129863529320832,1
1066208,0.8719027542114809,1
1068656,0.8548155981994745,1
1062365,0.8269775126266657,1
1001570,0.5776308865324622,1
1021822,0.8350450407758118,1
1023046,0.8843112528703834,1
1040720,0.5395447608696402,1
1035084,0.8448354976742505,1
1044808,0.8476774675783443,1
1020031,0.8374853960699614,1
1000901,0.8747830198847634,1
1042261,0.8210818887948951,1
1098710,0.6016779516342872,1
1042729,0.5856558780285023,1
1033803,0.8020232923264128,1
1097145,0.5248603369582984,1
1039954,0.8677388955761459,1
1044794,0.8954612913637908,1
1010763,0.8162102197243286,1
1029090,0.8086721071075257,1
1035911,0.6802228201798245,1
1056368,0.8651869112555595,1
1084242,0.8668185394690732,1
1066443,0.733307528194757,1
1046304,0.8400463979538326,1
1075577,0.8042268466552505,1
1026867,0.6357214360962661,1
1095583,0.8755281179535698,1
1040698,0.6883351621709475,1
1045860,0.8031437823664,1
1098725,0.7627272732256609,1
1092858,0.702269091086254,1
1007308,0.8806364237696518,1
1020447,0.8303531140173609,1
1046147,0.7713783843518387,1
1094636,0.7732535206063068,1
1018236,0.8710166262433756,1
1061219,0.8202877272504167,1
1083093,0.8304224489099805,1
1045470,0.7099920220796904,1
1078421,0.8949648341786002,1
1092023,0.8811743558428312,1
1053201,0.8829546799935022,1
1059848,0.8798694488350106,1
1005839,0.8505651650519821,1
1034994,0.8635743547735479,1
1076546,0.8073018430720084,1
1083034,0.7874803908594242,1
1072168,0.8432895108839114,1
1086591,0.7829356112213518,1
1089201,0.8253417083801001,1
1082940,0.8673903882058206,1
1028333,0.8378423823906574,1
1017732,0.8426391515876316,1
1006969,0.25298699622677445,0
1018399,0.3866727214155137,0
1052714,0.8744214005957186,1
1050245,0.8486856381898968,1
1020269,0.5889814570810137,1
1050858,0.7554496898231231,1
1078713,0.8361710698936163,1
1073145,0.8331126726884551,1
1062648,0.8068697488346258,1
1079418,0.8100152198886698,1
1057424,0.8432728567753056,1
1065119,0.8279023613103011,1
1099051,0.8265966503292028,1
1082157,0.7652437251393734,1
1009629,0.8512745317779278,1
1024030,0.6307545783430306,1
1090876,0.831489048305708,1
1090713,0.8998099508513099,1
1012366,0.7778985059534604,1
1054585,0.7931291033959643,1
1014030,0.5745990701777526,1
1081689,0.8321509100109659,1
1015751,0.8783842286775518,1
1035870,0.7360415003224491,1
1044867,0.36674503560243676,0
1038412,0.7961161779822259,1
1058490,0.6868098293018394,1
1045514,0.6140067156627349,1
1093214,0.31448998792515437,0
1040096,0.770795011034914,1
1059786,0.8399701749525836,1
1055192,0.8629012140189737,1
1038855,0.7874626662221663,1
1018246,0.5142265775094644,1
1004612,0.7390581554267425,1
1003348,0.6106966323960744,1
1066610,0.8885900757130718,1
1021503,0.7147840590135184,1
1051939,0.852246598044514,1
1002129,0.5057670737290497,1
1099703,0.8437384789056114,1
1079051,0.815128438174757,1
1080861,0.8204862713184806,1
1025189,0.8134709829973332,1
1038209,0.7498590374426021,1
1074891,0.87053805637656,1
1015072,0.5517037453911986,1
1012926,0.8991198734520565,1
1055223,0.8284380189985675,1
1021021,0.5285341582043321,1
1059339,0.8301199773873249,1
1090765,0.869564719452628,1
1014782,0.8647751543040126,1
1083747,0.6967661824459584,1
1035186,0.6093770479549572,1
1066777,0.8137677070307878,1
1058853,0.8885602096581298,1
1064254,0.6397823678998994,1
1071792,0.8609039838920025,1
1041897,0.519072611790756,1
1068791,0.6909424846598089,1
1011251,0.6374023020645914,1
1080464,0.8801279071178694,1
1094700,0.8578032641512602,1
1054356,0.40564183414440974,0
1063819,0.6912027016613786,1
1028975,0.8361626214973205,1
1006386,0.4044320063812108,0
1087845,0.8893635289260762,1
1037412,0.8561865225325305,1
1016976,0.7941290972407271,1
1043155,0.898316801742834,1
1069072,0.8269310803468382,1
1064558,0.8004168359424962,1
1034141,0.8148782639886665,1
1090585,0.8722093491103219,1
1069972,0.8362163402264129,1
1058538,0.8732932537756157,1
1090033,0.7894996552343139,1
1002595,0.6109162386596967,1
1093265,0.8493364352176258,1
1053588,0.6920725193514773,1
1007355,0.5410083761996566,1
1059300,0.7159269322965726,1
1054020,0.7131133126048851,1
1023812,0.5593434099925029,1
1048444,0.8962991036917815,1
1001060,0.5548138369441741,1
1012961,0.7737349008732385,1
1091988,0.6559311048326792,1
1070431,0.8889023607483211,1
1017265,0.8517944803061341,1
1099498,0.7089988696256353,1
1007067,0.5614594313204371,1
1017687,0.8418317397934436,1
1024282,0.5313399788698245,1
1056111,0.4611399353128743,0
1017148,0.8079484963995421,1
1081124,0.8425962777545626,1
1016848,0.6724332346478652,1
1011990,0.4131107223907115,0
1060002,0.8422606123936552,1
1010511,0.8965340448529904,1
1096891,0.8232111385569219,1
1054252,0.3664999605974728,0
1060433,0.6788737064254264,1
1082943,0.8128949086442672,1
1046385,0.8655388202112964,1
1031172,0.8260178315121911,1
1002986,0.49024334605628894,0
1041589,0.8529061736738693,1
1065062,0.9100630896798003,1
1063938,0.8243853559802666,1
1062712,0.8629739043055152,1
1052534,0.7791415094230859,1
1056238,0.7828385377797628,1
1026663,0.8407221423779584,1
1057994,0.8628007807742638,1
1097517,0.7169909457670532,1
1043143,0.8609477956722335,1
1071229,0.8630851002115999,1
1077003,0.8360287631899089,1
1039738,0.7596569577675588,1
1066310,0.7668869716440537,1
1053238,0.7466775129787456,1
1099742,0.7295948473594469,1
1089595,0.887568078029545,1
1098565,0.8069931442416108,1
1025153,0.8780269360453568,1
1067871,0.8810076162804218,1
1046670,0.8134535628531028,1
1005581,0.8097748936726071,1
1011293,0.7147164849250702,1
1081899,0.8738662192513301,1
1031821,0.7674306624108013,1
1068643,0.8008117315553515,1
1036753,0.8519317180414591,1
1010176,0.7061283952987215,1
1062576,0.5329491179352922,1
1026213,0.5085281077501612,1
1076909,0.5142329817454443,1
1052141,0.7899913493915169,1
1043672,0.8677403988275774,1
1086203,0.6016495751046007,1
1035457,0.7548319426635456,1
1083782,0.78130869239816,1
1083780,0.8769368123769209,1
1030405,0.855689307893978,1
1078799,0.8635602851771409,1
1034696,0.9080797890742355,1
1078972,0.8169285808897142,1
1014040,0.4630354261433459,0
1030330,0.808933675329178,1
1066612,0.8753826158021976,1
1036728,0.8230291254060305,1
1031951,0.7309576338798378,1
1044881,0.7401491247673332,1
1089935,0.7069558674124944,1
1091483,0.8662495646843205,1
1052847,0.8295390963756999,1
1071146,0.6797260526576514,1
1039094,0.5595185401185009,1
1038560,0.8418125428597383,1
1065748,0.6971193925199373,1
1043510,0.8814777370639003,1
1065275,0.829378680242338,1
1000838,0.9103755268102651,1
1093203,0.7919463987828138,1
1048885,0.8225461241477776,1
1082057,0.7798526741222873,1
1097816,0.40034669841198794,0
1002815,0.5063408598852321,1
1063978,0.8363920716612104,1
1020530,0.49361378621896596,0
1031714,0.8600392819229143,1
1032955,0.8521313654074173,1
1089004,0.7325152134170639,1
1096632,0.8316700971007143,1
1079838,0.7831222032067666,1
1057181,0.8876197915218099,1
1038037,0.5326960274622329,1
1002898,0.2978312851544083,0
1088587,0.8728702057066667,1
1041201,0.8019393336223132,1
1060278,0.8121668927521892,1
1034922,0.8415975869635351,1
1079378,0.7873903965976625,1
1088082,0.8370945697031615,1
1069942,0.38750862185763685,0
1082579,0.6124092851637313,1
1083237,0.8403266898980499,1
1077169,0.8548471863444995,1
1050853,0.8097810705086887,1
1025551,0.8671375417310259,1
1061839,0.907035988857277,1
1047681,0.8347697613005715,1
1057128,0.8473850086222647,1
1059978,0.873482454856181,1
1002408,0.49683261616976376,0
1061619,0.8396226452543032,1
1091473,0.8038264179470181,1
1020507,0.896811157476679,1
1052533,0.9001865327722746,1
1093124,0.8266686410140412,1
1039528,0.49031948391540553,0
1091876,0.8028713306726754,1
1094835,0.8646936157444447,1
1052726,0.8195927613873221,1
1068646,0.8832644375275643,1
1051980,0.837569556272461,1
1061843,0.8677395343361849,1
1089261,0.8928269296393405,1
1068057,0.7790599489296206,1
1033864,0.7486731264061064,1
1045608,0.8753797831522687,1
1097169,0.8590835088595006,1
1014314,0.6275809337509767,1
1082436,0.6798921903956351,1
1088145,0.8488389353720927,1
1072349,0.753943605759541,1
1037823,0.8190762380722045,1
1063903,0.6520603352597816,1
1036496,0.4970174079829597,0
1070396,0.6589699538831053,1
1052312,0.8551452531198757,1
1064546,0.8433098656105276,1
1048839,0.8670711376207915,1
1020689,0.7990097638061058,1
1072100,0.8434938846830115,1
1078381,0.7844410526222318,1
1038527,0.8529871601024812,1
1046723,0.7160318930608048,1
1041615,0.8624555566831641,1
1023400,0.8553103821903664,1
1032825,0.5863129034774457,1
1023284,0.8479381123856765,1
1017360,0.6588307859044893,1
1001662,0.86043575086157,1
1073448,0.8350661235277882,1
1034804,0.7424259212654387,1
1035668,0.82381998879866,1
1089743,0.44379059386721914,0
1002331,0.5242692070198995,1
1054824,0.8268585756195534,1
1073932,0.8740712621132598,1
1062176,0.5375421289330229,1
1017224,0.6200153359576331,1
1028553,0.8338407140298426,1
1064565,0.8655234437947593,1
1054877,0.4260064241364822,0
1072946,0.8378036639352,1
1027381,0.841196464986814,1
1049773,0.8414127602193505,1
1068456,0.7628360257710551,1
1010814,0.8080131734693459,1
1028179,0.8291053338937091,1
1046729,0.8825942031776735,1
1055718,0.6867941816846891,1
1073954,0.8696197482643911,1
1091943,0.8699664052745563,1
1056163,0.7989649573689923,1
1050469,0.6452066876959348,1
1072395,0.8420994579321296,1
1061322,0.8708018537779413,1
1082255,0.6617148887220494,1
1072586,0.8060501544656066,1
1015778,0.6032646225802194,1
1070182,0.755633373186977,1
1084990,0.8267162998795565,1
1095109,0.8912432502008997,1
1001118,0.902357571061598,1
1079769,0.8414764048072962,1
1042869,0.8657805596773372,1
1005860,0.46326809432357985,0
1094845,0.8149591127624725,1
1091125,0.6759066218042269,1
1079791,0.7508437578430657,1
1010674,0.8208703347770648,1
1036827,0.8550949923139389,1
1092289,0.7547688438484776,1
1010680,0.4111507142593509,0
1069407,0.7508578923397199,1
1026144,0.6245685363300816,1
1030465,0.7815598262453877,1
1038905,0.8070961750115747,1
1064921,0.7634305354864609,1
1053113,0.8290335088475823,1
1026342,0.8609460163542862,1
1019083,0.8829898971570744,1
1072280,0.875661968526373,1
1030911,0.839560380103541,1
1045673,0.844909898908379,1
1026556,0.8207656979196519,1
1001164,0.8350490009541855,1
1095031,0.6935997021978905,1
1030076,0.6084542847412071,1
1004234,0.7226968871105081,1
1059157,0.8732195759965695,1
1054115,0.8516617769475637,1
1005819,0.7950827418221563,1
1048676,0.6183187006557039,1
1059946,0.7583998468794884,1
1092047,0.8715710417756285,1
1006131,0.42901146185609673,0
1063636,0.8857327262820528,1
1058783,0.8193922665800938,1
1034714,0.6725915471307643,1
1059871,0.49247858895480595,0
1091208,0.8266982656571764,1
1026037,0.8417856458630179,1
1077311,0.7365213992101914,1
1058807,0.6584668787187882,1
1020393,0.7885491599046957,1
1073245,0.8773541326129154,1
1010120,0.34675418613028675,0
1077532,0.8199753664403181,1
1035014,0.8007183179201367,1
1093790,0.8189855139744331,1
1014287,0.4351278156943731,0
1078598,0.7980618560011399,1
1029972,0.8299046305187701,1
1041703,0.8717867704109576,1
1035032,0.8335855579949428,1
1079244,0.8184729725639702,1
1052798,0.8676145182342636,1
1033660,0.8728695052050623,1
1037609,0.7905549421186439,1
1029029,0.8890688394814439,1
1041952,0.8721523328171029,1
1016275,0.7765234433732073,1
1039238,0.5343518690170906,1
1076930,0.861933315991184,1
1066296,0.8127330346985917,1
1060794,0.8227655702187542,1
1037252,0.7774438904799659,1
1009292,0.5718602676630764,1
1036691,0.8169046380068791,1
1045286,0.8519035549969275,1
1030055,0.654098221674548,1
1018920,0.8698194672305736,1
1009650,0.8748937460468328,1
1098473,0.8400652118608958,1
1027255,0.8460948434989055,1
1028038,0.4216865267261366,0
1085761,0.8119639779226028,1
1012649,0.3788361446512756,0
1034368,0.7056516256990532,1
1043765,0.7391998704875967,1
1039684,0.8287511628294641,1
1060809,0.8242364635674332,1
1055558,0.900112227642239,1
1045489,0.8514543422950448,1
1059604,0.8539999568249383,1
1024751,0.8219586093321242,1
1064332,0.6454374142780233,1
1053298,0.697332601646254,1
1049194,0.44729186386174985,0
1006798,0.34377559002208485,0
1032942,0.8368155458998663,1
1028973,0.7732487504751068,1
1028897,0.5189344070581609,1
1062661,0.8162990411610197,1
1071068,0.8640961978135775,1
1029141,0.787709544659845,1
1053710,0.859057624126438,1
1096410,0.8243384450203489,1
1075128,0.8756843487466784,1
1080331,0.49426133203716044,0
1031247,0.8602793572225856,1
1035600,0.805898572643069,1
1069749,0.8421864959441999,1
1069203,0.6186859135363839,1
1032403,0.8326145283083479,1
1077343,0.42984771482406187,0
1061425,0.7536889308654188,1
1047906,0.8543159944204225,1
1034467,0.8519346963720075,1
1042974,0.5983047258835684,1
1065427,0.8036531366050217,1
1095811,0.7585081721421316,1
1083910,0.7846563738324566,1
1029270,0.841218945884824,1
1040935,0.7149151183272712,1
1058960,0.8674902685605377,1
1018899,0.6697086747317289,1
1060022,0.8574272482849313,1
1054838,0.8217491574622906,1
1063368,0.7164114414124958,1
1073689,0.6937583741967204,1
1061978,0.6820109162038883,1
1012207,0.8604547685910156,1
1003374,0.5280686408050492,1
1085956,0.8716215378720754,1
1062530,0.6612621928792246,1
1063463,0.7036015540307106,1
1071978,0.9085311391350347,1
1085129,0.8421423199649025,1
1004019,0.6363474683290221,1
1063403,0.8585710867062447,1
1061370,0.6740590508968034,1
1061558,0.6269046712372054,1
1045705,0.6926398678489099,1
1066237,0.8521541112207313,1
1094712,0.8470419219656993,1
1042863,0.754844541105999,1
1054957,0.8521526397093923,1
1078169,0.8488887235283158,1
1035282,0.7569816153942948,1
1024708,0.47183058807527073,0
1026025,0.855666789355879,1
1054925,0.6489651978876162,1
1044684,0.865637936181446,1
1013955,0.8752529485520382,1
1088965,0.8364707571742421,1
1052229,0.8238953946298224,1
1057542,0.7121303101024936,1
1019311,0.803663467306895,1
1043116,0.7379520832638954,1
1035241,0.8325115400195353,1
1028314,0.7915891798659871,1
1016663,0.48680574935205306,0
1078452,0.47728224694009674,0
1033326,0.9043008797479262,1
1047545,0.7561991683796707,1
1009016,0.6168107247418232,1
1032148,0.5748322684353423,1
1037084,0.5201833141579969,1
1097427,0.8185254774443891,1
1024383,0.28414198319669853,0
1072345,0.4587848310263857,0
1090192,0.812912195387008,1
1024525,0.6428252969532612,1
1081927,0.7038239738203309,1
1065584,0.8731733446847031,1
1046717,0.7896803681094835,1
1057049,0.8840730268705614,1
1027780,0.8201889735120127,1
1018799,0.6320885520782127,1
1096163,0.6494726519317633,1
1013288,0.584952650122695,1
1072390,0.8822386899738689,1
1071536,0.7870843967058972,1
1021263,0.8618070157080968,1
1045000,0.7580500083012736,1
1071625,0.8472172397455399,1
1084313,0.8138800695233454,1
1063594,0.8698940938280875,1
1093044,0.815426187430974,1
1092501,0.8782035438472557,1
1079089,0.8684577222168531,1
1019513,0.8309610514761409,1
1071252,0.6837283689712246,1
1096135,0.8104166331314482,1
1059009,0.9066808992108041,1
1034220,0.841026387527509,1
1048201,0.8252326698974005,1
1054776,0.7626452418663403,1
1082806,0.8828898595620868,1
1088496,0.7284185950262275,1
1015447,0.43062463510996857,0
1089122,0.7092079412181161,1
1060307,0.7700870616793781,1
1099590,0.7751058584122299,1
1020306,0.7814531088808395,1
1098283,0.8734675728097775,1
1062155,0.8262036130525208,1
1018089,0.7142334545768313,1
1029107,0.8619890305405211,1
1086158,0.8669016982967959,1
1031196,0.85315980598019,1
1041409,0.843790925717648,1
1028177,0.42389560382233255,0
1024437,0.8428852276250907,1
1018974,0.861867740103436,1
1050488,0.8580773356875008,1
1046300,0.594814620882005,1
1064778,0.8917712802218426,1
1075327,0.8907010403821892,1
1078627,0.8296448981686921,1
1007614,0.5607605562632096,1
1000699,0.8283087856284824,1
1032787,0.8229658163874846,1
1093876,0.5595612006356953,1
1068106,0.8671675105077676,1
1023597,0.814548446622025,1
1027451,0.868997433910353,1
1026569,0.8351050370220767,1
1018835,0.8667605696427165,1
1035473,0.8154900304226872,1
1076895,0.8741326671108455,1
1049934,0.5818696710542357,1
1018498,0.7298855106835479,1
1072739,0.8698632441861637,1
1084067,0.8190483935639408,1
1081349,0.8144705046117604,1
1007670,0.5683269070112846,1
1028305,0.8817925316868652,1
1049996,0.7650256097434249,1
1058644,0.845249608301852,1
1095525,0.8367080976377506,1
1053412,0.7784389821379599,1
1002696,0.45157222096888455,0
1016715,0.8403175715933502,1
1090598,0.7975381249655036,1
1032899,0.8665539939863168,1
1039983,0.7933434902496598,1
1025507,0.7725040874558735,1
1091973,0.833518514183541,1
1033639,0.4145505772526832,0
1026820,0.8444456293202128,1
1089284,0.872382400418367,1
1037374,0.8191798519822965,1
1088221,0.8169071832146405,1
1096714,0.8352045959150868,1
1039114,0.815515328864793,1
1062178,0.7894318264565676,1
1013364,0.517048234058458,1
1084277,0.8534196760351765,1
1038837,0.8582626356088944,1
1054485,0.8852685606634241,1
1016765,0.8349319105557278,1
1024729,0.6638942084612539,1
1042254,0.7961427715630877,1
1082853,0.7790428345075573,1
1068496,0.796485520171068,1
1040967,0.7530614160740751,1
1015688,0.5103297248998352,1
1038080,0.789174196352265,1
1013720,0.8782993760620714,1
1028490,0.7861878097225717,1
1080698,0.8373163329163414,1
1064667,0.8466956779097654,1
1057253,0.414032489500742,0
1063280,0.7950177944109128,1
1023752,0.8611237287402193,1
1063425,0.5507062217540737,1
1074654,0.8499790370309332,1
1089457,0.6533483153002602,1
1059976,0.847492403215576,1
1052838,0.6289331703623702,1
1089932,0.8386727213680821,1
1075659,0.8419391729440205,1
1009911,0.8278739576058609,1
1010172,0.852557717886181,1
1054098,0.76671476903773,1
1010775,0.5923301007513829,1
1039016,0.7826674274914086,1
1053124,0.841594202384455,1
1018824,0.7597027620979283,1
1025299,0.31293066893812693,0
1053538,0.8289760098484721,1
1054195,0.8216364310389136,1
1019905,0.8308684337325953,1
1080303,0.8397650531013734,1
1059659,0.8703310623674156,1
1057594,0.9043445618751953,1
1054708,0.8697483430469738,1
1072519,0.5165979622235651,1
1097576,0.8339039489304922,1
1024858,0.8617788138042888,1
1025370,0.7876811633510745,1
1093287,0.8779224751261951,1
1087641,0.8235245578306382,1
1032816,0.7730339972931376,1
1004139,0.5425947917815382,1
1090183,0.8276558366443204,1
1016708,0.5416312602632809,1
1059126,0.8335204891840277,1
1093005,0.879949794626039,1
1061791,0.8194102902617205,1
1084786,0.9042881089362589,1
1000755,0.5963028339012886,1
1055688,0.5054682971571618,1
1053432,0.8454050952688162,1
1078312,0.8712845223677717,1
1037494,0.8780998707759617,1
1077623,0.7940054743290148,1
1056918,0.5283164850370321,1
1055018,0.8126432771205446,1
1063481,0.9015414896600115,1
1016637,0.6242480600975664,1
1020704,0.402698484807067,0
1072903,0.8311153797037558,1
1093991,0.8636281270493257,1
1054734,0.8883175352418959,1
1064845,0.8645727617285845,1
1074676,0.8395779451489174,1
1033568,0.5337359196914969,1
1014765,0.8450584515359574,1
1062057,0.7270729050515461,1
1016527,0.6441450270079809,1
1022878,0.7627652299519221,1
1025490,0.838983822240689,1
1007892,0.36552371160716096,0
1023401,0.8050839819038983,1
1010930,0.43910202963400885,0
1093958,0.8215677186655099,1
1007993,0.32305169808973067,0
1060231,0.7868199714976944,1
1098342,0.7057927322221218,1
1022533,0.8326911923586794,1
1082473,0.7742098826964665,1
1037971,0.837625268199695,1
1014624,0.8717507586966852,1
1037031,0.8705230977285218,1
1019171,0.7872891663347062,1
1011679,0.7828355246622895,1
1020891,0.7873868660997392,1
1018036,0.8031384488254526,1
1055971,0.8495915651523358,1
1032289,0.7552652588409777,1
1006199,0.7139945561660783,1
1058012,0.6600140074384773,1
1025061,0.6703078777743238,1
1011752,0.7174402194246929,1
1012823,0.4283981010767431,0
1080155,0.8608789106820894,1
1081671,0.7836136741642727,1
1090409,0.7066080246437246,1
1005685,0.4950339487890556,0
1075646,0.7128558260394703,1
1015650,0.7227534916949996,1
1049841,0.8847574887187112,1
1039404,0.6959071292144046,1
1001975,0.6683215858676503,1
1052989,0.8537682760474969,1
1050018,0.8060024479252945,1
1019011,0.6077462052543935,1
1008420,0.8048011931603889,1
1064251,0.8432672208114049,1
1038136,0.8645443068619137,1
1098044,0.5157515829234903,1
1064266,0.8453415184835965,1
1080855,0.8443936941525558,1
1023521,0.774447164714722,1
1001097,0.46655907743578173,0
1079278,0.5917776158035118,1
1068241,0.8991345675428789,1
1003007,0.35242031320366296,0
1004696,0.7201543530091531,1
1084790,0.875254124321391,1
1060180,0.8818922180465082,1
1064481,0.7901725917311989,1
1045227,0.8091060531788107,1
1007773,0.6936812204605801,1
1091315,0.8618470187182568,1
1044185,0.8632036057493826,1
1070206,0.8509347478406111,1
1039287,0.6228782378263372,1
1011343,0.6505632795885328,1
1095467,0.8480799423314345,1
1063202,0.7543507997486928,1
1066831,0.6697322910312911,1
1048395,0.8773435175212514,1
1037393,0.7313733542965264,1
1037556,0.8057379883308126,1
1026369,0.8582997396788304,1
1040893,0.6951523833477996,1
1012017,0.6789479059166986,1
1080131,0.8600953832168525,1
1053634,0.814557261498192,1
1084972,0.85532023401147,1
1015116,0.3602019486427816,0
1062919,0.8659434123774081,1
1071624,0.5981914046920087,1
1091904,0.60455274278375,1
1087853,0.5604691949093189,1
1050658,0.8754372493783391,1
1045736,0.7782189754904184,1
1028942,0.8020880243594817,1
1099053,0.7761899636003738,1
1080074,0.835582765838442,1
1059621,0.9001754671938662,1
1043997,0.8510528681220588,1
1018679,0.8881725282148268,1
1068003,0.8855252563683009,1
1070575,0.7639288656347696,1
1001488,0.8733707738861864,1
1013997,0.5046026253788034,1
1061750,0.785835158525854,1
1017410,0.6227037985092254,1
1053954,0.8252438620389362,1
1067930,0.7514909433292261,1
1088199,0.762593048967892,1
1025092,0.509484880724444,1
1047920,0.8894086706541913,1
1044740,0.7546939647360513,1
1033853,0.7945820462661913,1
1048187,0.814043613421724,1
1068479,0.8361538238324168,1
1001954,0.8086674112353018,1
1068742,0.7235687509751421,1
1000141,0.545250574200762,1
1027329,0.7846480432873445,1
1065999,0.9035004555699149,1
1058560,0.7581004975614369,1
1010574,0.7079900236504609,1
1084133,0.417016988569084,0
1094633,0.8422940080753235,1
1037506,0.800383630179371,1
1093596,0.8918142484366499,1
1072994,0.8219924161344602,1
1033618,0.6440364946776445,1
1095094,0.7450738446414704,1
1082251,0.6719305007054724,1
1039002,0.8085641801396708,1
1002471,0.8231859725563436,1
1026904,0.5037337192558559,1
1028157,0.8192056835895349,1
1010507,0.8682791514432373,1
1071384,0.554776908764309,1
1038497,0.8564484823878581,1
1010675,0.5943736686253757,1
1041000,0.866207896503756,1
1029997,0.8397679891520091,1
1032208,0.8785164027144392,1
1060532,0.8232772758609286,1
1094785,0.8699194165492454,1
1056476,0.5759689932175271,1
1099915,0.8915234693244233,1
1053483,0.6018010360521884,1
1066761,0.8636335598581921,1
1081554,0.7732044776136068,1
1022038,0.6645210919463089,1
1073864,0.7615729705192603,1
1026838,0.8285683658477667,1
1044239,0.7687492510695969,1
1077527,0.7735230580433216,1
1005724,0.5398032320423135,1
1073224,0.7709901729242834,1
1001339,0.833565153726789,1
1005269,0.5629346326168376,1
1091652,0.7996536402568777,1
1058963,0.7938248053417183,1
1012371,0.5640283057076076,1
1043151,0.5433331178410966,1
1066016,0.8930632301816936,1
1021419,0.8597730349493029,1
1079356,0.8722247714147655,1
1048685,0.6531312086151446,1
1020656,0.5516133394749005,1
1003681,0.2841721651277899,0
1057717,0.820941642304334,1
1006795,0.7746670181598743,1
1027776,0.8283677948550197,1
1083283,0.8904047957517803,1
1038713,0.8203240482750703,1
1097233,0.8453772723258035,1
1098100,0.7686119251941227,1
1009651,0.39947787000186535,0
1027416,0.8484809764381784,1
1067915,0.43572335078997043,0
1056702,0.7545531799912388,1
1078200,0.38599256879522886,0
1057013,0.8268210401830456,1
1039901,0.4497681526188958,0
1038317,0.7782050183986542,1
1096586,0.8062725107993028,1
1099351,0.8398162363756166,1
1069644,0.8725997055510152,1
1096155,0.6512711912589384,1
1022446,0.8159178789906506,1
1040385,0.5233560256637386,1
1095696,0.8666463531685143,1
1017387,0.824127114927188,1
1028711,0.8843871575946861,1
1026950,0.4457841738894038,0
1082655,0.7966201245847133,1
1077179,0.8797413069256803,1
1071029,0.7860463441562038,1
1018953,0.9069647661852439,1
1052059,0.6659065867969879,1
1098906,0.8080767221014195,1
1059982,0.8235197213900615,1
1000950,0.45359752280261423,0
1075378,0.8589639757258137,1
1021580,0.7757891543242103,1
1079065,0.8063585594135887,1
1035925,0.8715357710141504,1
1092253,0.5023250874985388,1
1059732,0.8688477036083007,1
1074015,0.7260603387839665,1
1044936,0.6484517632318442,1
1078284,0.7940233032168694,1
1060064,0.781598100508382,1
1015371,0.5966644383262621,1
1047820,0.6816022119945829,1
1002719,0.7014478943510077,1
1087413,0.8889982954660047,1
1013134,0.6136714259430731,1
1086285,0.864336509235545,1
1083013,0.8239022215992983,1
1075707,0.822941195602425,1
1066139,0.8649653414473611,1
1010975,0.4683504694435521,0
1064970,0.8793242668784117,1
1096527,0.8109991505283424,1
1036564,0.6112442013636439,1
1095438,0.6180573452537563,1
1096799,0.6956616085233056,1
1053534,0.5651259667133444,1
1012172,0.846366184156672,1
1008577,0.5320968126219561,1
1086614,0.853716862384767,1
1003730,0.8215272156155927,1
1019717,0.6627535198650524,1
1090315,0.8825965383670481,1
1093806,0.7835382571654513,1
1087419,0.8521344873801943,1
1039211,0.8669050789298653,1
1000886,0.6618471363508367,1
1073672,0.812859108434605,1
1058938,0.8871278318147598,1
1001867,0.8005180483956256,1
1038547,0.6556172914381805,1
1018511,0.540803825737719,1
1026798,0.7971801869695861,1
1071134,0.8800032807957274,1
1089385,0.5996826169561871,1
1025499,0.681932848846618,1
1062048,0.9084866287713012,1
1095020,0.810689067503751,1
1084171,0.8022767221172274,1
1016514,0.8107381060877592,1
1003429,0.5114483852300729,1
1023353,0.5936753306198487,1
1043031,0.5771603481205868,1
1033548,0.26469232411697086,0
1097355,0.7904720901285467,1
1009608,0.6376075927133874,1
1019417,0.8230147083479433,1
1008715,0.2595130690777054,0
1078955,0.8233675208055509,1
1002453,0.4680255159396874,0
1058591,0.7725340349988848,1
1039147,0.5498167333511671,1
1082475,0.8651205328038896,1
1000602,0.5142183631570926,1
1062097,0.8367765913570413,1
1001763,0.9040354451508255,1
1028547,0.8630268954176146,1
1007652,0.6890031717908146,1
1037613,0.7859251856401098,1
1026660,0.7165104580551285,1
1016191,0.860754134923849,1
1017720,0.7895922748926353,1
1001693,0.8155102683494986,1
1027660,0.7709209091776171,1
1012572,0.8604087527029288,1
1019294,0.8232958906134882,1
1046469,0.8873629864760638,1
1003157,0.5529864862073514,1
1021145,0.7992615044371222,1
1049185,0.7996238988780288,1
1066603,0.8650898442727174,1
1082049,0.8362597932665632,1
1014867,0.5783507618700737,1
1025970,0.8233269293879492,1
1045010,0.4451452344409741,0
1016791,0.8525007116760488,1
1003775,0.4453292025399413,0
1025704,0.8127185505469815,1
1007536,0.669748784898148,1
1027013,0.47343585002473443,0
1034164,0.8458197625427769,1
1030661,0.8327565476856736,1
1011815,0.7735163422525536,1
1020972,0.8337821963166603,1
1027951,0.864107898932925,1
1038718,0.8544649835748467,1
1003264,0.8629933548186027,1
1037676,0.8784294564245746,1
1026809,0.7326285002722592,1
1020838,0.2801000023076359,0
1036486,0.8630397813388383,1
1060692,0.45386205492004605,0
1003986,0.5373225160614331,1
1033167,0.8534345535445342,1
1004905,0.7841799108748682,1
1043537,0.7817074591734539,1
1039650,0.8055313570154435,1
1098622,0.45801150456217193,0
1025541,0.8609520724464581,1
1046849,0.8115012966538027,1
1087591,0.8702541188330686,1
1024646,0.5523605502654212,1
1026844,0.5576585681756753,1
1015721,0.8280144450040537,1
1047548,0.8309495631922655,1
1050541,0.7138585095791636,1
1045540,0.783776064673197,1
1086527,0.8575306343037618,1
1076006,0.8056018234032792,1
1052695,0.6124747117465912,1
1045622,0.8014970615069705,1
1076786,0.7113104620513226,1
1045398,0.7329237349823453,1
1076568,0.7386187855280262,1
1049266,0.4360468261154583,0
1092448,0.7972663798724864,1
1025173,0.8604787319819863,1
1072951,0.8813834230964583,1
1095273,0.8589289173729732,1
1094246,0.7508313447106006,1
1042731,0.561255148927954,1
1056244,0.8390380318190888,1
1005941,0.6376608536380622,1
1049527,0.8854674151604504,1
1007617,0.8430621429826739,1
1040113,0.8369918612093429,1
1006360,0.6383836591901794,1
1096028,0.8526712369948514,1
1001537,0.7313142741718454,1
1016371,0.6322530891990448,1
1017660,0.4693254488163645,0
1064832,0.8483238779240312,1
1049140,0.8622474057519737,1
1015002,0.567397210719998,1
1050707,0.7097783650708145,1
1002560,0.8208260851714256,1
1088334,0.845122940537932,1
1049956,0.8021995187601896,1
1070217,0.8901804849140031,1
1041109,0.7648123174738019,1
1031552,0.9000708180652076,1
1068234,0.7102162130891514,1
1087530,0.8292463016544199,1
1046878,0.8370146701750957,1
1046879,0.7838160127963564,1
1017880,0.5094966106618687,1
1005956,0.42885252700672033,0
1062525,0.8268071936288146,1
1028337,0.8733174478749425,1
1026460,0.532039499741556,1
1080361,0.6919239214302525,1
1045732,0.3571832233471624,0
1065524,0.8722019573140519,1
1076920,0.867034365667719,1
1078013,0.8448873523660932,1
1053204,0.8810486570669303,1
1060342,0.8115129094493849,1
1075805,0.8584563493522079,1
1088577,0.6930234950557912,1
1095071,0.6634070143258812,1
1092092,0.3498389125400546,0
1056743,0.8593877068696245,1
1008851,0.5559120336868429,1
1079639,0.8727789188222821,1
1034968,0.7254863700539884,1
1017428,0.8150512194578012,1
1056206,0.902510153601625,1
1030133,0.8127248935544461,1
1067133,0.38914602397704406,0
1002869,0.5866003397066354,1
1060780,0.5579316084727853,1
1066626,0.8764598595332367,1
1035350,0.8458062710851004,1
1002174,0.6646500552356303,1
1018670,0.8443643966063051,1
1041084,0.7472321091975259,1
1053967,0.8715340109680823,1
1051517,0.3857117902403978,0
1068143,0.8606334069486559,1
1048874,0.8308740290688572,1
1054613,0.8513493796327603,1
1062271,0.6857542503534754,1
1014691,0.7208564169319692,1
1070788,0.8280615560795082,1
1049505,0.709311003470437,1
1054795,0.8648180223248187,1
1040817,0.7731575580389658,1
1075023,0.788209457515446,1
1009876,0.8287151252061326,1
1067992,0.8974247486360448,1
1058182,0.7585645303987151,1
1026154,0.35478695800682675,0
1024617,0.5623072140225358,1
1026076,0.8123087158358799,1
1090112,0.8302614884705977,1
1094789,0.8340589158034182,1
1070778,0.6033892018613637,1
1065724,0.7943865578052433,1
1062302,0.863265094625784,1
1080834,0.7896234739079757,1
1061331,0.6071294294899732,1
1058639,0.8585081181370334,1
1064704,0.8472338944076528,1
1098280,0.448577258748042,0
1072730,0.6270307950740419,1
1013810,0.7751914792013462,1
1023022,0.8301429395060248,1
1096379,0.8786618738418694,1
1092033,0.7035707731578372,1
1023703,0.8406397659337284,1
1034133,0.5406742325513754,1
1081572,0.8707887272599282,1
1082935,0.8563762272368246,1
1083144,0.7162070332545053,1
1061006,0.8244556115362891,1
1030665,0.7500824080914145,1
1061739,0.7615207684541034,1
1079738,0.8335723053945725,1
1014780,0.5893647348745317,1
1089756,0.7815801621740793,1
1010357,0.7753498977868507,1
1097505,0.8804938996467864,1
1065587,0.8374704420000102,1
1072436,0.8723297366049454,1
1077053,0.8846532872363494,1
1053117,0.8188392651904248,1
1096899,0.8351037058427269,1
1014632,0.7458311158288461,1
1032702,0.805570016284858,1
1030447,0.8289705583560497,1
1092185,0.7128130372537564,1
1064586,0.8012250631508527,1
1020122,0.7673956861704765,1
1033855,0.8642892438916966,1
1096216,0.8069045048476261,1
1097342,0.8586625668224753,1
1006286,0.5652141544026811,1
1026486,0.8680412415835903,1
1029091,0.7961096205313413,1
1087979,0.5509154403977392,1
1087555,0.8301049371629142,1
1078178,0.8765554096817719,1
1077666,0.7814916022945735,1
1090378,0.8214306936543795,1
1086270,0.8448975543099101,1
1066232,0.6098726283258644,1
1067904,0.36519715427460503,0
1056977,0.7965987273429416,1
1083019,0.8376777725154759,1
1095233,0.8594860988295031,1
1027944,0.8712143227132579,1
1036045,0.47936518519749516,0
1010436,0.8744210920295262,1
1085139,0.8180531481371974,1
1036379,0.7132620826121341,1
1083051,0.2760086119616183,0
1085864,0.8952054773648214,1
1093922,0.8786431784330976,1
1047746,0.7670750263615519,1
1033229,0.867208497209641,1
1032637,0.8312364496517674,1
1020365,0.711487543796703,1
1004669,0.4056407821834548,0
1060274,0.727900151149145,1
1003707,0.7812855485235765,1
1042095,0.8780231093410523,1
1002341,0.6249351553739192,1
1049687,0.5362267177708625,1
1096250,0.8414766693606334,1
1032784,0.7021927465292844,1
1042778,0.6453085252845775,1
1087316,0.6579272918164754,1
1032214,0.8603120408099796,1
1053247,0.6840739596652046,1
1099817,0.7506571827677739,1
1083888,0.8460789089396752,1
1053982,0.8912702620557144,1
1037262,0.9022811544584606,1
1049568,0.8542277876596878,1
1047412,0.7028173925688215,1
1078331,0.8711772334341775,1
1018750,0.9079746699939688,1
1043907,0.8707117641551856,1
1009031,0.8361258936795203,1
1013865,0.8169630198394526,1
1078836,0.8156072413473638,1
1007114,0.8383084461341281,1
1061225,0.8817251994516528,1
1019996,0.8412048259952278,1
1081976,0.6674220885288454,1
1019190,0.8345735266093293,1
1052886,0.5204293379401241,1
1018108,0.565167889600867,1
1020476,0.6104573867610904,1
1061091,0.8636593351294557,1
1073952,0.7983021480706093,1
1079169,0.8067855196864366,1
1079947,0.8587027238596083,1
1025532,0.8383052144679228,1
1056813,0.7856367063828522,1
1004018,0.6568274409257534,1
1043452,0.8623460741112345,1
1038442,0.9073168901327754,1
1070100,0.7235715720980617,1
1098859,0.626680747796304,1
1034464,0.45357816417470526,0
1043847,0.8665614132681719,1
1029411,0.7700751747624182,1
1007961,0.48613464376551585,0
1055027,0.8214129012309953,1
1057802,0.7830025837414666,1
1090708,0.8325227220513467,1
1053254,0.8040654838886401,1
1052373,0.9099646820872673,1
1020899,0.5698975622394544,1
1004944,0.803093525880578,1
1010005,0.7730098809525594,1
1046290,0.8896096707713493,1
1012298,0.8635469747570974,1
1083394,0.8675386003234085,1
1069025,0.8678351789903879,1
1087136,0.8169174478871765,1
1015347,0.6604797430459526,1
1034330,0.8849914457116297,1
1039912,0.8396277339303881,1
1098141,0.5854969964056583,1
1063920,0.8809702208326053,1
1093677,0.8502205633653698,1
1002122,0.6763671779313791,1
1060046,0.8321190640094756,1
1062909,0.9036369950011693,1
1078805,0.8002523759519495,1
1040968,0.6994772219101333,1
1061617,0.8339644174081454,1
1055100,0.8899722210583325,1
1054652,0.80866696537961,1
1074646,0.40373831239180535,0
1074073,0.8840253744424607,1
1019051,0.8398465178424696,1
1095888,0.6542905734659381,1
1083935,0.8675822089911015,1
1097995,0.9047542055784619,1
1085697,0.862126531202777,1
1090729,0.870833161631954,1
1017804,0.856712828511924,1
1078477,0.837058629796721,1
1090210,0.696946162693339,1
1068913,0.8288101009638121,1
1054338,0.8319605637413994,1
1039854,0.8575847009497412,1
1013739,0.867636835325449,1
1095725,0.7437273237781098,1
1021414,0.8138473967019578,1
1049959,0.7011523231324155,1
1002024,0.7825442081683939,1
1007404,0.5876129777475327,1
1009764,0.8727895398941968,1
1064673,0.7211748748475337,1
1028366,0.6386952982552448,1
1003439,0.8515566026722509,1
1075527,0.7260451976198309,1
1026312,0.6900090165181124,1
1014570,0.8214344967452734,1
1087351,0.8257547221448946,1
1000041,0.36578182582477936,0
1078125,0.8607495314519014,1
1038160,0.7153890698359283,1
1008631,0.8872414102781102,1
1012871,0.7077730106200377,1
1053957,0.8472807615707018,1
1097756,0.747516525260965,1
1084362,0.8736927225864617,1
1083001,0.7928621226147706,1
1082004,0.8454953131959043,1
1054731,0.7950723054339848,1
1017819,0.6572625841939127,1
1076549,0.8084922731076039,1
1079170,0.8224102905950388,1
1056378,0.8580366555432847,1
1086184,0.8982788573010384,1
1095581,0.8798831598703158,1
1066156,0.5983256035380121,1
1047469,0.7284020370735994,1
1074069,0.8418970464843512,1
1037138,0.8199536113031751,1
1053039,0.8224327465983344,1
1016384,0.6257376943650803,1
1045639,0.9082099573405024,1
1061310,0.8798610953249943,1
1086181,0.6046789818699788,1
1092385,0.8290917386544329,1
1089530,0.8584978373512216,1
1071195,0.7182229865343457,1
1083631,0.8909025549461161,1
1092349,0.7092825330839342,1
1025084,0.8561145629267529,1
1020212,0.6232759113658617,1
1032522,0.756773957547958,1
1007704,0.4461298940194112,0
1052744,0.6070256445347423,1
1073056,0.7900378603512591,1
1009162,0.5341988029929874,1
1045537,0.6796584060171001,1
1070023,0.7026727020694873,1
1012969,0.8599840366952326,1
1087513,0.8259456742377782,1
1046639,0.5623574277360436,1
1083610,0.8466046982353334,1
1027221,0.8435128287251197,1
1051739,0.8168766763911507,1
1011271,0.8693688995735822,1
1080135,0.7107314232939234,1
1088526,0.7972698824063225,1
1091601,0.829614421469086,1
1072302,0.38178867624309676,0
1016540,0.8709607018602734,1
1092248,0.7826981015411395,1
1058003,0.8951668810554306,1
1034138,0.7765835569007884,1
1074607,0.8130745163344675,1
1050846,0.8965963224349734,1
1032578,0.801550529880861,1
1056677,0.8908470633628608,1
1042161,0.793434756690818,1
1005276,0.6199133126559147,1
1085014,0.8379606309674075,1
1046615,0.8231054368546554,1
1092161,0.87406694881853,1
1021060,0.8421905857018311,1
1020504,0.8868797891547529,1
1049592,0.8538553169524172,1
1034602,0.6470770802500083,1
1092810,0.8674493633091994,1
1067284,0.5124324055219213,1
1093571,0.7890241356584996,1
1038735,0.8635547953359111,1
1092941,0.8720468968262142,1
1018164,0.5288788244661289,1
1072305,0.8567403260889588,1
1099849,0.5396056950315116,1
1089573,0.5692500746778951,1
1031640,0.9011346921287224,1
1024709,0.8856755064105264,1
1005414,0.5474227408312667,1
1007217,0.6145412743888078,1
1016150,0.6639511844703675,1
1015552,0.7512702678640447,1
1060950,0.8733389727872732,1
1029359,0.7692171967849303,1
1085910,0.7177077814542729,1
1078254,0.804248361622587,1
1054316,0.8682113308989625,1
1099881,0.7807274155632218,1
1099695,0.7544079361475189,1
1080556,0.8047569154285446,1
1041642,0.8470693466994137,1
1094301,0.8480473264659676,1
1055506,0.7764269962410557,1
1021287,0.8736324917165618,1
1068570,0.8592940978423442,1
1075753,0.9058101392244748,1
1057192,0.8686801161534508,1
1065602,0.777106277508288,1
1054191,0.887998371847892,1
1029388,0.7374788070285193,1
1076398,0.7850185561053276,1
1039421,0.8460382377252782,1
1000984,0.5751337444977596,1
1005814,0.8849050556304761,1
1064628,0.7712830139239041,1
1076677,0.8679572856144597,1
1075389,0.8038415283887006,1
1070439,0.8555653470372626,1
1000391,0.7281863854584989,1
1046423,0.6963644976097236,1
1013235,0.5810081135025219,1
1011652,0.5528545742499934,1
1002761,0.8741795590697843,1
1024500,0.818858675858657,1
1064525,0.7389695009350197,1
1002526,0.8972533334635235,1
1016094,0.6518737333670842,1
1045704,0.8647874496793243,1
1001312,0.45864321646114203,0
1010000,0.5873670253728213,1
1078950,0.8805073609876183,1
1050810,0.5853306676328703,1
1052884,0.8874130486392307,1
1082207,0.8561896861458029,1
1029757,0.8384286300925659,1
1058988,0.8555729591029003,1
1047358,0.6814062953824189,1
1014716,0.8508794430649584,1
1082847,0.7878951974769387,1
1017875,0.7402154505857499,1
1053545,0.6367790663984918,1
1067356,0.8210415188990176,1
1065634,0.8429787843608048,1
1053437,0.6391431127322437,1
1076241,0.8860920725765675,1
1062308,0.8141388213699144,1
1047978,0.44206061085988313,0
1079817,0.6410146932143047,1
1011881,0.7913610082707333,1
1036636,0.8810108175280267,1
1015304,0.8802882973850205,1
1078590,0.8414251135751669,1
1067989,0.8344899728588363,1
1039729,0.8845881291176585,1
1097090,0.7209350147217346,1
1044665,0.8748373648375118,1
1038358,0.7908878360965278,1
1011350,0.8437999242682724,1
1063064,0.8354463202896569,1
1033394,0.8284292408997104,1
1008832,0.4641051658302762,0
1042858,0.8548444113964468,1
1099856,0.712366247942342,1
1005556,0.8171877270907434,1
1075748,0.8882518593309721,1
1003695,0.8529755367032742,1
1083428,0.37205354246634664,0
1021634,0.8554276606193982,1
1033212,0.7367671936951304,1
1047992,0.7276382142085384,1
1090434,0.8612641993724525,1
1099840,0.7552610277200026,1
1026938,0.7616155975825224,1
1042162,0.6852910557464291,1
1040326,0.7541392583594172,1
1022221,0.8683544827007524,1
1079971,0.8346001029209179,1
1056535,0.9073852388590203,1
1054544,0.6209907119174384,1
1080543,0.8407814398154458,1
1042884,0.8133319448459455,1
1074252,0.5619133643825831,1
1087006,0.8644220716943146,1
1030894,0.5250638380407057,1
1050550,0.6904219247989967,1
1024279,0.45216490676528964,0
1074841,0.40123550421330334,0
1009130,0.7023775594580398,1
1094505,0.8672131846299288,1
1023715,0.8242433906986085,1
1009524,0.6262036513015808,1
1069456,0.7613569132454008,1
1033517,0.8331489102600111,1
1003006,0.7164704138149641,1
1053849,0.7339912247540529,1
1073274,0.8634600195140667,1
1094911,0.9070587542939565,1
1089306,0.7467533385674431,1
1080294,0.8698241822373067,1
1018853,0.6386228140584377,1
1003027,0.7027819187953562,1
1030414,0.8669992291574771,1
1034135,0.8047541072456897,1
1071177,0.7569480664177982,1
1079400,0.8305951845301625,1
1088665,0.7685861220800714,1
1081099,0.8388629920491104,1
1070448,0.8816609470572412,1
1067758,0.7988445893797123,1
1045408,0.4516216125010553,0
1004768,0.48709485824418153,0
1082298,0.9043466765812579,1
1070762,0.5320575753526409,1
1051360,0.7350998652641861,1
1026411,0.7599450895092543,1
1087479,0.6573962567470838,1
1079395,0.825871758781385,1
1047026,0.6335201924356704,1
1065822,0.8454359364620839,1
1078216,0.6958128345790986,1
1054642,0.5095387723603262,1
1064604,0.8171146209149096,1
1095486,0.8389661381408464,1
1084352,0.8570917839712718,1
1083460,0.8495565314497517,1
1093143,0.7989887491371181,1
1093379,0.6457230780446008,1
1030723,0.8674946069555831,1
1014469,0.5810448512164691,1
1074388,0.8403838926361852,1
1081191,0.7553697935198526,1
1063489,0.41075784964420714,0
1077936,0.7855601620546697,1
1047516,0.8350150459477468,1
1092511,0.8809367610249976,1
1021040,0.8615563659882624,1
1093136,0.7742896932026369,1
1063629,0.897536804379832,1
1073053,0.8531497571544364,1
1013190,0.618785816991152,1
1097586,0.7490423556935025,1
1046436,0.8482641273934172,1
1062866,0.8774655855258903,1
1002842,0.689075249068224,1
1050599,0.7610548628744143,1
1002649,0.8467839619302047,1
1067446,0.8464572282449394,1
1076965,0.5383161128642074,1
1025433,0.80641285984933,1
1010054,0.586406724836736,1
1009186,0.6282299244746151,1
1093448,0.8701004624170074,1
1032818,0.8953575660433469,1
1022331,0.7156287294020593,1
1037927,0.5046003731599371,1
1085320,0.7323472801737214,1
1016690,0.6277031148416715,1
1004222,0.8567712134817821,1
1074142,0.6648320751896748,1
1099359,0.6713257065667444,1
1094964,0.8785218628449531,1
1080584,0.8017153103565694,1
1005698,0.47358036197784453,0
1068799,0.8634626620433541,1
1067826,0.8952629399601149,1
1077349,0.7975926841400138,1
1080650,0.8393489062773758,1
1096807,0.7951964928292694,1
1005776,0.352837545669082,0
1006427,0.6885390498364473,1
1034585,0.8151482888674739,1
1043782,0.6482139761309069,1
1084644,0.7857691034720483,1
1015625,0.7951876723680207,1
1083354,0.598709742674318,1
1078827,0.8083127219744551,1
1022156,0.8531781345271815,1
1070174,0.8823433893054826,1
1003033,0.8047686247627994,1
1057926,0.4560295220333776,0
1044317,0.8637042742422657,1
1052122,0.8212968327349559,1
1019109,0.635737030500012,1
1070602,0.8371199470103491,1
1060124,0.8456893795875021,1
1033296,0.7307747284986423,1
1036953,0.8653726706023874,1
1027404,0.8944070150555146,1
1029636,0.8817080092856022,1
1015484,0.6528834488731161,1
1089273,0.8702371653486325,1
1062668,0.6586577579042621,1
1000333,0.6380399674632318,1
1087005,0.8638870430288188,1
1069178,0.8264080597284258,1
1091000,0.8189570762961479,1
1081678,0.8233405563383944,1
1035312,0.7007810290342515,1
1069492,0.8799079418708192,1
1005375,0.5056842860565858,1
1002357,0.7951881257164175,1
1008333,0.882599325214922,1
1093001,0.877368341293075,1
1043771,0.8534340536917773,1
1038059,0.38398451735870087,0
1077215,0.7990187041492187,1
1084568,0.2832169540924949,0
1028341,0.9034727638350802,1
1052006,0.8844951556918956,1
1071080,0.7495766584180116,1
1006472,0.3000446997752753,0
1037213,0.8776069262420539,1
1075907,0.6923631873372155,1
1013362,0.8024772038361732,1
1015046,0.5371965085322754,1
1018642,0.8535865457622424,1
1042381,0.6827243712955571,1
1093215,0.6254273638672758,1
1061299,0.5970057976147218,1
1066429,0.8498509321219603,1
1058980,0.8279724586347598,1
1087283,0.8527809389211777,1
1035022,0.7975529781791931,1
1027852,0.6933390366161332,1
1095010,0.644226930845299,1
1056498,0.6065360953113882,1
1096870,0.6668269604645085,1
1007019,0.6850110690568866,1
1079230,0.8131789752234981,1
1014470,0.8576013037921033,1
1033001,0.8993482894165216,1
1042194,0.8601444034342016,1
1033300,0.8505980400852052,1
1089912,0.7717430171753041,1
1079469,0.7467552869701584,1
1089085,0.7935553184076322,1
1066674,0.7455617902150619,1
1018370,0.771815537441965,1
1014026,0.8811725693782734,1
1015709,0.6469437594826691,1
1011660,0.5948549486654204,1
1078468,0.8605308992717609,1
1010765,0.6521090908203315,1
1057344,0.8860558467736057,1
1071511,0.8593613647924097,1
1073165,0.8951877261843715,1
1066969,0.5253168472243931,1
1050001,0.8487881775580445,1
1085482,0.8625581081902632,1
1040265,0.7577364843859009,1
1080476,0.8563521360919951,1
1011624,0.9017129705531037,1
1043375,0.8562598405505906,1
1017992,0.7591409310049708,1
1020531,0.705228986091254,1
1035436,0.6894066375898753,1
1082040,0.8772670877958624,1
1028923,0.6386657623608082,1
1028528,0.829945285914389,1
1086565,0.9088675355962753,1
1061857,0.8633128958534043,1
1059816,0.5130490385907296,1
1064034,0.8589274003973224,1
1095386,0.7161177289502968,1
1069356,0.7450958723084022,1
1093460,0.765611833772175,1
1031357,0.8547678292254722,1
1053083,0.8103725603816133,1
1095645,0.6792856536024537,1
1093548,0.6906359522854892,1
1042747,0.8445869731299256,1
1046663,0.7903882427413221,1
1043287,0.6621526955850715,1
1014602,0.864995111738153,1
1092178,0.4044598013425634,0
1006364,0.46072593298499004,0
1008326,0.5416158179797455,1
1080435,0.848979196363619,1
1004551,0.31755049069550983,0
1001965,0.6401330455219144,1
1061711,0.6911400350179857,1
1081000,0.6928051797651185,1
1078069,0.8320595280215547,1
1077766,0.8533136783635206,1
1063786,0.796870292014345,1
1016107,0.9051430283265858,1
1098575,0.8118554505200821,1
1019272,0.8309255840286928,1
1056617,0.4838591268447923,0
1082566,0.8604747889234641,1
1026665,0.8567028078908423,1
1064754,0.8671623249699675,1
1052754,0.8251415468480918,1
1095336,0.794080480884056,1
1087204,0.8322394301389852,1
1079754,0.8703893626264894,1
1038477,0.6481492190011618,1
1037405,0.8569538785900972,1
1018238,0.3401635536576906,0
1026935,0.8597714521228513,1
1035445,0.7946168840418886,1
1086772,0.7132972802752038,1
1096270,0.27612189195720105,0
1094716,0.8779100614683543,1
1069343,0.8542610909856655,1
1089147,0.7874737186997418,1
1047129,0.8050338427135786,1
1080027,0.9038424397395854,1
1027060,0.8736178839166656,1
1018816,0.4991272250025518,0
1043871,0.813331457019564,1
1052594,0.8411389661768672,1
1067135,0.8308403339256942,1
1098333,0.8677009121568188,1
1046981,0.789130586044895,1
1007156,0.5723782838547976,1
1025861,0.8315936298089236,1
1038395,0.7278414288761836,1
1079878,0.6005297206604169,1
1093485,0.843867360351307,1
1088321,0.8816279093620019,1
1083577,0.8645992431912854,1
1032349,0.8527486983846372,1
1068641,0.8469237474205153,1
1005619,0.58595012907386,1
1034748,0.8219136772152205,1
1080179,0.7421846487432331,1
1037858,0.876203825037107,1
1034385,0.8773620286657555,1
1085819,0.7364453531740545,1
1037121,0.5706149633350556,1
1078500,0.638363509656604,1
1033812,0.9047651177706647,1
1037093,0.779221801739771,1
1026050,0.6661551287052453,1
1080925,0.8425523097373154,1
1064340,0.5854605192490514,1
1011216,0.7900412115448072,1
1058760,0.6445311015019057,1
1021768,0.8001516345600099,1
1042341,0.7552535496140035,1
1083298,0.471366204956792,0
1078270,0.8417825751154367,1
1006088,0.7023670533092201,1
1041577,0.8523660533083923,1
1018795,0.8699870440679149,1
1055938,0.8741727498785765,1
1051784,0.8523754738006343,1
1094329,0.8348714054460936,1
1067609,0.7578383757559872,1
1081363,0.7976307612528588,1
1078693,0.7573904761075271,1
1027473,0.8506557889533294,1
1007762,0.8227007428524464,1
1071579,0.851301481892273,1
1085374,0.7655076022147186,1
1049367,0.8279172971003003,1
1033931,0.7932468595224562,1
1087436,0.8163743934386766,1
1078188,0.8692504436711854,1
1024932,0.8779475128571431,1
1041711,0.889454543412888,1
1025352,0.7504987604412522,1
1044532,0.9052411328174544,1
1087453,0.7859697022467651,1
1070987,0.8441423705114369,1
1068365,0.8754358322186879,1
1013519,0.8535268673254138,1
1073980,0.8507180967997858,1
1064984,0.8772677321061257,1
1002030,0.5589924099145498,1
1043015,0.8781159767607484,1
1050505,0.8583023362579197,1
1085233,0.8252922132987546,1
1083458,0.8243492382103264,1
1006295,0.8789762204527426,1
1039025,0.8368069023361837,1
1093458,0.8801025912688647,1
1021710,0.8283819834370498,1
1097934,0.7131378685019903,1
1076536,0.8873402451717953,1
1022470,0.7041629407314114,1
1072867,0.7138724421077955,1
1003544,0.5255457351060696,1
1085532,0.7959956332102804,1
1032944,0.8822732396364482,1
1034371,0.837518976928219,1
1043371,0.7906712286535301,1
1004451,0.6203187825802416,1
1001221,0.6414704953316176,1
1042496,0.8363925693445703,1
1089795,0.7783206049951916,1
1036412,0.7827535228260353,1
1026400,0.8247844964446024,1
1017554,0.4933902537827727,0
1032746,0.8672427094946277,1
1089741,0.40630046159992367,0
1074859,0.8832283591881263,1
1065531,0.6491126293163343,1
1053467,0.8763157194606498,1
1069372,0.8664121084722883,1
1092943,0.7633474467871469,1
1050112,0.845508728786726,1
1076553,0.31258526297697387,0
1023887,0.8825002710698143,1
1098234,0.8409482196104069,1
1076307,0.7992770686156425,1
1029928,0.8300700125562379,1
1088810,0.6918348026162451,1
1049087,0.8642605597221079,1
1055578,0.5690584263020092,1
1097418,0.8967728695517174,1
1024231,0.8073521528925721,1
1032219,0.871390820428416,1
1069144,0.8189903895945551,1
1081959,0.7911128855562076,1
1042048,0.8465221748023399,1
1084596,0.8446472411076668,1
1007766,0.4557599304521732,0
1056752,0.34719296836262736,0
1049895,0.8478530686782629,1
1078883,0.8109997803765769,1
1090672,0.8164155533187915,1
1010687,0.6735623042950396,1
1012338,0.8541677829069515,1
1062861,0.8613304042080671,1
1079142,0.7848357901234223,1
1048153,0.6035090588596266,1
1018538,0.8863667612775581,1
1051213,0.658895529477995,1
1083313,0.8239559722959758,1
1006599,0.8537620455277897,1
1088121,0.8636133988201228,1
1005582,0.62761816719115,1
1027270,0.8960437023257332,1
1058312,0.7990315505075276,1
1092605,0.7632876090148215,1
1059947,0.7079665213480474,1
1075936,0.8517984261317937,1
1076609,0.8602856903282152,1
1093238,0.8670713544293144,1
1077409,0.8288454348498262,1
1031489,0.7635504595726268,1
1036308,0.8980900692778856,1
1082666,0.8184871844644884,1
1032094,0.8186630284211458,1
1021334,0.8874273193059847,1
1023132,0.8856216965807973,1
1024459,0.7998612638995409,1
1021236,0.8708323136869376,1
1041998,0.5992163030870131,1
1020479,0.7955462892245951,1
1052808,0.8820850513040247,1
1045946,0.6250473579499174,1
1061553,0.7021142424021176,1
1082893,0.7368549904894431,1
1096296,0.7391101332305736,1
1009533,0.8370560934547031,1
1066444,0.8399611423042365,1
1017780,0.7440896576119248,1
1068494,0.8817831864968485,1
1069283,0.8208448165738157,1
1015312,0.8820110263323264,1
1065703,0.8812365679757063,1
1014036,0.8217414688693052,1
1051160,0.6730414136135222,1
1082778,0.8509219002076511,1
1029443,0.8252350664717539,1
1097958,0.8485326955410739,1
1095894,0.7438351396312558,1
1015920,0.6158447460281132,1
1057279,0.8764784184554538,1
1074738,0.8493111099182133,1
1037332,0.8528066159594959,1
1024505,0.8651080480575137,1
1043494,0.7987660509961496,1
1033621,0.8063339248256786,1
1004566,0.4382307089919901,0
1097235,0.7367186239583625,1
1081439,0.7929513500550757,1
1000269,0.8076801307236238,1
1010881,0.40129587996311394,0
1048739,0.8879354661700132,1
1080960,0.8156591836451573,1
1055946,0.8199153103509892,1
1095708,0.3706970069233137,0
1037440,0.84173800090966,1
1073796,0.8701798907550843,1
1022740,0.6630961220092173,1
1083511,0.8858142048164507,1
1014148,0.7078983652230159,1
1098901,0.6384675078672266,1
1052371,0.8591996732421544,1
1015913,0.6547748310328289,1
1003864,0.7181714906899271,1
1038177,0.8471165719874696,1
1046424,0.8152976369114548,1
1033518,0.8245952887477817,1
1096128,0.7801459679620127,1
1087543,0.848773213918713,1
1080454,0.8013132779988653,1
1035744,0.8607996397975903,1
1029576,0.8243403095830514,1
1087287,0.6323745346247481,1
1074311,0.880556562395455,1
1014325,0.6449448132750725,1
1040021,0.8575818078859078,1
1043070,0.8274292377191782,1
1033349,0.8514816681937282,1
1093722,0.8471503900754059,1
1036459,0.6029877739186859,1
1070873,0.8389082492089398,1
1092022,0.8251599607261247,1
1082600,0.8656669552654084,1
1046246,0.8078780301264976,1
1032386,0.8251776189027232,1
1068253,0.49390636575280356,0
1043145,0.8507697029866496,1
1067185,0.8371566051969895,1
1017768,0.4668156960399666,0
1074776,0.8762719212686093,1
1064486,0.8248225438507439,1
1009798,0.9004953203075894,1
1097570,0.8049318635219747,1
1068683,0.8999903875265741,1
1074910,0.8178279106189941,1
1067068,0.7614034674749878,1
1035423,0.8593429994998146,1
1077076,0.8624193273264088,1
1008457,0.5942739042549062,1
1087920,0.6808469960755854,1
1068378,0.8417464864941877,1
1095452,0.8725022536088232,1
1046732,0.8791524434282361,1
1019086,0.45825655390906816,0
1090195,0.8906499634892407,1
1060098,0.8013546197419815,1
1099286,0.7153576611657662,1
1001740,0.7998907051798785,1
1025856,0.8122137128972958,1
1022534,0.812702521338294,1
1014854,0.5821143178089453,1
1052418,0.8460120718124962,1
1057225,0.8822700266674486,1
1027367,0.7341965285906283,1
1083603,0.8412639511571426,1
1051910,0.8872498343484841,1
1018173,0.5935354962237541,1
1068640,0.6527519703866626,1
1001079,0.624426041792385,1
1022833,0.8781206316635148,1
1009255,0.5047578785353872,1
1079897,0.8437012409208627,1
1001181,0.5622474286428323,1
1045511,0.8667591213115998,1
1071527,0.8334643882254887,1
1093365,0.852469879274968,1
1098258,0.8455541979847027,1
1016557,0.829251809834541,1
1087249,0.7490123495804233,1
1048191,0.849907193457814,1
1001846,0.5551996513374634,1
1065972,0.8432491914567247,1
1025007,0.752900565572068,1
1056349,0.8397791936377235,1
1081062,0.8595314093593128,1
1078276,0.8395258003671138,1
1016106,0.44336664197729964,0
1039937,0.45825581636564644,0
1077947,0.3734548699501869,0
1048655,0.8911884261824784,1
1042657,0.7415964206721597,1
1048682,0.8626939726645513,1
1084657,0.8880589175928904,1
1068809,0.8699625916078685,1
1063599,0.8630799891960831,1
1052283,0.8395739311865137,1
1049118,0.6654081224525942,1
1046256,0.7928645555312422,1
1005091,0.7267528890753483,1
1053984,0.8185220794898045,1
1089416,0.867024382739374,1
1012239,0.8457930636107437,1
1025533,0.6315192242793671,1
1044793,0.5273852843042716,1
1040210,0.5061937468228399,1
1070988,0.6387452853800099,1
1011542,0.8650139297665134,1
1060264,0.8208818898731083,1
1042465,0.8300743116382875,1
1095932,0.8603051106940652,1
1029212,0.8788253104395644,1
1068674,0.8825714365264661,1
1015375,0.4716721965931349,0
1061831,0.9018616946302431,1
1049052,0.7306876328473736,1
1035817,0.6606453885070311,1
1077477,0.8224143234240162,1
1089087,0.8576090856743702,1
1027239,0.8664001234984386,1
1043945,0.8342507347271131,1
1018663,0.7830939541040124,1
1011531,0.5417022227529096,1
1000591,0.823587486615057,1
1004085,0.5954937250825171,1
1093671,0.8810465567600482,1
1009915,0.8361122624730002,1
1037240,0.8740630437601412,1
1045567,0.5879720105093362,1
1006980,0.6189044017903771,1
1029999,0.8204114301805109,1
1004155,0.8460185091906852,1
1097990,0.8138821092533083,1
1046704,0.8693690855842311,1
1090610,0.865954183661237,1
1082891,0.8327198555437202,1
1073592,0.8679498341329495,1
1018429,0.4365054805760566,0
1077781,0.8641168638885562,1
1069338,0.8698845431227553,1
1081981,0.8711464751266381,1
1004128,0.8739515242740813,1
1063841,0.8192672879598174,1
1001345,0.4988157643843101,0
1038100,0.581542885423147,1
1036072,0.8337855850475692,1
1002065,0.8925574726550353,1
1017327,0.5928862794258241,1
1060479,0.7369158732886361,1
1049830,0.7276810117381046,1
1070432,0.8785970012062416,1
1073352,0.8578207881503888,1
1036866,0.8690771965277895,1
1053084,0.8234593297696278,1
1042972,0.8263887745870416,1
1054516,0.7831722644391821,1
1083139,0.849496964998502,1
1040931,0.8464090711076876,1
1095125,0.5243607548367579,1
1084387,0.8832290558793492,1
1084590,0.7669309146228073,1
1070442,0.8391811133466487,1
1050743,0.8632772606503578,1
1083645,0.8137393157262026,1
1038724,0.774810009167572,1
1068777,0.6477989051739973,1
1001256,0.5230643872111698,1
1096161,0.4704171913057602,0
1032136,0.8413487888565917,1
1099819,0.6762584511324333,1
1099367,0.46996851536840056,0
1046904,0.7420841470925799,1
1006177,0.5595160324445143,1
1006723,0.7953358737614838,1
1050007,0.8516440891003432,1
1013076,0.6555023614814898,1
1062636,0.8826029473314215,1
1097646,0.3217597252206366,0
1057032,0.7970899758436446,1
1080709,0.8528742153412066,1
1085581,0.5325753745440093,1
1007592,0.5564292013423953,1
1021250,0.8853492594215348,1
1043158,0.8531671517964138,1
1082065,0.8688846886255686,1
1005568,0.5575551686738254,1
1066270,0.6020990285836648,1
1011427,0.4541613353065118,0
1079577,0.8029157962853839,1
1007822,0.5530347119221557,1
1023967,0.8445194862367228,1
1000848,0.34292590671716705,0
1051501,0.8275747116588117,1
1045288,0.8362868870745964,1
1094867,0.8330457526724294,1
1096942,0.5107430997446958,1
1026983,0.6245285442650951,1
1025651,0.9085966258204285,1
1017478,0.8081448740989552,1
1048562,0.8872663043566557,1
1047204,0.41250467408522035,0
1000208,0.7306727577744128,1
1083536,0.8647082746385798,1
1011128,0.5596361708212202,1
1056971,0.8743010028130664,1
1055101,0.8143091028857741,1
1001738,0.8148407278719844,1
1038257,0.719865421186989,1
1056927,0.5131688159279935,1
1052169,0.8714117279177702,1
1073324,0.8071347630251237,1
1052618,0.8401895905865321,1
1065000,0.8430409487743739,1
1080525,0.6947733603489922,1
1000148,0.7802803034428673,1
1013366,0.5978110613412446,1
1024153,0.8600745138586784,1
1096490,0.8779752989957497,1
1006733,0.560306547423318,1
1047055,0.8376439407794594,1
1036762,0.8660836958089391,1
1008642,0.8326538777938705,1
1055853,0.7613678029612763,1
1077033,0.7698257440322257,1
1019559,0.8101961382907862,1
1002973,0.6029853721035189,1
1056208,0.7591186692233962,1
1004468,0.8269387285969371,1
1070317,0.800442315164979,1
1027074,0.8322389390587233,1
1049574,0.8381737208558617,1
1024903,0.7442933715739642,1
1097904,0.40338572133813483,0
1057978,0.7686156769596332,1
1045903,0.8567594583804741,1
1024035,0.8336232492092172,1
1009483,0.7394064566299959,1
1056650,0.8522795764367652,1
1034898,0.791257361511539,1
1070520,0.7788062219664754,1
1034579,0.8178705770857685,1
1094564,0.8320335475641298,1
1078340,0.8494222278115832,1
1094404,0.8306398787411958,1
1001937,0.5012901183753459,1
1057564,0.896149833044864,1
1060290,0.8138916134703927,1
1072410,0.8465052741845288,1
1082331,0.8788182277082103,1
1067795,0.8626294608664403,1
1007434,0.8791814703470817,1
1044009,0.8531559639839515,1
1034533,0.8921655947814694,1
1066506,0.8085229700554528,1
1034039,0.7877558853628759,1
1080654,0.8073291699339692,1
1084072,0.8022978367746848,1
1077264,0.8742962506693303,1
1081634,0.8358244002225028,1
1048036,0.6542811438243413,1
1084252,0.7473774014202842,1
1010668,0.584818811450799,1
1075483,0.7888809031923462,1
1091995,0.8217595443064961,1
1032255,0.8871018997552756,1
1022946,0.8800246317947262,1
1022822,0.8463544016825882,1
1090140,0.6468857887861488,1
1040621,0.9043173949615625,1
1086577,0.8513487898966607,1
1058767,0.8311491062612439,1
1085303,0.8195046066182782,1
1010916,0.8681614121005216,1
1020049,0.8667654487174268,1
1026003,0.7226600755445431,1
1096079,0.8107434270438884,1
1060756,0.852934840491547,1
1020042,0.8540622482796362,1
1098449,0.7750022525310124,1
1048063,0.7696219357606852,1
1088548,0.7760548364761195,1
1074272,0.6867531424413781,1
1082114,0.66673692712349,1
1011970,0.8540041763377415,1
1003850,0.41146584627488425,0
1062207,0.796589083189967,1
1067223,0.8445818659069346,1
1096188,0.7882349507160101,1
1026752,0.8341831414990114,1
1040176,0.8051153703502052,1
1016768,0.7023092236917833,1
1095445,0.7297566554534576,1
1071856,0.7496310286309941,1
1051976,0.706315218175326,1
1004384,0.6192617238415208,1
1027687,0.8773833267315269,1
1031303,0.8503052736506835,1
1063379,0.7744034787813684,1
1093104,0.7865280648423593,1
1071122,0.87458585045743,1
1020463,0.8419528645915416,1
1062832,0.8627616636674723,1
1068878,0.8440551048884009,1
1097134,0.8849286003952828,1
1015646,0.8344081567311242,1
1064284,0.7851275292865885,1
1076688,0.8775110102462055,1
1029225,0.8107335762245436,1
1081241,0.815442499627762,1
1001812,0.8616051549844279,1
1096546,0.5296523879784929,1
1080052,0.8735688879112188,1
1007289,0.8426538129605242,1
1014734,0.6293602304348231,1
1032179,0.8801698517625239,1
1007435,0.6479741761567149,1
1003844,0.5961148656901404,1
1039694,0.8382447167216098,1
1034923,0.8034730898585145,1
1058583,0.8453292377484452,1
1013307,0.6338404440053566,1
1094210,0.8537823197872388,1
1069462,0.8603301119920297,1
1051454,0.8680462549254737,1
1042449,0.6649473327101046,1
1032321,0.8647023832460802,1
1055121,0.6139578790200743,1
1052521,0.8302094736157095,1
1011450,0.5878608217248301,1
1070794,0.8431303178663904,1
1042485,0.856444312812145,1
1031945,0.6542578472032258,1
1049484,0.5153747122261234,1
1003354,0.683962805699872,1
1001478,0.41185056216388405,0
1040324,0.6154577903463206,1
1092000,0.8797444287390672,1
1073871,0.7487467471807684,1
1087449,0.8853992716333632,1
1003587,0.7691442463993253,1
1035237,0.8666809590721672,1
1091953,0.6403177089995903,1
1094943,0.6843230102283581,1
1077429,0.785824344527807,1
1043385,0.8691075962928682,1
1016712,0.8919766487899655,1
1051894,0.7878052818841816,1
1039419,0.818746114461466,1
1009291,0.6282736903753361,1
1095225,0.7228748657963,1
1073402,0.8835935091810491,1
1044914,0.8888164981134347,1
1034241,0.8850811642639348,1
1051430,0.6030204062944108,1
1083172,0.8594368048379709,1
1032043,0.8282172913751465,1
1085556,0.7833663879744629,1
1057131,0.7950850367876988,1
1090588,0.7587196485400871,1
1006463,0.5555583847406445,1
1034386,0.752909492882414,1
1017541,0.6195938797538957,1
1087689,0.8250657321455747,1
1018396,0.6687267690068962,1
1026549,0.8326684564808252,1
1024914,0.6638406000314031,1
1018016,0.6978524163942332,1
1043356,0.78812908871133,1
1060904,0.8890818559432946,1
1091162,0.7731427596931784,1
1085794,0.797055829542587,1
1056606,0.31199455831130185,0
1099238,0.7870610380676817,1
1063006,0.7895048284201523,1
1025110,0.684421563127074,1
1098650,0.6711797572306585,1
1050470,0.7981363977366047,1
1017065,0.7450409829043487,1
1059609,0.7904048671563002,1
1088094,0.7006394626197383,1
1039708,0.7524754193533759,1
1059528,0.8721032866039463,1
1099072,0.5259916721876042,1
1033423,0.6558723337135,1
1001531,0.5599909863656239,1
1089322,0.32642265747366245,0
1042079,0.8144354202211597,1
1018876,0.861096839060881,1
1073141,0.8249280331685857,1
1044146,0.3929784780288221,0
1093694,0.5358486434875734,1
1082296,0.7670967370369329,1
1064058,0.8614878687714024,1
1061700,0.8760710851922344,1
1058659,0.9089464160945285,1
1069702,0.8772140966450568,1
1064413,0.8636147830629888,1
1092734,0.8171474560892611,1
1030581,0.868280396505623,1
1083398,0.8487229614123841,1
1028751,0.8024262854048935,1
1037438,0.7196290147814437,1
1073783,0.8683002200054893,1
1050758,0.7968558439079967,1
1013312,0.8469109222583805,1
1011396,0.6194218421360748,1
1050820,0.4278788875054,0
1036652,0.8037533560289982,1
1078139,0.8566548500601884,1
1034729,0.8525371266538415,1
1087140,0.8492495340367,1
1069066,0.8758710573368287,1
1014745,0.8840571070210355,1
1080888,0.8701267035695384,1
1057371,0.8982253019270312,1
1048409,0.8328737703291412,1
1002068,0.651822571638774,1
1040526,0.8223508997384081,1
1008949,0.8874742858832786,1
1080560,0.7590365069436483,1
1072549,0.8726401561603323,1
1047094,0.8748960448932841,1
1073710,0.737200280741962,1
1062800,0.8391382855064302,1
1041518,0.8553133685146148,1
1064195,0.7647391299681325,1
1079186,0.8296120190117573,1
1018419,0.534914575072621,1
1038157,0.9003304306371364,1
1002054,0.857336782384173,1
1091038,0.886130455135776,1
1021721,0.8603377499019883,1
1027477,0.7828126682010171,1
1006564,0.5411296296878151,1
1012558,0.7985800344220568,1
1043221,0.8651595979805498,1
1023266,0.6886852673620005,1
1086377,0.7807058828390473,1
1012343,0.43369975876831185,0
1043201,0.8835178238918318,1
1005335,0.3366827370785051,0
1083307,0.8461885824679932,1
1007443,0.3306778533222122,0
1051778,0.8355532897069641,1
1004266,0.5203774176050096,1
1024131,0.863414112745805,1
1097224,0.9011906789215525,1
1031059,0.8126284175023958,1
1085909,0.884705785660696,1
1086962,0.8832869751250637,1
1035913,0.7207588916118993,1
1004922,0.5704317284608702,1
1013511,0.8258247857503582,1
1042038,0.6248224293686135,1
1020604,0.860878246268368,1
1082059,0.832227911844769,1
1059067,0.8565131273692052,1
1017398,0.5261402987164236,1
1050147,0.5533844715055036,1
1041683,0.808177179115683,1
1070365,0.4899407593105937,0
1095409,0.6271478395100737,1
1028677,0.4959923031842792,0
1038678,0.6474226613959378,1
1037306,0.6494127247003295,1
1096025,0.6653428587884063,1
1022634,0.8245761003415594,1
1064319,0.6280535489911564,1
1033023,0.8802051178998685,1
1068248,0.7908846474303738,1
1021235,0.7022566767697295,1
1094821,0.8777329821308473,1
1027298,0.7677298977185272,1
1069054,0.8636909760105463,1
1049682,0.8020582490311468,1
1099889,0.6017920132275462,1
1059799,0.33557179731810755,0
1041708,0.6989001454775503,1
1055953,0.8224983341230108,1
1036484,0.8632080743009962,1
1005485,0.7109845128249045,1
1091347,0.7047071186838129,1
1076278,0.818147329276715,1
1037477,0.8138056189322934,1
1097093,0.7737979480972395,1
1069653,0.8561012936839332,1
1048886,0.8906488057737281,1
1077679,0.8388700473122765,1
1011390,0.6466086174631371,1
1058476,0.693966153630056,1
1047268,0.8409113109527236,1
1007511,0.7288358584124961,1
1073566,0.8148778471270539,1
1075759,0.8180027984918544,1
1061243,0.863530107847673,1
1004477,0.8292716454461831,1
1051121,0.8610616756597529,1
1068287,0.7133409187241427,1
1031636,0.8453359376468841,1
1090403,0.765005466927243,1
1032706,0.8351390374811426,1
1037602,0.8089410351015363,1
1045834,0.8104708687497892,1
1076758,0.6426627128868382,1
1030994,0.8386787068980697,1
1091167,0.8692089668141008,1
1063231,0.8187430618270103,1
1001731,0.44033281345522957,0
1053791,0.5576698461714761,1
1091796,0.8569849947653791,1
1056359,0.5846786576316667,1
1088676,0.6570103618299404,1
1056552,0.746211334142624,1
1021759,0.5962235162661985,1
1015599,0.6732413084793645,1
1083192,0.8117982518642092,1
1071695,0.7547401996075885,1
1099138,0.6090805996455166,1
1077279,0.7533264055409687,1
1053605,0.8714369118906192,1
1077986,0.8197946253831909,1
1039842,0.6612618102289335,1
1087748,0.8596091993898711,1
1064441,0.5141099781156446,1
1096985,0.8531320083259804,1
1070889,0.6067769006503727,1
1088903,0.5165496824554885,1
1031015,0.8629577960844127,1
1012748,0.7222014172560947,1
1054160,0.7859308984364864,1
1038661,0.8726881185803553,1
1006167,0.7193421886249128,1
1065893,0.8554958901442961,1
1054487,0.8052524016453636,1
1072836,0.8326391716957782,1
1073700,0.5383786745917378,1
1049298,0.8582483035576726,1
1067486,0.7917192026711358,1
1056610,0.832743159601659,1
1027402,0.8675767134853026,1
1008206,0.9027198995662818,1
1098752,0.6600426864151516,1
1040819,0.5081306523579835,1
1065509,0.8360285955861787,1
1005373,0.554312108286015,1
1024503,0.7979377306955013,1
1061107,0.9090909481511297,1
1085917,0.8654944638104767,1
1054113,0.8581434613308477,1
1070090,0.6650316650430586,1
1083841,0.9042025374810857,1
1058063,0.7590552329610116,1
1076813,0.848298759176977,1
1096892,0.8388974572672637,1
1041061,0.8309440942814085,1
1092576,0.8034582595079341,1
1060171,0.8182664238194927,1
1042257,0.5891452641064402,1
1092110,0.5098769876386449,1
1070127,0.8900336903133513,1
1055483,0.8030089579097016,1
1032657,0.8803822195516859,1
1042686,0.7965569121640387,1
1017969,0.8159103493356334,1
1013220,0.8324309149299385,1
1003380,0.6495355268503684,1
1045500,0.8673328809488845,1
1083364,0.7257921664809842,1
1038051,0.8413717103847852,1
1000045,0.4918245614238917,0
1032691,0.7770839354164033,1
1092572,0.8069984686738789,1
1022638,0.8204597291572986,1
1082677,0.835978535375628,1
1009509,0.39238122945789333,0
1069424,0.898681940239116,1
1051822,0.8361926503505429,1
1090343,0.5480928076836796,1
1094879,0.6699884562308136,1
1064518,0.8135591575930758,1
1053038,0.8690079323897385,1
1057775,0.8358038910417351,1
1066301,0.5701557246954884,1
1023647,0.8538294080339667,1
1044119,0.8494928156404417,1
1002837,0.6065046305959202,1
1094145,0.8740731796525958,1
1037380,0.8081426544582504,1
1011170,0.856878899870697,1
1032336,0.8987350790622947,1
1090344,0.7835024911544024,1
1052272,0.817460477922292,1
1087791,0.7933822497172233,1
1018296,0.5531983672398396,1
1038929,0.8271951752659543,1
1049650,0.5144512372221132,1
1031845,0.803481755255269,1
1064839,0.47761722735036194,0
1090577,0.47366925818194455,0
1065386,0.8361486461763386,1
1069668,0.8647297379329291,1
1054539,0.69229212309695,1
1070908,0.8887403595725163,1
1063441,0.8872688889675697,1
1018301,0.4813865226272526,0
1013649,0.6725629097412479,1
1021472,0.7661086380787563,1
1050350,0.6527822057810936,1
1066326,0.562980338836403,1
1076576,0.8440326892438458,1
1093570,0.6223946325619477,1
1015852,0.6267335806370089,1
1051350,0.6620436389799335,1
1017212,0.5682215996612138,1
1073482,0.8793627020200536,1
1008296,0.8485244208059348,1
1093378,0.4390227427358719,0
1093110,0.7359149270555602,1
1059578,0.8516756680455981,1
1099561,0.6598980178102684,1
1020000,0.7371786181990375,1
1000220,0.6853596769063792,1
1023732,0.7538517480659152,1
1063601,0.8472064684759865,1
1027599,0.8389034376832164,1
1042623,0.6871577943893674,1
1010705,0.8417570219320517,1
1012548,0.8523407995811872,1
1018584,0.8014502416025135,1
1082380,0.8141955917837399,1
1047736,0.8546910706289653,1
1096667,0.7100416020622212,1
1023091,0.8225773796357907,1
1062170,0.6405532890792177,1
1015387,0.6394756658632158,1
1096524,0.6475792711917747,1
1027475,0.817477401013202,1
1067421,0.7560155058673527,1
1053250,0.8702083542297362,1
1067459,0.8630780055961007,1
1036738,0.8590393520894801,1
1093920,0.723520878556918,1
1095744,0.6716572145319365,1
1066810,0.8683389238480322,1
1076902,0.8101172807511828,1
1059374,0.8673948639904888,1
1056664,0.8254302725955707,1
1078686,0.8277125866004971,1
1019622,0.8331190459131348,1
1013255,0.49127624082935867,0
1096718,0.7458423307227434,1
1015303,0.8709729382983132,1
1031805,0.8071376939000624,1
1015042,0.6946943223063213,1
1026720,0.8426899689576578,1
1055847,0.4351290123664435,0
1050881,0.7670531320556553,1
1070694,0.8273353493335399,1
1026371,0.6950081962971172,1
1033826,0.8334119591375313,1
1036997,0.861981402427067,1
1023766,0.8953036186303113,1
1064900,0.8743615714210976,1
1033063,0.906547285551486,1
1022690,0.5677524427846607,1
1030232,0.8173118388867735,1
1022084,0.789860286531893,1
1069710,0.8145785899076446,1
1042448,0.8616973670176048,1
1030901,0.8819555711218626,1
1068915,0.8905027054184361,1
1050028,0.8126691752311304,1
1024139,0.8089035236517497,1
1040204,0.539607675745489,1
1051821,0.8985475484002945,1
1047473,0.8364652467931095,1
1075680,0.7573731639241147,1
1019780,0.8146564928097465,1
1025824,0.8121272123560361,1
1019135,0.8152274208348073,1
1071362,0.6190859309942255,1
1096164,0.885601565015424,1
1066909,0.8262707759605517,1
1070426,0.8660566659391945,1
1047848,0.8179046383013395,1
1029858,0.627944620303577,1
1076550,0.7948384231242034,1
1054309,0.716692988174894,1
1054239,0.462961048477408,0
1087806,0.8517996388698202,1
1051040,0.874216028812025,1
1036237,0.8212941549372228,1
1031288,0.8430935857926768,1
1011541,0.7238788125605979,1
1025177,0.7547977162614107,1
1003843,0.8089177408164515,1
1011279,0.8791626354105258,1
1054670,0.8093240822767388,1
1022695,0.8330191425214855,1
1084371,0.8496087869193456,1
1061015,0.8324361826371797,1
1036083,0.7348026719322311,1
1083480,0.795880796765838,1
1097319,0.7287980645445425,1
1020842,0.8680484794190776,1
1018806,0.8456305012221779,1
1025792,0.6232722026115278,1
1061458,0.8391362433286826,1
1008848,0.853495242366433,1
1020514,0.8945592585755494,1
1083379,0.8247716569817688,1
1055123,0.7995475567515987,1
1054683,0.8663190964870411,1
1048099,0.8806306806182327,1
1001054,0.6078605022873695,1
1010221,0.8642053048045382,1
1099381,0.7138062643330764,1
1089153,0.7893016095497133,1
1090158,0.8519566833304595,1
1069983,0.8517739609663627,1
1002593,0.6993102314208354,1
1014385,0.30231932345644064,0
1039233,0.8489661190291162,1
1000716,0.8658715653753994,1
1099149,0.6963847645136179,1
1085309,0.8304435479478185,1
1041044,0.8229655316553389,1
1079389,0.7851845339807305,1
1061423,0.9046518599881328,1
1028425,0.7818631073628709,1
1034048,0.7651857142466835,1
1087551,0.6771392275264793,1
1001568,0.6461370728614669,1
1067326,0.7258310321861456,1
1097710,0.6214985311354435,1
1056246,0.6969821371528082,1
1037801,0.7962069853874905,1
1060340,0.8332000121073654,1
1015330,0.8277873409047969,1
1090819,0.7095729106119287,1
1028700,0.5568748787143205,1
1046644,0.8252795888260485,1
1036112,0.8532618992382968,1
1098733,0.48123545596506195,0
1096247,0.7130931854240745,1
1063876,0.8598404663618858,1
1095265,0.7214816694946671,1
1023888,0.7549870243765955,1
1028789,0.8036674719582421,1
1032089,0.8652473760709202,1
1070401,0.8744452307024887,1
1047141,0.8568074100853026,1
1009691,0.539491557773737,1
1030756,0.5763333072404876,1
1052124,0.8021849481069471,1
1051963,0.8310016478025487,1
1068596,0.8224684236060671,1
1051220,0.8896898967306026,1
1084865,0.8771058358225082,1
1063212,0.7601915679571706,1
1005117,0.5337059351000895,1
1025391,0.6680596572295646,1
1043877,0.8617384186272296,1
1050154,0.5413927649243923,1
1006701,0.82317230327249,1
1026722,0.8642576030231897,1
1077541,0.7859607741298876,1
1015840,0.5247887343774373,1
1066315,0.8809469127678378,1
1005453,0.7778517866637675,1
1097657,0.8181853657644881,1
1025739,0.5379980241431008,1
1025484,0.5691387812226345,1
1042184,0.6574685462820952,1
1045630,0.3397622245075372,0
1058034,0.7796921131018417,1
1082870,0.8411705386484949,1
1033838,0.6127085024904853,1
1061457,0.8809441499523255,1
1000048,0.3844862062719098,0
1082324,0.840700588351818,1
1006936,0.8585728885120574,1
1004913,0.8565283818550042,1
1006228,0.6013557550963491,1
1013448,0.6664899515329452,1
1069985,0.8387897967449202,1
1037675,0.8412566767479417,1
1017927,0.39850557946506937,0
1082480,0.881152901518451,1
1097846,0.7480495919930095,1
1008185,0.6625503879860296,1
1048230,0.8600515062775643,1
1098308,0.6729207168180451,1
1054666,0.8545844371083808,1
1046971,0.6150011873047974,1
1000258,0.379467982261092,0
1040080,0.4874720762462655,0
1097730,0.19834809157912126,0
1023101,0.8564381959460287,1
1036021,0.8796197833584875,1
1084964,0.8680060311125851,1
1088530,0.7594693146887413,1
1015526,0.8918070683601144,1
1009171,0.37697382715223765,0
1052445,0.8668530847169047,1
1082767,0.8007295830755483,1
1018027,0.7954795576518429,1
1083363,0.8438116406598055,1
1019157,0.8776535876816174,1
1028599,0.6095911774152843,1
1075385,0.8725979769174697,1
1096841,0.6867250693441332,1
1024741,0.8128477064785691,1
1072259,0.7492936557620865,1
1001979,0.5369908960962771,1
1006352,0.5912567390948064,1
1066591,0.8206343545691415,1
1037343,0.8029185623247054,1
1075349,0.6929215921701464,1
1056504,0.8661894537209436,1
1099880,0.633203982084302,1
1040824,0.8130059899510856,1
1027985,0.8735372859735071,1
1099442,0.8377113738140493,1
1006809,0.6382991866210282,1
1012140,0.5242678780922116,1
1032242,0.7212979470218832,1
1095188,0.3689130349682509,0
1054426,0.541558002927187,1
1077062,0.8398016459296648,1
1014344,0.5374100267917709,1
1006927,0.6126075783623622,1
1089543,0.8712022075540876,1
1018020,0.8559203755173,1
1035020,0.8564382101233617,1
1002603,0.6660194290881586,1
1023313,0.8494027632560048,1
1084530,0.8337588723400629,1
1095668,0.8577019379592477,1
1018489,0.8447192285162665,1
1027671,0.6519516585176927,1
1015317,0.3952526834742993,0
1057673,0.8337612342661938,1
1092469,0.6048202592323425,1
1015356,0.6359483297914481,1
1080010,0.859627656950615,1
1035335,0.8871755413651287,1
1039100,0.7794204263964681,1
1073072,0.8980950552007223,1
1095468,0.8503208066539123,1
1078817,0.8333648650482177,1
1057820,0.86477084931249,1
1067288,0.8610066669778019,1
1095658,0.6934049036584123,1
1025038,0.8634692371768583,1
1053571,0.8270009503191641,1
1044576,0.8076266458254026,1
1012152,0.8363314082446506,1
1084233,0.8512801498228189,1
1068808,0.881493500011935,1
1079798,0.8533863604138665,1
1041248,0.8839072782564137,1
1041690,0.7712978063679602,1
1010086,0.6836209591921139,1
1019303,0.8484752553000202,1
1073543,0.8964889349616185,1
1053782,0.8649713138585445,1
1025208,0.8192943603113184,1
1077382,0.8255192026055438,1
1093617,0.8557953480936124,1
1076806,0.7790344002299935,1
1086944,0.6097840209579078,1
1046895,0.8128986090988615,1
1041930,0.8714234190363948,1
1097961,0.6319301057571609,1
1041138,0.8129908525551442,1
1080446,0.8260202856264589,1
1089928,0.8085893374490297,1
1043954,0.8418435488329847,1
1089755,0.8519166889950724,1
1033554,0.8006704208376008,1
1061428,0.7983970207751978,1
1033972,0.8441676716633663,1
1048108,0.8788576293081931,1
1013813,0.8051355256864973,1
1029624,0.7995451763723636,1
1045321,0.9055789152203789,1
1004386,0.8296378268246036,1
1049130,0.8070969586955351,1
1029523,0.8905121753073005,1
1021827,0.7874228194728484,1
1012359,0.5257184028318962,1
1033467,0.8731417955844721,1
1044275,0.843702359937155,1
1041614,0.8941229711028867,1
1082409,0.6893035391522099,1
1069743,0.7188682221111685,1
1023438,0.8516051312498606,1
1073769,0.8554649469930575,1
1037647,0.8340675112577962,1
1095394,0.8522147546484661,1
1082523,0.7852108325696521,1
1024302,0.5722580018460358,1
1092238,0.7402415111721365,1
1065348,0.7633322711781985,1
1098471,0.6270341554136528,1
1043892,0.6396225208128214,1
1007388,0.49304580147205546,0
1097893,0.33206773536449213,0
1055694,0.8506983065618925,1
1052424,0.8289479023070561,1
1014342,0.7130725110564375,1
1099410,0.7131464219221073,1
1022581,0.3665808158692478,0
1019234,0.6119990826477838,1
1011610,0.773446421137513,1
1008989,0.687382229960467,1
1019779,0.7134686626627124,1
1031847,0.7915126040094953,1
1061971,0.8098348387637456,1
1086051,0.863304051877597,1
1061111,0.6633628307320442,1
1049116,0.8591081568702724,1
1002244,0.5343929250515556,1
1017826,0.6474063912739607,1
1018919,0.6222684929894605,1
1023040,0.849921840614766,1
1075825,0.8593761787701312,1
1025343,0.893353537128201,1
1061751,0.6319539769304324,1
1097601,0.8886379760472685,1
1074871,0.8433744057424962,1
1068124,0.7637849945005868,1
1050512,0.875446775064694,1
1099081,0.7481542632600294,1
1089712,0.8136648275050339,1
1010769,0.5861995136393381,1
1058020,0.8645260199155712,1
1066586,0.8388799369836327,1
1042789,0.8315954437379959,1
1077793,0.8717265086651536,1
1045600,0.8758306069203563,1
1024072,0.8462527371305147,1
1040713,0.8754341008661883,1
1081153,0.49191832089632126,0
1005336,0.465187214030245,0
1006440,0.6393636613749127,1
1066823,0.7907721450050667,1
1097487,0.8379111184535657,1
1043446,0.8475559784030866,1
1012234,0.8306224180299963,1
1096540,0.7550292418765799,1
1078037,0.8334205251563851,1
1061473,0.5159629485051871,1
1050085,0.8202477113335037,1
1010214,0.7748380009880765,1
1060007,0.7793561516107197,1
1034912,0.8188234181238847,1
1037517,0.6452641729399953,1
1075752,0.6470593019131327,1
1048291,0.6680812007338924,1
1089341,0.8732360542676255,1
1025524,0.8116052471051434,1
1031615,0.8405212175967753,1
1042992,0.8634540814029847,1
1060524,0.8216129142978993,1
1010648,0.7081441891372635,1
1064052,0.8560703216957264,1
1085166,0.8110664378327739,1
1027836,0.8192336316839689,1
1085536,0.6453023469650347,1
1065093,0.8787759688101214,1
1089858,0.8668629237105113,1
1096224,0.7264757815884372,1
1045420,0.8930756941485928,1
1051600,0.8391674101706921,1
1061407,0.9058907568615668,1
1042962,0.7232299771594587,1
1077715,0.8883943718338133,1
1018131,0.5937640346122021,1
1020871,0.8644932435422781,1
1058936,0.8885032470671594,1
1072688,0.24388426049207973,0
1099295,0.845960578123418,1
1050095,0.7326647547793521,1
1079997,0.8730625671518782,1
1086642,0.8246169682912823,1
1020469,0.8315007521520648,1
1011275,0.540286327431921,1
1036335,0.8960120834036419,1
1025044,0.8500971326150548,1
1022183,0.856071556923933,1
1053310,0.3994585616207422,0
1019802,0.8007317936410847,1
1070347,0.4924486326027925,0
1089498,0.8228049431169245,1
1055067,0.903195103666149,1
1005549,0.8377394339230647,1
1079271,0.7993285056832196,1
1090327,0.8713766841780579,1
1051451,0.8132004030680982,1
1089137,0.9047455443121115,1
1065286,0.8728782276826974,1
1087605,0.85629757519418,1
1021499,0.806571113435461,1
1018412,0.4061818421767768,0
1002409,0.5482283355866889,1
1063849,0.8956347715912445,1
1038744,0.6493074534495976,1
1092571,0.8836758990322495,1
1083759,0.841647807708423,1
1001051,0.6397604421629224,1
1089293,0.8415146633790784,1
1066392,0.84842849140766,1
1046433,0.7830231983701579,1
1077566,0.8460898714536518,1
1023958,0.8294371399401983,1
1098968,0.736761931523542,1
1062623,0.7618443829564443,1
1039758,0.8337181630694863,1
1049163,0.6040848296773181,1
1058894,0.8780613221045884,1
1095361,0.8979218375315297,1
1072098,0.7946373593170653,1
1090855,0.6261305963235798,1
1004887,0.8637285156630672,1
1064932,0.7023121830939838,1
1060684,0.8198823140209365,1
1069193,0.8634063868514689,1
1025803,0.797966654959815,1
1001027,0.6991792624383896,1
1098325,0.7800548656173418,1
1077370,0.8042222786037851,1
1057300,0.5812950624600136,1
1066459,0.890970853642023,1
1087788,0.8801577286927819,1
1028275,0.8614204661315762,1
1056249,0.811718618048703,1
1024931,0.7745328900517129,1
1011098,0.6088856973397588,1
1035487,0.8306941956082677,1
1037168,0.8231771385994008,1
1066952,0.5125044935449766,1
1098612,0.653891126229925,1
1016078,0.5882831474733389,1
1070469,0.842885973058819,1
1030219,0.8462721638634891,1
1085588,0.8361785829909438,1
1027251,0.8331843049615537,1
1028044,0.8196648137493358,1
1040291,0.875535108933517,1
1087532,0.7691072101211646,1
1032805,0.8104356402477874,1
1064476,0.8700130821418807,1
1015677,0.75591162470439,1
1040888,0.8165551153791458,1
1008708,0.6576265285033549,1
1045695,0.880065879318862,1
1005635,0.6469957457469392,1
1027223,0.49822561817583333,0
1080870,0.842421786099534,1
1098290,0.7214900513749515,1
1004321,0.6801539258346235,1
1004501,0.8321927766464199,1
1063003,0.758734297587945,1
1035949,0.8617951870726782,1
1043856,0.8664454642244515,1
1091288,0.6315622708202366,1
1033192,0.8043541314516328,1
1033263,0.8435883982658013,1
1031941,0.8634017814193857,1
1053621,0.8746555116734691,1
1006635,0.47295872907450875,0
1007611,0.5650017899580114,1
1057957,0.7704618051138769,1
1082000,0.8861091331803244,1
1031497,0.7969420319075728,1
1064870,0.8440778041118395,1
1092797,0.7224625628263512,1
1049781,0.8035331423779848,1
1034407,0.8667531681048245,1
1080152,0.8816143078584386,1
1076154,0.8675095630353536,1
1032140,0.6547042530583405,1
1042613,0.7467951883186872,1
1028370,0.5258678215067969,1
1095143,0.8120981581199619,1
1058829,0.8558949557020145,1
1026322,0.8653607301015592,1
1014926,0.6675704672613282,1
1090052,0.8585907214802692,1
1039298,0.8068529441559145,1
1058327,0.866054587049333,1
1060923,0.8735135614275972,1
1079707,0.868106402817263,1
1060657,0.8760345391436638,1
1000961,0.6485231721064068,1
1091694,0.8724243094366703,1
1013385,0.6618210124503731,1
1009154,0.5591311968694253,1
1099595,0.8424661103681693,1
1040195,0.84757626403764,1
1088374,0.3606794098437448,0
1017998,0.8734373566024345,1
1003964,0.8808630819968137,1
1007248,0.4496582233790451,0
1071729,0.8777141436970174,1
1095728,0.3023613006926909,0
1053067,0.6343097464818739,1
1089921,0.8423782286698495,1
1065314,0.8620035170033247,1
1079125,0.8630152774920175,1
1097777,0.6612510662843208,1
1076956,0.8639923069066053,1
1070405,0.8828001053985151,1
1027440,0.9050855788104847,1
1033295,0.6113185664591168,1
1060047,0.7576632599590423,1
1009340,0.7166801442017748,1
1032468,0.848969682080315,1
1008630,0.27016091949878995,0
1065728,0.8756439186546708,1
1008893,0.8643147005393023,1
1043188,0.6848892297039472,1
1074262,0.7335554100973163,1
1014316,0.8570811068969746,1
1031487,0.8352865822849644,1
1059314,0.8829260082624607,1
1093936,0.8747996206662882,1
1003789,0.8249612183566557,1
1044724,0.779753569806387,1
1014737,0.7795129870805421,1
1043844,0.8539150372400085,1
1065087,0.7020269798349673,1
1055811,0.7807566421841164,1
1063713,0.8493053123717017,1
1047641,0.6744196869353178,1
1036593,0.7726871801110115,1
1013391,0.8471190889596025,1
1000262,0.5011592355773786,1
1062430,0.8777076979013025,1
1076921,0.8263363570443969,1
1064268,0.6040286291482643,1
1041967,0.8143560631897091,1
1028780,0.8132818710895471,1
1005791,0.4460376966255597,0
1087454,0.20102868149852138,0
1092903,0.8274210823574815,1
1010050,0.5244779145666703,1
1011117,0.7155867486821856,1
1075575,0.4572059018172875,0
1016280,0.3982124052915609,0
1049693,0.8789865635345069,1
1050191,0.7900202929153766,1
1077697,0.8448138804674387,1
1029187,0.82372985758029,1
1027360,0.6211494528360406,1
1065526,0.8261795783976014,1
1013150,0.605651241867932,1
1081111,0.8549906486231186,1
1081203,0.7459877671572441,1
1032467,0.8381827445684876,1
1072456,0.7767583737897461,1
1099076,0.30551733498520023,0
1026271,0.8519013889992881,1
1003722,0.8287650266295478,1
1029644,0.8077274203838151,1
1037335,0.7481770408339014,1
1083024,0.8910508285341832,1
1085019,0.8624450667217616,1
1088931,0.46733406100518443,0
1082293,0.8657729372460112,1
1002342,0.8566187058493544,1
1028884,0.8506522146046449,1
1010291,0.8083460572090784,1
1017737,0.4295330466025027,0
1028135,0.8250678044871889,1
1074915,0.9099637871441288,1
1077310,0.8408902933000164,1
1067810,0.8792569822121534,1
1025985,0.48846350225519997,0
1030361,0.8025020011548579,1
1003591,0.8356585245042394,1
1093972,0.8334125028700863,1
1036830,0.9024695979898346,1
1015711,0.6898099026155758,1
1098060,0.6054234197424151,1
1011206,0.5011846746029827,1
1077491,0.7154947919372466,1
1018362,0.6358266548279075,1
1005559,0.6399394256123766,1
1015485,0.4748295975245493,0
1073300,0.8428571929361091,1
1053454,0.7229634214260835,1
1034204,0.8723644095499283,1
1084502,0.8737036896162501,1
1088085,0.61409156102402,1
1002423,0.6483411957505018,1
1038580,0.7163983197223757,1
1041776,0.8538291572416641,1
1000632,0.33305455309529414,0
1066417,0.8513361341447976,1
1090502,0.8100760004563341,1
1028193,0.7527877395103704,1
1058459,0.7966250495615078,1
1080854,0.5909001499068014,1
1065896,0.8491504612919686,1
1045477,0.8724193821337266,1
1091578,0.8520705898992438,1
1069243,0.7464911660124043,1
1058651,0.8683793655817935,1
1004918,0.30423288391702724,0
1081459,0.8384110470122053,1
1023555,0.82164809876546,1
1083249,0.8711795744267631,1
1058627,0.8730584811151124,1
1067156,0.7801692650233688,1
1076152,0.865553054930875,1
1059320,0.8461754413415172,1
1090253,0.7575573721259315,1
1043292,0.7997689652594707,1
1005844,0.6342044388338607,1
1076904,0.8302442588291342,1
1003820,0.4794896495556137,0
1024817,0.8342213019497502,1
1035274,0.8879340496683354,1
1058200,0.6822515599042324,1
1076071,0.8111999008918376,1
1048091,0.8634215491856261,1
1052396,0.8519374073369315,1
1094373,0.6043281483583184,1
1074194,0.5433345170819774,1
1026702,0.8634627188115481,1
1047357,0.8767111478594517,1
1063937,0.860413723212094,1
1067189,0.8912407774206597,1
1064430,0.8209661439810225,1
1083103,0.8078173589667332,1
1030017,0.8757137620262799,1
1036540,0.8266186345271616,1
1056439,0.7144976781148034,1
1056793,0.8426423069621538,1
1057340,0.5176292115801785,1
1036914,0.868205296187055,1
1062140,0.8622716684350126,1
1032932,0.840926694018498,1
1092116,0.8277241130113256,1
1085501,0.7784946482464117,1
1043219,0.8463994651725899,1
1085690,0.6723280118171343,1
1025075,0.8493378257452691,1
1069795,0.8800744080564885,1
1015813,0.6309367837600284,1
1022245,0.8238852698153585,1
1092061,0.8145876509792872,1
1090478,0.6761445133555204,1
1007601,0.537511479395229,1
1019712,0.8527232472766979,1
1006151,0.8347106446641267,1
1094252,0.8618071379864397,1
1075256,0.8569080391460837,1
1038066,0.6612771063893859,1
1019489,0.8375173132870115,1
1051476,0.823339236067011,1
1020967,0.815562765135245,1
1095934,0.628221531287695,1
1041137,0.7857920400377448,1
1026334,0.853434962152219,1
1090358,0.8543548251076406,1
1086428,0.8627030354082357,1
1009109,0.8393827345502092,1
1067345,0.5672076093707267,1
1082957,0.7932856129350859,1
1071722,0.46798130531414894,0
1009712,0.7942523886383654,1
1032485,0.6719076960818987,1
1090979,0.8651696265924194,1
1036100,0.7338024408056606,1
1047087,0.8969427236809026,1
1045655,0.8796322601246684,1
1021311,0.7903824738665282,1
1091212,0.5655478824480651,1
1025906,0.858163039547905,1
1064066,0.8597143508145048,1
1073182,0.8465945240055964,1
1065449,0.28188286256441364,0
1025236,0.83092716933844,1
1018315,0.7302052900507351,1
1032216,0.8109663122214287,1
1003862,0.8538325293317137,1
1063749,0.5929070307800769,1
1087145,0.6143932113012243,1
1083554,0.8490488872068465,1
1032296,0.8277928302387495,1
1012646,0.2871536513110697,0
1095939,0.8482312913410868,1
1056844,0.7796712194525884,1
1050672,0.693601559634014,1
1031611,0.8239571966313147,1
1040151,0.8738370419836953,1
1054241,0.5747848428021791,1
1037206,0.836841491876727,1
1099151,0.7119133155655298,1
1075950,0.8295668964411189,1
1013607,0.7956596770617775,1
1048517,0.8921492413623551,1
1071545,0.8716828078745618,1
1029637,0.8028496411467455,1
1000370,0.5093269196737222,1
1002570,0.884675522388861,1
1019322,0.8271007465667539,1
1037765,0.82172414614388,1
1005195,0.5786161153172094,1
1004910,0.5178589831578639,1
1048621,0.825656827955418,1
1060450,0.8091545248098424,1
1039070,0.8643385688866446,1
1087622,0.7595960178389658,1
1012419,0.529900712493434,1
1019868,0.6642507426680058,1
1097903,0.44660336551859736,0
1092691,0.6016395021747726,1
1088788,0.8569158153950281,1
1025838,0.47987050626315003,0
1001003,0.5096260075836255,1
1084911,0.4709958733453572,0
1021719,0.7387435032704663,1
1008394,0.6197428832808511,1
1006583,0.7571071903095751,1
1040939,0.8661619781543478,1
1065732,0.8778290615555165,1
1019106,0.40093988691593363,0
1053659,0.8106913775349393,1
1089627,0.8267547526052158,1
1032906,0.8033486814439977,1
1038796,0.904435790068054,1
1001251,0.8773058771970145,1
1030680,0.8286196576754202,1
1000372,0.5843050052054237,1
1039625,0.5476431558588488,1
1051913,0.8418101754276263,1
1042942,0.8776478103418676,1
1098157,0.6613891062971643,1
1055941,0.8183723992535952,1
1080167,0.8977693837336467,1
1092678,0.6279285413607211,1
1050177,0.8299218682538035,1
1034338,0.8616478622949875,1
1066796,0.5503682670345373,1
1054865,0.812089652825199,1
1033555,0.9010723877866009,1
1077803,0.8276893369430881,1
1063451,0.8429432818809475,1
1092383,0.8046012806193145,1
1004870,0.45720360993815157,0
1030790,0.848146764369959,1
1060447,0.8639659682839731,1
1075335,0.7570249251581086,1
1029847,0.8705876530394266,1
1040689,0.8915359435352459,1
1019528,0.8516874896906939,1
1051151,0.7073796661200246,1
1058854,0.45291464227922396,0
1042544,0.8899390049742392,1
1008576,0.6188995655797049,1
1069266,0.7297831660145215,1
1066378,0.8760530657901414,1
1018944,0.764043324287001,1
1015975,0.8361536381977254,1
1074038,0.8281037820714757,1
1098037,0.6240693646123505,1
1063539,0.6288948112599072,1
1057430,0.7343871268565384,1
1085287,0.8283216534724723,1
1082818,0.8222498059022583,1
1033092,0.8738868301925389,1
1063643,0.8711477281041021,1
1072979,0.8435216518895774,1
1067279,0.6440574933736259,1
1002159,0.6810083410446082,1
1063383,0.769203096240481,1
1067535,0.8543656322606498,1
1079668,0.6868701064497533,1
1059706,0.6823645827750188,1
1050604,0.7286977052011425,1
1072254,0.8214297996806468,1
1050719,0.8822131714267833,1
1013050,0.6738032202013897,1
1011238,0.8213810900388973,1
1037850,0.8012803004528085,1
1037582,0.8891950085159048,1
1024427,0.8171099653847381,1
1072371,0.8139106916392992,1
1074689,0.8349535093657768,1
1056683,0.8561916544024154,1
1015804,0.5921646950907661,1
1036368,0.8886531127380678,1
1051548,0.8039413970758856,1
1073840,0.8496224530301472,1
1020025,0.8779466200839187,1
1038916,0.7586129510592455,1
1000450,0.6021135707785665,1
1078180,0.7991055105090655,1
1047675,0.7689392749838381,1
1015541,0.46837982175253134,0
1092552,0.7452065864795676,1
1012970,0.3535408308773819,0
1022852,0.40390245186040513,0
1005103,0.5775003204171936,1
1023974,0.866663641344895,1
1064978,0.8270884278126989,1
1008208,0.7461173905026877,1
1086791,0.8291083075036136,1
1001396,0.681942504658268,1
1006483,0.6141812312971383,1
1082813,0.4891824299718528,0
1068439,0.8681139339632724,1
1073318,0.8701065600269521,1
1000300,0.6936778409390616,1
1064196,0.8719731223847793,1
1024650,0.8152727746453969,1
1045580,0.46062710418344854,0
1069829,0.6280768492589232,1
1016827,0.5621567525898481,1
1005718,0.47479528012933886,0
1080997,0.8171798057882194,1
1053148,0.8626766849437265,1
1015465,0.4766296539048373,0
1081406,0.7100683588537058,1
1027175,0.4694028715645978,0
1039413,0.8883738861033298,1
1007885,0.8189982598029061,1
1049159,0.8730570508868161,1
1036133,0.8378825136711111,1
1096454,0.8302713833692247,1
1066480,0.7751734822522465,1
1030668,0.8018154219467348,1
1025527,0.8276700168977007,1
1079915,0.8359157286842851,1
1031793,0.8804494191052525,1
1065607,0.8334777650314198,1
1007149,0.7042875916868404,1
1060652,0.832020455638605,1
1008943,0.5675673868244171,1
1044125,0.8978696643732754,1
1045627,0.8294772587305637,1
1083691,0.6128621848708992,1
1005630,0.6870187897811781,1
1040221,0.8913559283227015,1
1006864,0.28985780841797837,0
1096320,0.7527257879802447,1
1002450,0.6394074265603421,1
1083851,0.89746443678888,1
1013984,0.8173435630550574,1
1071151,0.7729648270550576,1
1010991,0.8267578728775175,1
1092960,0.7122967706162491,1
1002120,0.8274611630171146,1
1000381,0.40578822811749843,0
1015432,0.460547520442169,0
1002296,0.8382970533626218,1
1059008,0.8622695681689388,1
1073870,0.5448985402334398,1
1070286,0.8618512042850676,1
1093237,0.8265761749877057,1
1042794,0.8162437880206193,1
1055364,0.811766408719966,1
1041097,0.5142597125917188,1
1004718,0.6608410929564019,1
1025618,0.8118203316521386,1
1085508,0.8732302972297676,1
1031350,0.8808301393758999,1
1055613,0.7897114918330241,1
1021942,0.8055689835788489,1
1069344,0.650619829179517,1
1034408,0.8793554131338122,1
1095403,0.709992645723592,1
1074809,0.8655639190757063,1
1040741,0.5292508814299224,1
1082210,0.7401656252289748,1
1045171,0.4320895418013765,0
1077915,0.6897037632961239,1
1020421,0.5854673491721136,1
1027488,0.8720719995132514,1
1088752,0.8788914222747278,1
1048549,0.8052508385901326,1
1032962,0.8574017381346781,1
1018910,0.4369388493765011,0
1000977,0.42257962825354506,0
1092774,0.8794396123007652,1
1003807,0.5983922270899534,1
1059115,0.872199322867705,1
1074527,0.7893014753550384,1
1034282,0.7502351590549456,1
1044599,0.874574685558084,1
1009101,0.47522737237074497,0
1092278,0.7942852826840318,1
1018198,0.838864298694463,1
1047591,0.8942349051559109,1
1055158,0.8708690758865675,1
1029214,0.8122706941110304,1
1068627,0.7292486909314049,1
1039712,0.8551219205029478,1
1020720,0.8197507335391849,1
1023622,0.6578131670202075,1
1038968,0.8767668407420897,1
1060614,0.5043584751071487,1
1060596,0.8025808852175362,1
1043638,0.6427005775706859,1
1019002,0.8483831849680683,1
1043202,0.8881096391460052,1
1090172,0.8644797014644027,1
1079298,0.47903671779433915,0
1074244,0.8389811861525566,1
1066116,0.8969367402612503,1
1097446,0.8492880342752828,1
1009185,0.5537483009502322,1
1017147,0.867914413834861,1
1072943,0.6132763829566822,1
1074277,0.768349122814285,1
1047403,0.8848893881189924,1
1030294,0.7858166830300987,1
1036903,0.8335517869617693,1
1038510,0.8252972989978242,1
1078348,0.8548023817933038,1
1014337,0.6913633709154435,1
1068959,0.864517029737171,1
1099272,0.7530852424094504,1
1092570,0.5369349107980597,1
1044054,0.757857109013979,1
1088973,0.8621024402155824,1
1025369,0.8869869362323994,1
1073030,0.8513882536212084,1
1092171,0.8461832000895438,1
1049267,0.8660438862695585,1
1038472,0.7914723825756769,1
1022350,0.895153018274879,1
1024926,0.8126449834836811,1
1009724,0.7330134638135777,1
1082346,0.8636696503376183,1
1098193,0.5244953303616804,1
1061876,0.8309156397771731,1
1091620,0.7126908746679438,1
1043983,0.8511897287547899,1
1017469,0.5092507443837369,1
1091586,0.828922325713424,1
1001543,0.8857585432331716,1
1063194,0.7348178509645414,1
1071923,0.8483882999928571,1
1066744,0.8672344964812122,1
1099472,0.5774966435683586,1
1095250,0.8908138610171854,1
1049433,0.8052212474622785,1
1003607,0.4941881747944412,0
1095498,0.7740658199968886,1
1027374,0.5267716596878094,1
1032990,0.7292368661951237,1
1020847,0.47085421905964986,0
1076034,0.5143840921554266,1
1050756,0.6624402660202816,1
1026871,0.7844593908343772,1
1064590,0.6306713365229554,1
1057102,0.6953957611002762,1
1042801,0.8141967035336021,1
1060128,0.8337557305227645,1
1061094,0.8881094194960832,1
1071254,0.7227713155973553,1
1062964,0.8283178312632499,1
1084732,0.8453742426809537,1
1022010,0.6066279632085361,1
1003205,0.6855057556550787,1
1058396,0.6507727662540986,1
1012751,0.48500465010493715,0
1021077,0.8067168682814448,1
1000355,0.8636190465589738,1
1028918,0.8540791595814959,1
1076441,0.824500300598089,1
1003834,0.6215306114534174,1
1062588,0.7953706095097596,1
1000282,0.8837348854607135,1
1085983,0.8468419979811456,1
1096548,0.757365470982186,1
1059766,0.7524890622275185,1
1043654,0.8840759013067716,1
1006834,0.6034312625796916,1
1056556,0.6454569005284774,1
1007921,0.6913438274676741,1
1050993,0.8216357270741046,1
1052804,0.782232105028224,1
1053311,0.8530102217121243,1
1020725,0.5229135895956696,1
1027763,0.7349095493146869,1
1016138,0.4453840523586967,0
1086463,0.8271756306139321,1
1020984,0.829624797206039,1
1064873,0.8860125016437828,1
1082615,0.8391367858421543,1
1069841,0.6252782866554221,1
1006036,0.6885541892136485,1
1007918,0.7929995247762036,1
1055462,0.8593406962656785,1
1082613,0.8239408624686668,1
1082288,0.785420928475123,1
1010353,0.8181097177422433,1
1079260,0.867136234571586,1
1010066,0.6673778479617385,1
1047306,0.35788026756956975,0
1054290,0.8895438169383472,1
1025683,0.6186227426901898,1
1070165,0.891478577070784,1
1054625,0.8517887903089499,1
1017550,0.47009008493374504,0
1091395,0.8573819654158554,1
1072850,0.8567967868982843,1
1021546,0.8384800004958618,1
1083389,0.8344852708358131,1
1081507,0.8561528456214051,1
1036891,0.816239429578265,1
1044100,0.8332975817698068,1
1019948,0.8304005996935612,1
1080831,0.8549263958095878,1
1081813,0.8588745109563746,1
1048114,0.82849059519847,1
1081849,0.8654862498283282,1
1019497,0.7426332469641803,1
1037158,0.8075886675212173,1
1028970,0.836689685051609,1
1020176,0.803827885754198,1
1018095,0.4240647890995535,0
1011379,0.731258481633745,1
1004958,0.7308785078243024,1
1079106,0.7698952004227578,1
1094528,0.6362928762210418,1
1068229,0.7961272216633725,1
1067377,0.8819599907312599,1
1088356,0.8582067385102722,1
1089423,0.6325885053692897,1
1001886,0.5867538913140071,1
1050781,0.8220306858989253,1
1094917,0.7793312440638995,1
1042865,0.787181634556771,1
1025992,0.8987696947040927,1
1091094,0.8019862347719203,1
1011991,0.8103005570420896,1
1025383,0.6515914546607632,1
1048361,0.5692483136413924,1
1010299,0.8785028648468293,1
1087091,0.8351041581762227,1
1038378,0.8353428129988604,1
1002374,0.6633808731571116,1
1086649,0.773058468586366,1
1036155,0.6475772987910714,1
1066272,0.8717981078783689,1
1043240,0.6085724511436748,1
1073569,0.85386935486097,1
1013407,0.8242775585419004,1
1000520,0.4116597973523984,0
1079699,0.8586425917053193,1
1051586,0.8397762753764993,1
1055989,0.8039953930219114,1
1009167,0.8301967038355949,1
1093078,0.8726137598336476,1
1033275,0.9037909154141973,1
1084776,0.6918829964354569,1
1068901,0.7632373243296665,1
1073693,0.603715846105498,1
1056781,0.9010312523847732,1
1002962,0.873147155167906,1
1027792,0.8473869000028457,1
1046818,0.8606608508330278,1
1037131,0.42574660981520546,0
1061982,0.8185104849405306,1
1091067,0.8747549928744623,1
1011360,0.7466849999854105,1
1002736,0.8878077786518385,1
1087802,0.8055834849841134,1
1043655,0.8203320388818887,1
1054694,0.7857170017242442,1
1087507,0.8376279374767213,1
1075724,0.6526115197753437,1
1071973,0.8463735007498661,1
1013723,0.8898349457335455,1
1012972,0.7087178018150287,1
1059335,0.4152679959883584,0
1045642,0.6767357679446381,1
1076335,0.7962326400197471,1
1014024,0.8326793862666982,1
1020789,0.681355825736217,1
1036298,0.7984510903701999,1
1012827,0.3081982668187868,0
1004038,0.6643982093537673,1
1037369,0.46341951460918,0
1099580,0.7689409481255223,1
1042360,0.8278764941055498,1
1030564,0.8196457004574228,1
1024592,0.8860410580107121,1
1096299,0.8576558847408394,1
1081872,0.8517897677626282,1
1013395,0.4909426352370998,0
1031759,0.6072568515804254,1
1076208,0.7991036636717154,1
1016047,0.3887500863825961,0
1065807,0.8334428016629891,1
1029985,0.8637645293839972,1
1091826,0.6724235900585319,1
1068462,0.6995835188438038,1
1074820,0.775351032542207,1
1060839,0.8787075014756787,1
1000216,0.388806684602622,0
1090524,0.8541058089753926,1
1001987,0.8486030274968523,1
1072360,0.7243082362016928,1
1093459,0.583603108420024,1
1004967,0.5646177518978401,1
1040258,0.7690814870187237,1
1051806,0.8783388253225389,1
1057476,0.8664106541790931,1
1054991,0.33908888155729255,0
1074356,0.9005466854399223,1
1080343,0.8338036559187416,1
1092432,0.8387739868867434,1
1040603,0.6999236845065164,1
1061792,0.5687243106089405,1
1078054,0.8797551370760885,1
1094054,0.5646006295128756,1
1078231,0.8504689893994919,1
1023735,0.8511810583949914,1
1050714,0.7080571482188442,1
1098606,0.6187389814726909,1
1088193,0.8041799899207801,1
1019709,0.8879172484854991,1
1034762,0.8333187962059462,1
1098149,0.8165332787204355,1
1065484,0.8126122510560634,1
1058776,0.8528280907275141,1
1072635,0.835618427494534,1
1099338,0.5264121755617073,1
1093888,0.882835234952342,1
1060842,0.8729421133513575,1
1094341,0.6532663097057947,1
1053053,0.9047297347316983,1
1089549,0.7718361251646987,1
1033951,0.8639857418024645,1
1044973,0.37148545996844967,0
1060989,0.85555716009323,1
1052474,0.690978328119795,1
1027079,0.800197863136332,1
1012773,0.8574147103661204,1
1036046,0.8508328915580481,1
1030220,0.7684860801656676,1
1090619,0.8084012758073392,1
1080570,0.5133699389323314,1
1096063,0.744642737010021,1
1037839,0.7546550029099244,1
1026627,0.9030575194299011,1
1047369,0.7818765327414323,1
1033350,0.8659309802194061,1
1091970,0.8591755943520502,1
1059317,0.8819525113147387,1
1088257,0.8053673789981634,1
1027974,0.8181573628997197,1
1069009,0.8533853033168933,1
1080950,0.7756568494480349,1
1005588,0.6704891008643395,1
1040748,0.8249211948763536,1
1063615,0.8187099398662196,1
1012534,0.8039880669637457,1
1012960,0.8414239156861567,1
1016105,0.4899321463265032,0
1095973,0.883703614342571,1
1017614,0.7139490774695646,1
1058456,0.8594383228353752,1
1044333,0.8431539530780509,1
1029528,0.8352891446644186,1
1011649,0.6542740262041936,1
1084904,0.8046486847593992,1
1057589,0.8152187832238287,1
1055129,0.7186109206474689,1
1076013,0.8422667198478215,1
1083074,0.8650095768963251,1
1056096,0.8062726171988116,1
1022329,0.5623816994849598,1
1072640,0.8093069914538135,1
1061566,0.8190438100330996,1
1078664,0.8720546230739475,1
1081488,0.7959347290563632,1
1056401,0.6727216333913842,1
1051139,0.8555660798376462,1
1084032,0.8400119731637404,1
1061340,0.8167738646058238,1
1003667,0.3896193697856346,0
1067772,0.8885846362645419,1
1000111,0.40987321978025526,0
1017788,0.6733793679015633,1
1047146,0.7753186921435439,1
1056272,0.5433500444851495,1
1060160,0.8352224071906778,1
1099757,0.8232177245290109,1
1041621,0.8550141525785706,1
1088104,0.5224297894130935,1
1061778,0.6038789379334095,1
1041156,0.6118261780205706,1
1064653,0.7973950917646047,1
1014006,0.5627551910698603,1
1091908,0.6151203270623211,1
1062767,0.8773943081626878,1
1050314,0.8673889504673374,1
1065695,0.8039070862594674,1
1082744,0.8364554590163547,1
1065499,0.8644358691772978,1
1032535,0.8566951533676542,1
1033400,0.80886838943741,1
1039823,0.823396345716059,1
1047756,0.8179291940323328,1
1035933,0.8361104209205117,1
1032365,0.8045426972736315,1
1012364,0.8512208166924177,1
1027232,0.8223142201104027,1
1009575,0.34385323286565256,0
1050627,0.6910735788838865,1
1094195,0.8177942459122465,1
1019030,0.8298170003974588,1
1003286,0.8600437463687162,1
1069523,0.8610684344512326,1
1082084,0.8206314706425385,1
1013601,0.541640654645895,1
1016252,0.8003334127934046,1
1054743,0.8709448213632749,1
1073054,0.8251083157709811,1
1004187,0.8017790352677348,1
1002046,0.4001409445271279,0
1046400,0.7915263749658807,1
1040759,0.8993217064964854,1
1024776,0.8269562248668831,1
1053433,0.8495451901531703,1
1015094,0.42833542857944523,0
1068645,0.8724709922004681,1
1071604,0.8674142323436469,1
1062222,0.4946345501621617,0
1013229,0.5127749667806235,1
1099506,0.7289748864760254,1
1039036,0.8732367743586323,1
1016890,0.6591662896408589,1
1083071,0.8509490275807335,1
1055332,0.8577777305331353,1
1003731,0.8497346576651018,1
1084453,0.6680968254632496,1
1041559,0.8230493887573281,1
1077755,0.8202949233248521,1
1005644,0.6277035803904124,1
1010966,0.7000601385879441,1
1097265,0.8230629528224599,1
1022039,0.8643458725871525,1
1033276,0.8656324630978588,1
1090143,0.8826387329300768,1
1088242,0.8123604932061982,1
1050361,0.859955067505364,1
1042419,0.5497469223025298,1
1099031,0.766711298933464,1
1053899,0.593952322863336,1
1057559,0.8128312269100959,1
1086679,0.8673983236859499,1
1035293,0.5129242899523747,1
1036624,0.8862579030262495,1
1094526,0.8293005728563672,1
1001784,0.8429383115461573,1
1037028,0.7102543796718788,1
1096519,0.8573747643520749,1
1046926,0.9033929160237654,1
1036948,0.8746853002168887,1
1029681,0.861385490608084,1
1064184,0.7479347107602218,1
1022567,0.835362199372707,1
1063873,0.7420650219260162,1
1041166,0.886401987771328,1
1013947,0.8803120334145377,1
1064745,0.8622046148388632,1
1074649,0.8072787965886667,1
1063124,0.5162035213511205,1
1063139,0.8661206942437871,1
1092402,0.8201224578142954,1
1036180,0.5062655026742007,1
1006629,0.43790373362852486,0
1052010,0.8018128114947132,1
1078324,0.8496482303120935,1
1064943,0.8616472221349817,1
1051506,0.8022538941965912,1
1077944,0.7573875458678592,1
1064610,0.8304447907203408,1
1027688,0.7712946161987061,1
1063788,0.8053325293546385,1
1094626,0.8478272320321503,1
1094044,0.5824606376636949,1
1063035,0.8466136692487223,1
1010889,0.8728446370838285,1
1013295,0.7956507627088905,1
1052848,0.6423275562798253,1
1009479,0.45648515237205123,0
1048620,0.8435139642028668,1
1028589,0.8434233207890844,1
1019319,0.8698729983068555,1
1014904,0.5798536428428394,1
1046618,0.868267162911933,1
1005126,0.8231145700565611,1
1098686,0.6662836673029606,1
1023515,0.5323447837533797,1
1094000,0.680947131152191,1
1024687,0.8581992274443109,1
1087131,0.7468561366984803,1
1059622,0.9096513840824947,1
1076704,0.8813437385098144,1
1081576,0.890051596441524,1
1035891,0.813840795207359,1
1080931,0.8270959079110819,1
1072503,0.7116590640964996,1
1071647,0.8598216289278239,1
1001152,0.4621036068327246,0
1058311,0.722540587827246,1
1096687,0.8602098908433824,1
1029049,0.8352271141658745,1
1076340,0.734052449304635,1
1011250,0.6266464798664947,1
1067693,0.8161407255759829,1
1074143,0.8589661627006092,1
1043207,0.42229016328800206,0
1024483,0.7051022634625161,1
1045355,0.7640637023565345,1
1004834,0.3778531031853712,0
1095948,0.6602404733502207,1
1051008,0.8334477615926869,1
1097297,0.6942114709614,1
1049388,0.7506823256668792,1
1083837,0.8808633586466006,1
1069611,0.8637424412053759,1
1066657,0.638907470805343,1
1029039,0.7892450554301216,1
1038788,0.7616189307731814,1
1046561,0.763834326087021,1
1033527,0.6192786419458458,1
1031043,0.8245490122127237,1
1083478,0.8512903077740327,1
1091571,0.8169337427871892,1
1028819,0.7896997881676174,1
1019341,0.843751792296943,1
1023513,0.5717243361723862,1
1062998,0.8825024651427389,1
1050610,0.8576813137724472,1
1083907,0.8059991460083604,1
1091961,0.8739688823624477,1
1031833,0.33824858355218945,0
1011168,0.39162443020094356,0
1072578,0.8098153648318831,1
1077875,0.7750997961111555,1
1040904,0.8399230772255344,1
1027562,0.8233061894927871,1
1034931,0.7045043056619437,1
1019680,0.8377724208788474,1
1098255,0.5787862111159715,1
1015747,0.856626486651756,1
1020256,0.7268596713320111,1
1032138,0.8412818219197558,1
1017506,0.8839300994345496,1
1034310,0.45570029131315415,0
1033365,0.7625414281865913,1
1035653,0.8529098705391095,1
1088946,0.7403959626965203,1
1070114,0.8446726173316768,1
1067196,0.4950510948447192,0
1053645,0.788368550026465,1
1034644,0.8189508996496032,1
1007037,0.28470390417036234,0
1037123,0.8570261574066318,1
1030666,0.8673817583165772,1
1089697,0.8321494157688244,1
1046216,0.8132366498057405,1
1006846,0.7641448916893472,1
1031055,0.8061006092902553,1
1036292,0.8260633188629363,1
1084987,0.8676168157965689,1
1001607,0.8162760649627756,1
1050804,0.8215729903039324,1
1092906,0.8060408817893673,1
1099643,0.5261554674923652,1
1037802,0.8641535035189499,1
1089778,0.8245377288320039,1
1076773,0.869593147651517,1
1077082,0.8063032336849548,1
1068486,0.759033282549642,1
1085595,0.6702870938490599,1
1021953,0.8429668457200639,1
1070571,0.8358788003172488,1
1058084,0.9011057525851789,1
1071883,0.8260347172472252,1
1020779,0.8976773659178385,1
1018096,0.32988414490234286,0
1053423,0.8436486910963898,1
1017843,0.49353392501527316,0
1029536,0.7006017630769623,1
1073095,0.5601796650517399,1
1030578,0.38615221860492066,0
1026540,0.8361712336159131,1
1043820,0.867481862298794,1
1055969,0.8933957151603914,1
1043178,0.3976329233845001,0
1079162,0.4172175503561589,0
1066496,0.8285690843565074,1
1072683,0.7715187593026168,1
1063341,0.8082234757377947,1
1020582,0.8786202032490519,1
1024546,0.6337517090451961,1
1013926,0.8220679125438093,1
1027845,0.8260999961603461,1
1059869,0.8566845167364076,1
1012297,0.5388219196102215,1
1099501,0.49107059402622366,0
1096022,0.6853585674126823,1
1072408,0.3922223154358083,0
1000928,0.8382741860316045,1
1035543,0.6044728892124495,1
1051228,0.8768480691856514,1
1060582,0.829071340469679,1
1049029,0.5703794617590047,1
1042968,0.8645821709213851,1
1093315,0.8419328926918166,1
1010442,0.4320703985754474,0
1075777,0.7186392863288854,1
1098949,0.5140889319950671,1
1005194,0.580964455589907,1
1069292,0.6418625715773774,1
1026587,0.7260880502586653,1
1001056,0.8684516618339515,1
1024879,0.8339605177794388,1
1040871,0.8308493106666208,1
1071063,0.9039872090064497,1
1060949,0.7673044488258939,1
1061858,0.895038063704426,1
1082719,0.6356347242718023,1
1071509,0.8557218794984075,1
1088945,0.8670866168900504,1
1040597,0.8517159989533548,1
1078745,0.8627327181088345,1
1006522,0.8981688456442726,1
1085895,0.8918240529479374,1
1071150,0.601784526905134,1
1081176,0.8919353656468023,1
1075251,0.84733876618684,1
1070986,0.6075991811409569,1
1006051,0.5370865385903055,1
1099554,0.8542649983472801,1
1088710,0.3701215531773493,0
1043352,0.8862452369915544,1
1007877,0.5747953612834387,1
1038543,0.8405524042786768,1
1060358,0.9042252685065754,1
1014965,0.6669141662247825,1
1062838,0.8786239694540502,1
1041417,0.8304449020469451,1
1003453,0.5753619000086037,1
1013496,0.3773360197138382,0
1088900,0.8475434020679394,1
1074573,0.8596006120323632,1
1004772,0.8782001414025525,1
1067470,0.5993302404761958,1
1028990,0.7264087853712958,1
1080449,0.7831056231547294,1
1022987,0.8227904385766405,1
1006712,0.7880270233192243,1
1022305,0.834023087143123,1
1091714,0.8601381505382625,1
1009370,0.5852659408432491,1
1035292,0.8847799185999009,1
1006400,0.7584162904995163,1
1022877,0.8574410014612515,1
1059623,0.4079282699157849,0
1023784,0.6859819592826415,1
1028362,0.8119090545085662,1
1010861,0.45446844951589493,0
1042783,0.8128624982474667,1
1052905,0.8794145381588022,1
1055317,0.787886890322033,1
1066902,0.8222999589221758,1
1073949,0.845473620647224,1
1016579,0.6745431345279265,1
1016030,0.8384198846945159,1
1055555,0.8535958809410483,1
1072942,0.6198676955481889,1
1026971,0.7787985810967633,1
1098115,0.8542396865594055,1
1084392,0.5487632724870826,1
1023220,0.4861488764799039,0
1000887,0.8452459922762312,1
1035472,0.9007790128875266,1
1016448,0.8602247687303338,1
1086427,0.8103184474970808,1
1000672,0.9021308248428429,1
1058867,0.5591955333291461,1
1033454,0.8180019326128561,1
1094765,0.867072309063501,1
1017980,0.9078456761584122,1
1009438,0.8186962115393815,1
1053243,0.8385666790983511,1
1061768,0.8172314300412364,1
1081844,0.8450546833809978,1
1020521,0.8887467912720362,1
1082803,0.7050055610985932,1
1047215,0.8155265581608101,1
1087469,0.8705824606596677,1
1063897,0.8322944363969366,1
1092427,0.511003138764412,1
1089879,0.8123711052811093,1
1019599,0.8521987693284967,1
1062792,0.7424450208332815,1
1094794,0.7448273944534196,1
1003759,0.8338118106581597,1
1029548,0.392601443118393,0
1006557,0.7944668278875054,1
1026812,0.8777438252292098,1
1033506,0.820771752724461,1
1017352,0.9050720245982629,1
1081495,0.8014395796109265,1
1061861,0.7635691318679853,1
1048988,0.8178831946473384,1
1034867,0.6203687559071592,1
1072493,0.5832828341234644,1
1054236,0.6316512371075053,1
1049964,0.8279193290441721,1
1044667,0.5705775086686958,1
1090939,0.8702333608734887,1
1072116,0.8176317268277774,1
1009343,0.847992015619735,1
1005580,0.6034727147387149,1
1037229,0.724809112931599,1
1078240,0.4638457992090136,0
1045120,0.8344227352061239,1
1069941,0.9048487307452022,1
1090998,0.8117675241055193,1
1093894,0.594011164153384,1
1013065,0.8639983551638584,1
1077301,0.5559505639589201,1
1051607,0.8762382736855834,1
1022017,0.6810250494943619,1
1055244,0.8530878166302044,1
1008134,0.5545884147984356,1
1077118,0.793282982485324,1
1028946,0.857828806290556,1
1066054,0.7118740893364385,1
1061937,0.8010875055290125,1
1029995,0.8416016369558262,1
1007329,0.8488254157007518,1
1007502,0.6725836966550726,1
1026476,0.8219438209408503,1
1076074,0.827650290289028,1
1074482,0.9071903772413834,1
1062495,0.7299297494058595,1
1010053,0.8156452434983601,1
1007597,0.5711485714120449,1
1015225,0.6664810662500773,1
1064434,0.7924750319129442,1
1086664,0.6044703100369268,1
1097245,0.5894481611043638,1
1022151,0.4980496673409039,0
1058119,0.9014923733720718,1
1066989,0.5236448481446593,1
1026991,0.8633094582302594,1
1079555,0.8910680166836177,1
1053290,0.8600655332822963,1
1003457,0.719984388046339,1
1077189,0.8781319795026871,1
1057234,0.791627804940251,1
1083264,0.8784997452380577,1
1029378,0.7822774546460947,1
1066884,0.8114722302656626,1
1009943,0.8950528779342025,1
1061806,0.8573822712993819,1
1024953,0.3576715426634773,0
1066020,0.8332614462504192,1
1083382,0.8333399865945387,1
1031097,0.5776178727820086,1
1045607,0.855907136225119,1
1018705,0.8783077618527207,1
1028267,0.34786417318935964,0
1055160,0.7452823976746333,1
1026478,0.8486295171615278,1
1018402,0.6619388216536368,1
1033592,0.8800430763169123,1
1003767,0.7671167466650652,1
1082492,0.8587213778219045,1
1062381,0.8306454441904522,1
1061518,0.6479459555553524,1
1011097,0.5429912378168718,1
1033856,0.8513500985514582,1
1045265,0.7976739875303618,1
1043268,0.8216078035360368,1
1065430,0.8300823345156575,1
1013009,0.4661624404144118,0
1020668,0.8747699496861687,1
1094144,0.8270144161588575,1
1019000,0.8619473155644386,1
1065235,0.6062593574007252,1
1074926,0.8067900703847914,1
1006509,0.5635190511712379,1
1060981,0.770396456531267,1
1003616,0.6516415056799938,1
1045650,0.786280744577523,1
1092252,0.860796819836994,1
1072923,0.6137358070256653,1
1023329,0.8258224956873215,1
1056372,0.6956250202336772,1
1032177,0.7932581692068239,1
1096007,0.8356722276699311,1
1089319,0.8754702901829858,1
1097724,0.5434989773002328,1
1079520,0.8287804234231668,1
1051406,0.8823421969170863,1
1086859,0.7971764046412255,1
1073006,0.8714583611239799,1
1037355,0.8586073241077468,1
1030519,0.7945755272852373,1
1089819,0.8308518576913031,1
1001589,0.8417739858268642,1
1049966,0.8164363522936953,1
1072837,0.8654437119826341,1
1019582,0.7751771239361439,1
1072857,0.8981531104571372,1
1081765,0.7941600116640515,1
1093052,0.8853073078436848,1
1021291,0.8357118528140016,1
1057068,0.8833054611181911,1
1075288,0.8827869115276255,1
1069846,0.869082718071331,1
1049783,0.8750328686833723,1
1064117,0.8678500447023582,1
1065921,0.84789356674028,1
1055787,0.8618217325123292,1
1038528,0.8381952377628644,1
1068710,0.8795697097096168,1
1092417,0.8786897659025992,1
1012375,0.6385461501493992,1
1092304,0.7699828217767767,1
1019720,0.7995743866405784,1
1021019,0.5266414880283945,1
1085118,0.7218659669471552,1
1023900,0.8675183965065004,1
1030155,0.7721919273059524,1
1045216,0.7494898359162452,1
1049438,0.9013854852800264,1
1048703,0.8092763440618731,1
1071268,0.8727492909106784,1
1025530,0.6450052747050793,1
1070634,0.7967849661228944,1
1049616,0.815565214715467,1
1097155,0.8956942446775384,1
1061572,0.5723985087007619,1
1072267,0.7811154731287552,1
1096047,0.37765258615146025,0
1074058,0.675129500812799,1
1087217,0.8574704847240511,1
1010973,0.6819711672434094,1
1073819,0.8723893088619601,1
1049135,0.7702421356654966,1
1056708,0.883975055194252,1
1055071,0.8970979806762011,1
1099828,0.6297500731407114,1
1031086,0.8334756753462649,1
1022841,0.8432994711101991,1
1097802,0.7095795843864298,1
1089996,0.8119448071120828,1
1019887,0.4829157550041121,0
1009899,0.5615347953220668,1
1027707,0.8649656888550721,1
1058367,0.7950976529026826,1
1005456,0.2761172797412176,0
1059166,0.7758183492740834,1
1057694,0.8936576376447144,1
1033323,0.8466872080929355,1
1052603,0.8291180740205631,1
1029553,0.9025610207123413,1
1031411,0.8218580806208327,1
1007314,0.5492659617660467,1
1014226,0.6021589265322751,1
1026383,0.7803103201788819,1
1072159,0.8555345611405861,1
1062760,0.8610268820890191,1
1095548,0.8445586170228239,1
1056357,0.8879669685642569,1
1058328,0.5717256238417007,1
1091096,0.8372901643845708,1
1033429,0.8111985622033485,1
1072358,0.8740101973501634,1
1075482,0.7971263499985853,1
1001076,0.6018393547958697,1
1038601,0.824609804105578,1
1040502,0.4001563021490225,0
1046716,0.8721228050202667,1
1071130,0.847026519726152,1
1016320,0.6506451495288281,1
1099046,0.5949390841098952,1
1095203,0.6734143709699686,1
1077534,0.8881447141163622,1
1087072,0.8272820456133918,1
1006215,0.366096417082885,0
1082339,0.8701219253434918,1
1054017,0.7534425065019114,1
1039179,0.8028070832029004,1
1008954,0.8377291158927705,1
1075550,0.8694956891182078,1
1025745,0.8694007029135736,1
1014901,0.6941234479429965,1
1099355,0.5456642612811008,1
1039805,0.5548896720822826,1
1061110,0.8789275223498084,1
1025291,0.8066764720670287,1
1059990,0.7687940708143782,1
1053561,0.5322715923540733,1
1076812,0.8347877469692276,1
1056465,0.714892367966773,1
1081602,0.49264899918372934,0
1043701,0.7760280192532816,1
1042207,0.6470055593791885,1
1001544,0.600459440146164,1
1001243,0.7699511657789236,1
1059598,0.7572756211848757,1
1075567,0.8505496348589452,1
1000899,0.7483843909144982,1
1023660,0.7843469092490163,1
1012010,0.43863843007593983,0
1022599,0.8212107551099224,1
1040775,0.828193680454833,1
1008499,0.8100344415981773,1
1008024,0.890171770139874,1
1079324,0.8510644158871745,1
1004993,0.8767281080316253,1
1055006,0.9025635336011629,1
1044346,0.8481217672904612,1
1041714,0.7794259767750791,1
1081440,0.8991895140449443,1
1001783,0.8442641426683546,1
1000416,0.6045987664634422,1
1018190,0.49543465275719595,0
1023581,0.8361871233811374,1
1023793,0.8724939868001181,1
1061833,0.8542245746808903,1
1032971,0.8534861989647957,1
1024223,0.38244323418593823,0
1060110,0.7864595785780215,1
1043438,0.6383466107884406,1
1030587,0.9011561746696423,1
1016819,0.8435167342437585,1
1011126,0.537571894430156,1
1086188,0.8665056589394847,1
1059403,0.8121433265908865,1
1026727,0.8709096002186607,1
1061217,0.8455906857649291,1
1052576,0.9013901020751102,1
1010703,0.8635530689400825,1
1065161,0.7661999051151157,1
1097349,0.8690531239791136,1
1051920,0.8550079921304902,1
1078061,0.8576900826300096,1
1061138,0.6333979124816164,1
1077475,0.7394039438798563,1
1036248,0.8261659395840597,1
1099034,0.8283366313531411,1
1056050,0.8503365919407991,1
1038374,0.5482891326826828,1
1073992,0.8893499007345351,1
1015731,0.8615840533402361,1
1071414,0.8276138502570801,1
1053160,0.8076404136632275,1
1050335,0.856786543255121,1
1027377,0.8475319924232307,1
1024049,0.6807059071553502,1
1023957,0.7899880478757211,1
1080990,0.9078068442037768,1
1020208,0.6378541618814619,1
1085517,0.8318692533425442,1
1076993,0.6301028690892003,1
1024608,0.8784250936126272,1
1061788,0.7993174844985181,1
1002855,0.6005758710727639,1
1010100,0.40985457806607295,0
1045712,0.8558716951442972,1
1063044,0.6883936693501458,1
1040242,0.8147205724049231,1
1000202,0.8055298647969555,1
1088156,0.7591022197448427,1
1084193,0.5745105386234506,1
1016075,0.8823936526153052,1
1045609,0.8155342086102716,1
1048697,0.8625717834647563,1
1081460,0.7530136791636867,1
1006433,0.6172647950686556,1
1099167,0.584754565133893,1
1097450,0.7456026901782361,1
1020819,0.5711560202780207,1
1068614,0.865387174812185,1
1017108,0.6966922363200124,1
1029946,0.6482142989882574,1
1070849,0.8908532751825533,1
1097279,0.8586104413422614,1
1028136,0.8104062306125133,1
1035745,0.6934713500889674,1
1065618,0.9055714513884103,1
1047435,0.6756286113848632,1
1090167,0.7735712548297917,1
1019881,0.8293918542164511,1
1003391,0.5274503121608228,1
1001944,0.8367752805651059,1
1041610,0.8221918419452253,1
1074566,0.8140840118583887,1
1094655,0.759977390749751,1
1003566,0.5317516170384834,1
1040433,0.8488922991214823,1
1031874,0.823223522211257,1
1049110,0.8412626591832819,1
1036420,0.85541390537916,1
1034726,0.8101165438717903,1
1006774,0.6136664718598571,1
1054171,0.7311718639882485,1
1020385,0.8124688201581705,1
1071947,0.8767775646135528,1
1079638,0.8726977808032924,1
1096165,0.8441174917975083,1
1026697,0.8799487495685915,1
1055072,0.8446813237702776,1
1050889,0.8078151429006635,1
1044894,0.8185057604348832,1
1048338,0.8492721299220031,1
1035899,0.6009238335879957,1
1035882,0.8077984957714667,1
1082418,0.6304187596216972,1
1085873,0.8635660008270255,1
1060707,0.837202227074411,1
1056375,0.8588573442620009,1
1049166,0.7817730898942561,1
1069022,0.7781543164213558,1
1046192,0.7751253857928161,1
1097868,0.5977395255428463,1
1059454,0.7841479980216202,1
1020039,0.8759001883003839,1
1029399,0.7666816267783457,1
1042578,0.5900974730652453,1
1086854,0.6323759831049545,1
1000326,0.6344266715837275,1
1077609,0.8018174956685972,1
1051708,0.7315332095964245,1
1076445,0.8996251902188392,1
1081048,0.8050755985565219,1
1071234,0.8586416600838773,1
1068867,0.43950222225110874,0
1026195,0.8335571873070231,1
1086086,0.8871609854812386,1
1058844,0.8618300525878443,1
1009424,0.5773745750472724,1
1081172,0.8211478074984089,1
1079626,0.5518927774732257,1
1028735,0.8790651221569636,1
1014697,0.5210804548520032,1
1069924,0.8171566304073151,1
1095968,0.6996647178372144,1
1084997,0.7833370850233372,1
1079455,0.8597640669366841,1
1077863,0.7191043750090157,1
1051740,0.7700507937914463,1
1035936,0.5459311212915058,1
1000243,0.8149965458100813,1
1041456,0.8739032153402844,1
1026872,0.640559761984908,1
1071453,0.31603423384416574,0
1068826,0.8703385344921355,1
1074107,0.842667171977743,1
1095947,0.6843559459336859,1
1024286,0.8500740857444081,1
1004015,0.5619378153371597,1
1022021,0.8556663508469423,1
1057812,0.8409214083060235,1
1061040,0.8886987086970122,1
1060917,0.8963133680497981,1
1014855,0.7206579485161756,1
1078489,0.8167553267860128,1
1041221,0.8430028315158775,1
1032562,0.7495034879718085,1
1017579,0.5855891458234507,1
1051755,0.844383041299259,1
1034132,0.8323476550473867,1
1078068,0.8298722993548895,1
1039059,0.857830033180653,1
1070637,0.8735152674906187,1
1079864,0.546849722365915,1
1094415,0.8644629292797626,1
1039699,0.8124319453808776,1
1013080,0.6700492777730468,1
1002780,0.7857650736591488,1
1059591,0.8500490058333667,1
1005420,0.8099272860392874,1
1057333,0.7975201727651599,1
1073027,0.8605281267120831,1
1008787,0.6889798802938767,1
1091659,0.7623033377104265,1
1043718,0.8327315299161613,1
1063296,0.8097424467279569,1
1028717,0.8509558592430979,1
1024295,0.8726610213591649,1
1068283,0.7993714144328091,1
1061873,0.7931609974955612,1
1091344,0.855057693940541,1
1007334,0.5157836294947152,1
1039796,0.8364324364902594,1
1000103,0.5833045910737955,1
1077717,0.7374143897353366,1
1016842,0.8166388162886892,1
1055707,0.5775597925680476,1
1049211,0.6886221735188727,1
1072787,0.4684531320423776,0
1036260,0.83890398517275,1
1096738,0.8655287027247704,1
1071661,0.8554703009155725,1
1019443,0.6554606979118919,1
1099306,0.49446132324222813,0
1054746,0.61547434503544,1
1065316,0.6547104402247619,1
1073202,0.7089409149257223,1
1073234,0.8792362046864252,1
1084427,0.8277383296495817,1
1029661,0.8597633584209963,1
1054568,0.8892540610738063,1
1079875,0.7885595287085027,1
1048863,0.8262890374282194,1
1064807,0.87629272237046,1
1072568,0.881948131545702,1
1027461,0.8171467591624876,1
1057758,0.49807803407087764,0
1076105,0.8209257323949813,1
1081628,0.8377988351009543,1
1079843,0.5943755275486934,1
1001215,0.8396236039501108,1
1002232,0.8719735219284545,1
1064385,0.7007762788058123,1
1001490,0.8413361884938608,1
1034750,0.804177792257473,1
1052926,0.8609077611845306,1
1000018,0.34851164337227203,0
1000443,0.697728965118453,1
1022327,0.8593357383381277,1
1029850,0.8149690639132182,1
1020771,0.8277631228942318,1
1099198,0.5052289194856322,1
1014586,0.8567144432373177,1
1044708,0.8474367386144912,1
1002236,0.5515574378442445,1
1064148,0.5643107010954005,1
1081925,0.7934744204927724,1
1057698,0.8502813809625374,1
1088282,0.8443636495569784,1
1024374,0.8823810757242149,1
1041654,0.8374040706605234,1
1081650,0.832732577321941,1
1045348,0.8509488947260809,1
1012923,0.6743462478297065,1
1063206,0.3943951173857705,0
1082295,0.8661872428799113,1
1082325,0.8635432583688646,1
1071258,0.8400561769190475,1
1070249,0.8395210573630978,1
1066607,0.8641247163014404,1
1046346,0.8465169767427362,1
1048103,0.6558676517856845,1
1077012,0.8564896934319585,1
1065582,0.7918177528407438,1
1014087,0.6450262249366906,1
1054242,0.8797159077763439,1
1087235,0.8250406397698384,1
1078163,0.7326036465803949,1
1005214,0.6762549908666012,1
1009416,0.6080646271745426,1
1041165,0.29955408560472757,0
1075778,0.8512381967571105,1
1008398,0.6234547473669538,1
1025626,0.8747001269001822,1
1008525,0.7712788538335911,1
1051546,0.464559877752261,0
1006963,0.7859823186842664,1
1076306,0.618053347959258,1
1028560,0.8409001445494529,1
1018084,0.686002158373635,1
1084034,0.5856141419013609,1
1002618,0.56019054945601,1
1088388,0.8067336130055668,1
1000356,0.865441763742648,1
1099092,0.877696957511822,1
1050180,0.8640578304182219,1
1084081,0.8318181223085906,1
1073580,0.7354913499317547,1
1004183,0.901827385192549,1
1087464,0.6949289221821113,1
1003969,0.5291976727775055,1
1081603,0.8150565337016048,1
1024943,0.8272266688066079,1
1019046,0.8731376924346282,1
1067921,0.8915841173903604,1
1041040,0.8916442275789559,1
1091951,0.7469152854514828,1
1054247,0.7178387640909255,1
1081938,0.8750030573705555,1
1081017,0.7816757351466239,1
1036546,0.8590896266229052,1
1076076,0.8706275105322496,1
1053845,0.8066113661132035,1
1091547,0.8042166455754366,1
1058156,0.8058708024905702,1
1014625,0.6953297588198438,1
1007767,0.7637082131251492,1
1016593,0.6597505424083301,1
1039921,0.7955588576722068,1
1087228,0.6998720908162985,1
1044428,0.8509900751332805,1
1023035,0.8697244668960173,1
1011887,0.760452243404147,1
1061493,0.7317778667721282,1
1041653,0.840947002615678,1
1077316,0.8537273965805694,1
1035301,0.8268477190623745,1
1008675,0.5199857027870257,1
1095873,0.7685895732242979,1
1091755,0.6904841543077082,1
1086892,0.8662731943128976,1
1084959,0.7930848953129039,1
1071576,0.8564094428188007,1
1066207,0.8932808403715845,1
1087397,0.6998623456691535,1
1055055,0.8387980960184322,1
1006249,0.579041670841884,1
1000116,0.6200077886668824,1
1074594,0.8308465165160769,1
1001507,0.6398297478816959,1
1091569,0.8065493341766687,1
1052657,0.8389492683671799,1
1028945,0.7755705195270516,1
1078833,0.8039883398427148,1
1088219,0.8739318389261398,1
1082607,0.5852961050627039,1
1041721,0.4470194387104103,0
1016089,0.7528876426403387,1
1057748,0.7734136450771311,1
1054759,0.8267879339805138,1
1001609,0.6117145625776488,1
1010558,0.724209133874084,1
1014849,0.30087874932426306,0
1012137,0.8344868810974247,1
1093116,0.8211331407353543,1
1067855,0.8206485937843393,1
1003560,0.686527224639162,1
1057295,0.7731899938897809,1
1010923,0.5390856954606827,1
1026335,0.7717441332466943,1
1023215,0.8091505089431145,1
1041389,0.8064912015500648,1
1067958,0.5482188341871752,1
1045202,0.7359278669065067,1
1022612,0.8657497144804452,1
1062816,0.84914996504771,1
1043450,0.8447160751658409,1
1077422,0.8854241699321798,1
1019495,0.8134204354838372,1
1008198,0.3504717096308255,0
1006825,0.5261729300605932,1
1036169,0.8427441358731348,1
1083467,0.8589861791211612,1
1027008,0.5175601814775499,1
1076785,0.8300816070841159,1
1008720,0.4824140680985074,0
1066951,0.8460501718273464,1
1033627,0.8481266045470043,1
1066518,0.7936843524545454,1
1017435,0.8744517878564194,1
1096149,0.8431597670155219,1
1090062,0.8768997528906776,1
1042066,0.6050369797091866,1
1054142,0.8901965532794052,1
1002310,0.32195288394056387,0
1069453,0.8772886709297522,1
1086841,0.8251995228231707,1
1083836,0.8138786040794352,1
1069224,0.8319669744226449,1
1011983,0.7741602281919958,1
1041380,0.8316703264273309,1
1072465,0.6995249575724294,1
1044045,0.8592648689418427,1
1050201,0.8503065184438552,1
1084380,0.7862776748479819,1
1013405,0.5351137625952711,1
1002116,0.8788338663952,1
1080009,0.5063422533662586,1
1035156,0.6624147462173937,1
1050706,0.8489725140587048,1
1022870,0.5386409270513554,1
1091390,0.7553658634460183,1
1068997,0.8633575966818624,1
1052060,0.8809677979289736,1
1019506,0.8974830556020497,1
1094416,0.7773220231190535,1
1073888,0.8385324494209766,1
1028548,0.6723193338319564,1
1072816,0.8228999875368833,1
1095803,0.8072819046031234,1
1064227,0.8924235148228669,1
1032572,0.8648773080706653,1
1017649,0.7615221504137951,1
1011676,0.5754967758566925,1
1028865,0.7891170685517583,1
1046383,0.8835207688292517,1
1023357,0.8268057202250064,1
1074993,0.7162739881495338,1
1071902,0.8519616592231704,1
1092152,0.8910440695294459,1
1027378,0.8497460354758429,1
1071507,0.7696194736132689,1
1019498,0.45800171009595275,0
1098766,0.8495822790102777,1
1020786,0.6375272978115066,1
1039029,0.7273579338916469,1
1001322,0.8768086512425894,1
1022814,0.8779968256347173,1
1086907,0.8005676099142814,1
1062219,0.5905056638603062,1
1052493,0.821983937651626,1
1070937,0.8514626655611162,1
1004734,0.8552075357348289,1
1002497,0.5690783195557335,1
1039061,0.6166586981658702,1
1026514,0.8728632838360862,1
1087323,0.6261389309153805,1
1086891,0.8290512982606134,1
1030306,0.849738194079099,1
1015848,0.6422182796169373,1
1050427,0.8373132881217142,1
1012618,0.5049391365208511,1
1038307,0.9081476532744944,1
1080489,0.5670437743893935,1
1000530,0.6514476800350341,1
1082507,0.8982844199020166,1
1002569,0.4943299870023447,0
1036594,0.6999328609993419,1
1018024,0.8915909867172482,1
1044557,0.8820418502837317,1
1098297,0.5350796172344845,1
1043665,0.8167751616859179,1
1013015,0.5129386957516928,1
1089864,0.8544986902211743,1
1047276,0.8841195028718245,1
1003615,0.5650345107278713,1
1077950,0.8595621613219271,1
1040095,0.8099559836711243,1
1056869,0.7790818623444731,1
1062850,0.8512560140297747,1
1070532,0.8100132560447645,1
1059953,0.892205489203356,1
1032054,0.8147405245828404,1
1065741,0.8610975753245358,1
1048160,0.7826377687574531,1
1015087,0.7160593153806717,1
1089096,0.8084251196704212,1
1052581,0.8654236856409665,1
1091376,0.646127190768475,1
1036125,0.8478529089472864,1
1086906,0.847883797278134,1
1022538,0.37124751161652325,0
1015815,0.6830957938556225,1
1073878,0.8900871343600338,1
1016007,0.6725129804188819,1
1086425,0.8238019758218318,1
1026648,0.8789572952229172,1
1012759,0.5484790421929935,1
1091922,0.8486283777164172,1
1088036,0.8348488156757582,1
1008664,0.4855058900848065,0
1009027,0.8581625128735686,1
1094292,0.7128614292829529,1
1056653,0.8116306991009954,1
1036301,0.8286826423800416,1
1048484,0.8531674313963633,1
1051608,0.8800175947962575,1
1015328,0.6949238195664054,1
1018810,0.8936727557713684,1
1002043,0.538143471975849,1
1046444,0.9065343147724934,1
1066560,0.8200738490266839,1
1099854,0.8716191985090171,1
1069645,0.8411851020152362,1
1038219,0.8007936129472745,1
1002335,0.6781326276807915,1
1067276,0.8508049470776788,1
1097113,0.8650879280360004,1
1046825,0.7307834138762552,1
1027139,0.7731816525851186,1
1032385,0.835008641626961,1
1030782,0.8471216261223279,1
1081182,0.8374669521473451,1
1031271,0.8808498781656402,1
1085483,0.8291660717229321,1
1037770,0.36526460047702913,0
1075102,0.8118618201267314,1
1056087,0.8680642957984801,1
1001483,0.8392200161732566,1
1067134,0.8946259752376562,1
1020550,0.8669396895129747,1
1085131,0.8008705517821432,1
1005438,0.54943238392209,1
1006438,0.7417207545716251,1
1008315,0.584991897107627,1
1090615,0.7912642535952196,1
1018572,0.8352147003447192,1
1069955,0.8262245719009865,1
1034909,0.6351423876042258,1
1036071,0.7033871949628517,1
1060438,0.8568041184451421,1
1079165,0.8073342478906927,1
1001105,0.6134252410475893,1
1033234,0.8333111433339966,1
1049315,0.8697925514938575,1
1023953,0.7807836202174528,1
1028480,0.7537535931115773,1
1058879,0.8301055158272057,1
1064339,0.8204689079601669,1
1017844,0.4786402714201229,0
1087013,0.6999307746671896,1
1064282,0.76910840187738,1
1049727,0.8853003544946995,1
1048786,0.36476867580744404,0
1058044,0.7569187944208018,1
1066302,0.7029448592604194,1
1067523,0.6759142422374997,1
1066282,0.8751836042456397,1
1076032,0.8303492390163152,1
1099099,0.33288309102841357,0
1079880,0.786333911155011,1
1017803,0.7602176269740716,1
1053394,0.8414917420247833,1
1066572,0.7593465988619145,1
1057208,0.9024305680265805,1
1063482,0.7944556353454112,1
1068841,0.8652725877819715,1
1061596,0.426681604720655,0
1081527,0.8099052050833662,1
1083848,0.7717016587925489,1
1080906,0.8118298555414081,1
1053404,0.8851626707349454,1
1093556,0.8426372593401072,1
1039321,0.8757907573370395,1
1048500,0.7851735852984996,1
1011903,0.5784578465907397,1
1025104,0.8592034621149893,1
1099900,0.5249358199198919,1
1082849,0.7893228934369578,1
1078316,0.7465278689381651,1
1042564,0.7200865253540228,1
1010848,0.8606281849701749,1
1054434,0.8841176832393721,1
1031521,0.79500777326759,1
1045363,0.719394633053786,1
1091447,0.8590568718397524,1
1052295,0.879261419929476,1
1061415,0.8662985035081848,1
1044003,0.8606855733127379,1
1028784,0.6423048170792998,1
1042502,0.717565041583906,1
1048749,0.7005056891824748,1
1003215,0.8289241136749839,1
1059053,0.7933001578091546,1
1016204,0.8463939558764195,1
1097559,0.8621023501088356,1
1069735,0.8009209832193473,1
1097411,0.7883295015247296,1
1063778,0.8689612967567965,1
1005412,0.5863247168455328,1
1091917,0.851255684195694,1
1061903,0.757534562676967,1
1014222,0.49171272203644056,0
1093195,0.8102555835699335,1
1016283,0.4099140805461261,0
1046127,0.8590217397103803,1
1034111,0.8441440012641634,1
1008027,0.7412512018338401,1
1019056,0.8775627127550555,1
1094631,0.8565782010874365,1
1035597,0.7964281639288994,1
1072972,0.853985751908675,1
1082799,0.8375114306923429,1
1004152,0.6553245956483476,1
1068663,0.9032667345203874,1
1002660,0.7464649951228862,1
1007802,0.7555545736521126,1
1029054,0.8847490970957654,1
1076725,0.8329662160328081,1
1030339,0.5539458112374921,1
1029161,0.7853912997328977,1
1010105,0.3692966510804622,0
1077360,0.7995001052657615,1
1085715,0.8505399358379158,1
1096801,0.8591683371851746,1
1062640,0.8084478727050457,1
1038459,0.8467761857833529,1
1026512,0.5416426257159332,1
1083781,0.755904449160813,1
1014114,0.7195541618079964,1
1069310,0.7861026860602817,1
1091890,0.7505329173320261,1
1091202,0.6957393215075973,1
1032862,0.6340123794474503,1
1055496,0.7770449255299587,1
1045594,0.8527331421413629,1
1031085,0.7498263313654135,1
1044198,0.8376080703931016,1
1032545,0.842403995368801,1
1012260,0.7417596721733284,1
1095954,0.5146592556564398,1
1028727,0.4882335184093373,0
1036063,0.8579682110753987,1
1050957,0.853984024405103,1
1024465,0.8865099731898357,1
1046286,0.4796291516722226,0
1095609,0.8356384949664117,1
1010836,0.7359608709814064,1
1040909,0.766276273613394,1
1033292,0.77914577256339,1
1070877,0.864302114470695,1
1000849,0.496880671831,0
1062465,0.8684016064824742,1
1007593,0.3189657999758369,0
1073198,0.8593707191548703,1
1065553,0.8645779202198687,1
1080872,0.8435732772394029,1
1031500,0.8419427731859652,1
1038733,0.3666131116902484,0
1027363,0.667451400831851,1
1056882,0.6025567365675071,1
1023841,0.32795256107002635,0
1075811,0.815578359262005,1
1048506,0.7937284751792975,1
1021277,0.8107253494942321,1
1091040,0.8704527048728617,1
1050691,0.8729304232508073,1
1001324,0.8351579161922134,1
1082783,0.6346687757348192,1
1024696,0.7944492425858115,1
1023704,0.5911887416220193,1
1040736,0.6063993246046628,1
1079331,0.8219993695096774,1
1045478,0.8606066095388271,1
1065335,0.8181329963862869,1
1057077,0.7502173654543904,1
1031593,0.8537148350173671,1
1098300,0.8556701549358313,1
1000436,0.705684956324582,1
1031786,0.7803431999193567,1
1082034,0.7845382650120389,1
1096726,0.40663616823607873,0
1049706,0.8346407091389465,1
1002568,0.8503218440633418,1
1048883,0.8802455284813909,1
1029984,0.7310685287329085,1
1036289,0.8290917054529111,1
1018528,0.6631664233909103,1
1049837,0.8804919951062701,1
1030927,0.8563212892162715,1
1079204,0.7027772311017064,1
1079435,0.7547900824298175,1
1048880,0.8138766509640806,1
1054965,0.8344707996948713,1
1081185,0.5603585336137455,1
1022667,0.8062822801191871,1
1071832,0.8252535765063305,1
1004292,0.8598120533517889,1
1050228,0.7709289883241676,1
1075970,0.675132811838611,1
1006900,0.8546635422577509,1
1035604,0.8806293550043219,1
1049242,0.8129792225925639,1
1098535,0.8466719168915835,1
1061192,0.8890809338862777,1
1090367,0.8065909914396654,1
1094661,0.7572069626750405,1
1073180,0.8388337063772212,1
1063822,0.8334210839256323,1
1065437,0.7041381117484548,1
1033495,0.818651811632149,1
1053685,0.8435419732635137,1
1013154,0.6128530573570674,1
1021586,0.7460025349646539,1
1095232,0.7517856333952242,1
1043016,0.7577273870347403,1
1050405,0.8246615708385169,1
1098031,0.7352409838973658,1
1082152,0.59510942201469,1
1072781,0.5380607952936722,1
1009986,0.6173896787668535,1
1084105,0.8512263187432294,1
1077995,0.7944073262485785,1
1044422,0.8773198304294325,1
1019315,0.4467575309886675,0
1091771,0.8473998010535458,1
1078285,0.8019789324990458,1
1030213,0.8812831096287003,1
1033356,0.8265088302626035,1
1094530,0.8442467499999,1
1022235,0.8575940211274221,1
1091333,0.8371715992962466,1
1005198,0.6505074566895538,1
1061054,0.8430995069071392,1
1050713,0.8822830608385235,1
1002465,0.6239152338593669,1
1073252,0.8689141940027841,1
1027480,0.8481543285513694,1
1036696,0.5557494724413333,1
1023439,0.7394917240606214,1
1018138,0.8686906593536944,1
1048284,0.9001676943260627,1
1012283,0.4490126254768528,0
1077400,0.6865477457906848,1
1076023,0.7579342607976075,1
1049077,0.8002311588754376,1
1079899,0.8668774688116884,1
1040660,0.8655692315170375,1
1087633,0.5299581991558869,1
1000086,0.8099307019071295,1
1022035,0.8014724176404424,1
1000052,0.4486515451152111,0
1097281,0.6941805304909583,1
1006328,0.47534266853867396,0
1034814,0.38001840217184824,0
1043809,0.7097213968932778,1
1068181,0.8339919088057253,1
1049230,0.8119993486676725,1
1010822,0.4775387254352261,0
1093362,0.8432857576338463,1
1079512,0.7429603288463924,1
1034036,0.7976637056869832,1
1087070,0.8121875429455808,1
1007018,0.8804510610828223,1
1059734,0.8368143095595387,1
1053817,0.846847900934669,1
1005948,0.8801472380964744,1
1023740,0.5190115032761443,1
1040185,0.8239259434478337,1
1086303,0.7747585894708154,1
1085298,0.8123962885533823,1
1029081,0.4864782435733476,0
1050051,0.6727172105698038,1
1052459,0.6016503805855585,1
1061953,0.8034769203593907,1
1071645,0.8099964915786795,1
1096144,0.8274878822912479,1
1035873,0.8820503493468798,1
1071773,0.8471281503713072,1
1003326,0.5891763291711393,1
1092682,0.8412536690731334,1
1073776,0.8783535945252327,1
1046627,0.8691902785994883,1
1004397,0.36506033253039866,0
1057136,0.7866310725712625,1
1024548,0.4442407954746574,0
1092285,0.823422507693487,1
1037305,0.4763657201976821,0
1011808,0.7039259617161632,1
1072559,0.6303788595385981,1
1014463,0.5788750945035904,1
1085113,0.6934003028490883,1
1083390,0.7810537786987779,1
1096437,0.8372331702850323,1
1000853,0.5981101285450113,1
1083671,0.657848774150939,1
1064334,0.8467152013539659,1
1015921,0.8350915377647006,1
1008229,0.7861736384849325,1
1047530,0.8886937230567473,1
1074639,0.898910496577077,1
1074080,0.8957882198083253,1
1023656,0.7130751725527309,1
1054526,0.6449281566738297,1
1084576,0.8151339774775173,1
1006110,0.3832378652134287,0
1094311,0.7884716828435346,1
1052151,0.8254680695747963,1
1015171,0.6672746650834471,1
1021878,0.8696719192493877,1
1061309,0.8549309280483295,1
1042807,0.9035867353163476,1
1062766,0.22635882368651947,0
1097672,0.7008325850162523,1
1004780,0.45046540090329484,0
1016324,0.8522113855154093,1
1006155,0.3678534933194859,0
1072571,0.8050163156406592,1
1013871,0.4018080638707545,0
1071239,0.7768670396852714,1
1076189,0.6506056801806526,1
1093729,0.6366711945942273,1
1001029,0.4529891361248417,0
1071246,0.8243667235775207,1
1002245,0.8554289743295048,1
1078475,0.793925436204084,1
1020719,0.7471688301091146,1
1068558,0.8761769818793467,1
1034414,0.8718742102277198,1
1031107,0.8489233382041265,1
1079797,0.7579800682489033,1
1089270,0.8316504967086668,1
1002989,0.7808174114099188,1
1019039,0.8788035364189061,1
1088728,0.6095858087696265,1
1080334,0.7897299446174898,1
1017771,0.8495135093153369,1
1033628,0.652545220925348,1
1037462,0.8456817946415761,1
1029690,0.8247934510088011,1
1053421,0.3869087285866616,0
1051434,0.5502383724036637,1
1074580,0.81686092257361,1
1063640,0.9007823986194317,1
1053354,0.5780148144790918,1
1081296,0.6379859232766046,1
1056576,0.8278439011938858,1
1039945,0.8279309712733105,1
1003487,0.8642384727334367,1
1079596,0.8383748246757219,1
1033388,0.8258553153177559,1
1053114,0.8292312688306949,1
1031133,0.8550185057608122,1
1088666,0.8071150475460948,1
1026945,0.8382047726705055,1
1072627,0.4864049935703325,0
1038313,0.8300422452148662,1
1090309,0.7298792516624855,1
1016741,0.3124351425439855,0
1042277,0.848255874994729,1
1005960,0.6870862967831642,1
1053382,0.6808427817752715,1
1056371,0.6535357114928344,1
1032342,0.8476949358005162,1
1048732,0.8305544748205113,1
1004599,0.7756161988091932,1
1015129,0.7633625734366307,1
1092575,0.8691928022357595,1
1011417,0.5270458192742169,1
1031956,0.8213838473567361,1
1085330,0.8723649574014966,1
1048372,0.842143062554144,1
1028902,0.8462613113482184,1
1020210,0.6209165393421971,1
1009121,0.8266959421516721,1
1089753,0.8621055931994419,1
1082584,0.8552090882706345,1
1056753,0.8637583886069319,1
1033774,0.818081811891131,1
1047195,0.4394704820594645,0
1035321,0.8785797531447438,1
1027118,0.713153330507081,1
1078549,0.8370303306608642,1
1027689,0.8625950077129422,1
1083190,0.8142824058620717,1
1040417,0.6978891451751863,1
1051803,0.8441116904095678,1
1068012,0.8356654722721067,1
1042946,0.7757937742199859,1
1005958,0.3978975065008731,0
1062114,0.8451493864133622,1
1023330,0.8313301046916778,1
1062797,0.8600295137506969,1
1036182,0.8448167554992495,1
1011746,0.7599690364404353,1
1038584,0.8396694227685367,1
1028978,0.7167144629489247,1
1057611,0.4026878699348792,0
1067265,0.8540836917528531,1
1056024,0.9080734914832932,1
1079323,0.852711313905008,1
1069643,0.772007915645848,1
1023442,0.8800625935268173,1
1012579,0.5863117197514744,1
1017535,0.5804554984707929,1
1004011,0.8680152465491463,1
1027708,0.8209462543342816,1
1094048,0.7282721079757103,1
1021746,0.8471428059550242,1
1069449,0.901706911654351,1
1098307,0.7204874017644664,1
1062096,0.6688010717993462,1
1078691,0.839134936960556,1
1023433,0.846099839927987,1
1068145,0.8867692375266887,1
1094117,0.8642696995586353,1
1050312,0.8487782732449799,1
1081305,0.6592060711763477,1
1070983,0.42705556566751707,0
1032983,0.8234955239453046,1
1067998,0.8662235676395212,1
1076224,0.8233410052649589,1
1081912,0.8413354820594368,1
1013266,0.7492644380556334,1
1009775,0.853126804873746,1
1051072,0.7676714348033266,1
1018005,0.6187495391270997,1
1087319,0.820527253744879,1
1079016,0.87360748288954,1
1004900,0.6479524582717325,1
1042562,0.8060884224669863,1
1023265,0.8616433610816217,1
1030876,0.8733326192989689,1
1096543,0.8092452528173598,1
1025909,0.7405679391524208,1
1024675,0.8539837771743711,1
1080553,0.8321189014338096,1
1081325,0.8996395017734212,1
1099176,0.5769705253240236,1
1006697,0.45091222847730267,0
1026328,0.46883290490205004,0
1000944,0.658414531032133,1
1026894,0.5495890678045919,1
1007212,0.8622076404885286,1
1045402,0.6036053211600336,1
1076261,0.7234719555591482,1
1052819,0.802016481672966,1
1088154,0.8562782968687725,1
1053208,0.8693167607084167,1
1098259,0.7321326240516459,1
1022908,0.5218843080323905,1
1025341,0.7967236573416483,1
1071621,0.8548925790124833,1
1008558,0.6765711419725781,1
1006462,0.26869326934341836,0
1081953,0.8928433160140736,1
1018150,0.8573481660933939,1
1044378,0.5778597996248782,1
1003379,0.4972049760543283,0
1066699,0.31634512677887655,0
1028279,0.863516565782112,1
1068016,0.837794445807704,1
1088262,0.884342113520482,1
1034609,0.8373273226533077,1
1038310,0.8484633851792823,1
1014577,0.43407043101196063,0
1074172,0.8687230405413091,1
1094826,0.7276903217474003,1
1082693,0.7303663701876808,1
1078710,0.7736688501006043,1
1012148,0.8709200151893546,1
1077087,0.8044416255430338,1
1073925,0.857208167910222,1
1042326,0.7939777124042626,1
1080228,0.8216934054175793,1
1049399,0.3204466679070294,0
1025163,0.8011863109107716,1
1068659,0.8666925552912974,1
1021628,0.8481421923058046,1
1020947,0.44199400889337237,0
1007317,0.3511988950341687,0
1040369,0.876090437092758,1
1032744,0.8103096181140932,1
1078775,0.8733677099337159,1
1013375,0.5941553704390917,1
1092184,0.8413971216589663,1
1011224,0.6272437679847156,1
1025513,0.8916133843676873,1
1030003,0.8816429674502304,1
1004476,0.4904572656889823,0
1055116,0.8487115825372099,1
1096928,0.88522442289077,1
1090698,0.5413585727741016,1
1049554,0.7987733010943496,1
1031674,0.5158651533262915,1
1075011,0.866319088688211,1
1036082,0.804376595986511,1
1012393,0.8480003080063939,1
1080169,0.7925004225582123,1
1007784,0.8914224767835769,1
1016165,0.7768112261498533,1
1003003,0.7089367977725579,1
1033139,0.6396832987286827,1
1066505,0.8111984633460487,1
1022048,0.7819372824339604,1
1035376,0.8062718197384395,1
1057297,0.8591416184225301,1
1019968,0.7972424722624718,1
1051590,0.8493919948610098,1
1068035,0.8701195015009863,1
1013626,0.44986146387610576,0
1026269,0.8736033722799349,1
1045303,0.861383120340576,1
1054466,0.8492674784063895,1
1057343,0.8256739301828533,1
1053402,0.8685892636489382,1
1008896,0.5305575987910744,1
1054284,0.8947076238407902,1
1023267,0.8357335213564484,1
1056709,0.8363192928408854,1
1078116,0.7883453970263065,1
1031225,0.8172109500047962,1
1073469,0.8619151510799893,1
1045011,0.8162102753770887,1
1011647,0.8827578855879151,1
1060165,0.7678193154458159,1
1026438,0.8417728766553622,1
1082894,0.6507921890298574,1
1003252,0.8586661395693739,1
1045325,0.842724515721151,1
1052761,0.808858192944613,1
1046226,0.8608537081658734,1
1062754,0.875073668034606,1
1075427,0.889531576799126,1
1061602,0.9084674839703558,1
1017531,0.6581651421422446,1
1002005,0.32133988278410447,0
1066734,0.46112519600004415,0
1007898,0.49463076072924794,0
1058217,0.8681869363191422,1
1039086,0.8374209296387787,1
1090653,0.8965474373828455,1
1059879,0.2632100939215729,0
1034904,0.6668714536681085,1
1095971,0.8541921951467715,1
1091352,0.8606947869228759,1
1017251,0.7966198193704949,1
1070183,0.5120804926129183,1
1031209,0.8101958267367744,1
1021701,0.8009558657925997,1
1053920,0.8445042055232871,1
1018618,0.897599517870292,1
1035703,0.7716948326439792,1
1066382,0.7500426790450304,1
1069115,0.8781836535339468,1
1062037,0.820030511481999,1
1059922,0.6113233858350171,1
1080423,0.8589431358374123,1
1055112,0.7871882692237767,1
1023976,0.39029420129435793,0
1030857,0.4835719467658673,0
1006480,0.6849516673035377,1
1086421,0.7668235437051791,1
1081596,0.8665856354398492,1
1021667,0.8170369309500218,1
1014171,0.8761059673560204,1
1074118,0.8203893480565907,1
1071857,0.8685961192981884,1
1029324,0.8568790895725287,1
1064257,0.8436206883007302,1
1066711,0.8840625606264808,1
1085260,0.7728297093857069,1
1007426,0.650908839335873,1
1060444,0.5112210038723566,1
1096619,0.6939363145342167,1
1050979,0.7239943487287294,1
1082201,0.7127781491983615,1
1093532,0.8992345625398467,1
1007471,0.48816316057090137,0
1081399,0.6090873215633532,1
1096732,0.8609940066394275,1
1071771,0.7866050491344674,1
1005955,0.6286571482903819,1
1057093,0.8396630446705747,1
1089966,0.6969713937169578,1
1031812,0.7778055134798145,1
1080610,0.8357073580046614,1
1058439,0.869099808116404,1
1044856,0.834768169888815,1
1085174,0.46548521289562417,0
1032596,0.8526929912655077,1
1018666,0.8139489314799294,1
1013208,0.32771845811357114,0
1031524,0.7596622306305538,1
1080025,0.8575034257161027,1
1043869,0.45789705144819787,0
1055892,0.8716646360954823,1
1046536,0.7733340290443665,1
1022015,0.80604628851077,1
1027319,0.7373172770707234,1
1059304,0.8775316527906376,1
1051617,0.8181358449084231,1
1067115,0.8692818291355724,1
1061167,0.905622209371166,1
1012448,0.863455380017176,1
1094261,0.6507494354625449,1
1090951,0.8978007406845887,1
1048248,0.7941353902881314,1
1020438,0.8139041471130162,1
1048796,0.8393171485674311,1
1072479,0.6842145678766708,1
1077577,0.749437771488344,1
1067931,0.8176644489912229,1
1001443,0.8286594542623532,1
1032568,0.7452605055441308,1
1066387,0.7783952072988868,1
1017658,0.5319471336669441,1
1068733,0.7808288054020024,1
1012330,0.8486348949750968,1
1099795,0.7843304215211682,1
1053794,0.8794213630668263,1
1063307,0.8437269187484354,1
1070910,0.8448978709898614,1
1042724,0.8578878522864388,1
1035458,0.6617641501863654,1
1064165,0.4932695500539224,0
1013826,0.9013854459652777,1
1019033,0.823707350328148,1
1038215,0.7318620570011405,1
1082139,0.8931452295750455,1
1059853,0.6966007475412688,1
1086117,0.8221773644447316,1
1039953,0.5702052240374283,1
1086437,0.8192137776116631,1
1039971,0.8882510335019462,1
1033434,0.8667455790818792,1
1020558,0.8169759272157255,1
1055696,0.8467177031185293,1
1095100,0.8795577645223897,1
1055417,0.8462169960232978,1
1073019,0.8721064486008533,1
1028619,0.8228972131604552,1
1096312,0.7256205878679192,1
1084663,0.5631216416325269,1
1090744,0.7137348297592719,1
1077653,0.8492323184855772,1
1045935,0.8310140653538773,1
1090373,0.8211184852529824,1
1005534,0.6346768638379238,1
1095865,0.8466339822839688,1
1058438,0.7108711197150331,1
1012061,0.708971717146769,1
1095843,0.4960144968986402,0
1057877,0.8601156397262447,1
1019509,0.7253040704571644,1
1051700,0.6065796771845338,1
1099398,0.8761149158582865,1
1083449,0.8848758659287913,1
1088176,0.8479079685279148,1
1084937,0.8543098124233945,1
1017828,0.6766610225808081,1
1007635,0.8598176181893362,1
1097663,0.6392726931837431,1
1007978,0.6146358730152485,1
1093766,0.7122303719294139,1
1003258,0.5556963493771312,1
1099200,0.8476626178904584,1
1033003,0.8283677973829909,1
1075082,0.8149873178356395,1
1052507,0.7814774822887265,1
1002844,0.612380213071086,1
1010598,0.8459150644118043,1
1005957,0.42699078311066035,0
1058814,0.8954974270649317,1
1011773,0.5998096878348123,1
1006317,0.41896207572854377,0
1042862,0.7832044937661353,1
1039166,0.7857873543415463,1
1053981,0.9096513557842869,1
1062734,0.8396030676465075,1
1073728,0.9064000607199545,1
1008001,0.5786487379958509,1
1089160,0.81850225422766,1
1094916,0.8556916726006382,1
1033761,0.5691104018763884,1
1074673,0.8666596232480788,1
1096697,0.36292972763657483,0
1040776,0.8296904323627677,1
1021780,0.5666910499195595,1
1088877,0.8986586887028823,1
1002033,0.8752019002657966,1
1053146,0.865998052320851,1
1087445,0.8294380097921444,1
1018773,0.825393819856051,1
1086648,0.7886700159444853,1
1029590,0.8853896297147267,1
1075986,0.8577723068664276,1
1049701,0.7894233733679482,1
1030944,0.7679287218818209,1
1007956,0.42140903263386303,0
1091872,0.8507459912290065,1
1045105,0.8445567664037259,1
1040864,0.8480934570315113,1
1035428,0.7693328543924604,1
1044126,0.8694230872924792,1
1006546,0.572099955956287,1
1022072,0.8545949159681693,1
1010749,0.5770014416083485,1
1047336,0.8084356444539287,1
1028016,0.8482345245771848,1
1083938,0.6130630047928552,1
1069033,0.8264101626250643,1
1019310,0.8981645756241258,1
1023805,0.7634005704883473,1
1023961,0.8601041077551385,1
1000560,0.48181595921284365,0
1015358,0.588302822012555,1
1060820,0.8509810554417223,1
1046771,0.7941751410149939,1
1018230,0.33813161141660847,0
1061667,0.634373627708936,1
1010697,0.8214378265202625,1
1006975,0.5154477896073341,1
1026280,0.687410339563357,1
1014011,0.8638138813635843,1
1024951,0.8091246920638823,1
1029848,0.8822434639453197,1
1036450,0.823233664114328,1
1023646,0.8685541737214134,1
1074189,0.6955282226608674,1
1058261,0.8361045722857872,1
1003837,0.6039488711893298,1
1056224,0.8514901041121101,1
1063388,0.8338637345344971,1
1001684,0.37340467547933,0
1093663,0.8299080644596446,1
1047838,0.8280930147474767,1
1003309,0.774524428417273,1
1074746,0.8084569530925678,1
1011757,0.7520475897748591,1
1074531,0.8422545614299655,1
1001137,0.3311422589620994,0
1014379,0.28922261952425576,0
1092579,0.8273922834507565,1
1040773,0.8388212415325295,1
1066488,0.8614632091634562,1
1072042,0.7626188844737988,1
1026673,0.689567652787225,1
1058834,0.8842349831959523,1
1000406,0.7314717273688683,1
1093024,0.6697766194799586,1
1017314,0.6560250729114538,1
1070275,0.8575768668870706,1
1086033,0.6628597755328282,1
1087569,0.8102664582403283,1
1050098,0.6697536571794217,1
1006756,0.728818766677932,1
1092590,0.9035879934999234,1
1075010,0.8788248175037204,1
1022016,0.36985589012538345,0
1092667,0.8039678268850861,1
1036954,0.846778662215835,1
1013650,0.6445658945768933,1
1057729,0.8446460971299806,1
1012512,0.5687898180489672,1
1069198,0.8380215053535081,1
1093057,0.6134163479990257,1
1086138,0.8397905495803275,1
1000013,0.8718934868241477,1
1046678,0.8625356180311121,1
1091379,0.42979076357857726,0
1084834,0.874693373019447,1
1051551,0.8105997669746865,1
1044049,0.8304907838230118,1
1092945,0.4043412808244647,0
1008321,0.6231625035862177,1
1069120,0.8268762300504972,1
1011391,0.6877582091523229,1
1098623,0.6346781463589903,1
1021479,0.8707623830188512,1
1014603,0.8023150927739526,1
1079134,0.8061215580857606,1
1030102,0.8625305101794454,1
1025054,0.8446169748016127,1
1046487,0.8527979748424065,1
1036708,0.3910567775822335,0
1045450,0.7646665643296061,1
1087488,0.8912440509603103,1
1071693,0.7981029684341356,1
1018968,0.5236034904513306,1
1040315,0.851798327533241,1
1072925,0.7734262727765281,1
1039076,0.8806032504875276,1
1081729,0.8243392643999771,1
1027574,0.8922788111877962,1
1005586,0.6689293981862612,1
1072334,0.5839102725276444,1
1008218,0.47982994024215475,0
1016045,0.875875892429637,1
1028472,0.8319088439762921,1
1080634,0.6944660983241598,1
1093250,0.9002368663890896,1
1065478,0.8435950338293898,1
1087773,0.6351238280631656,1
1040946,0.8539480500773834,1
1007200,0.45501169993090623,0
1033366,0.8703603601820038,1
1098683,0.6313371034043389,1
1077423,0.7181691046407386,1
1020513,0.5702358832748203,1
1017591,0.4898379168953593,0
1000299,0.8851574384934354,1
1025511,0.8397152274785025,1
1004847,0.5658652932442639,1
1084608,0.45278784483608836,0
1013117,0.32910859945279003,0
1092486,0.8657063156657157,1
1086737,0.871146238063036,1
1018814,0.8909897612767997,1
1071963,0.8150323908913726,1
1018189,0.6117065742784118,1
1071879,0.8704051316611704,1
1076732,0.8177163237937125,1
1072896,0.37449741305723744,0
1098101,0.8737716122980719,1
1054640,0.8808892305836058,1
1012270,0.3683848211284727,0
1072421,0.87293601916071,1
1022783,0.8039790778669796,1
1014805,0.8846045133135976,1
1071355,0.5061250496654138,1
1081898,0.8641563903151094,1
1093679,0.8556636816087526,1
1000477,0.6844807446234623,1
1027164,0.8865508720928073,1
1017610,0.7331844273129327,1
1098298,0.7384833157649134,1
1009670,0.6228021154091493,1
1032309,0.6436235131956628,1
1004585,0.8233500589311759,1
1074077,0.7157488235045236,1
1064946,0.8756336456788454,1
1072036,0.8815236999384365,1
1032426,0.7352297962261858,1
1099864,0.8370457020002404,1
1002650,0.8304472657203953,1
1059904,0.8682975597049419,1
1062244,0.7462766292988918,1
1052269,0.5223411529470539,1
1084348,0.8541600099274308,1
1022859,0.41405484020907163,0
1084451,0.8722223613176551,1
1012791,0.7768503416378918,1
1063282,0.6748717141532665,1
1035031,0.8852744928068699,1
1005742,0.839221219821418,1
1049192,0.8351591494643633,1
1001772,0.8444023764740615,1
1064020,0.713266717406399,1
1031602,0.8253974699277441,1
1088524,0.7933707328045843,1
1027282,0.8444369975370534,1
1099591,0.4251162643964278,0
1066176,0.6839913809734832,1
1011047,0.8674005770571058,1
1087182,0.8874257443161933,1
1047165,0.8600118790534356,1
1024278,0.8601771429356941,1
1010255,0.8527809183496049,1
1015051,0.6389776243973159,1
1064951,0.7780148584012785,1
1032307,0.8562070239394449,1
1077997,0.8479051922731697,1
1050463,0.6896859607777284,1
1078412,0.8176086345259532,1
1078968,0.816096441546389,1
1099537,0.6719258325703429,1
1014525,0.6427496744191054,1
1078953,0.8460119850246596,1
1044103,0.8258817888890484,1
1007284,0.8401823555427201,1
1059606,0.6339901553160503,1
1065816,0.8150096549535515,1
1033231,0.5881004153391721,1
1083461,0.8731288161787404,1
1032957,0.8864751820009488,1
1083538,0.7492155993930706,1
1060717,0.8139614511156209,1
1027072,0.9025605573571056,1
1082078,0.8693803667594399,1
1034530,0.6237509070967204,1
1085447,0.8253618123897636,1
1053463,0.8031707679681442,1
1023342,0.7753713108652265,1
1035938,0.8246999834383709,1
1065131,0.8591123564206282,1
1074733,0.7050463026029672,1
1076947,0.7493310911854669,1
1021626,0.8191700053224648,1
1017047,0.8498064715939851,1
1012256,0.4184832963492585,0
1072881,0.8853461717149771,1
1099544,0.7905326297172891,1
1060289,0.8863020924019209,1
1099826,0.1584335135020966,0
1023240,0.6127961705522494,1
1035757,0.8676867444377796,1
1085603,0.8313765650928903,1
1025072,0.8732682671217964,1
1050766,0.5753037193717083,1
1055748,0.8791396668617981,1
1018934,0.8812805378310704,1
1074253,0.7315651200143389,1
1042765,0.8564793072703784,1
1021147,0.8281069130873244,1
1018232,0.4056928327512172,0
1067431,0.7642195268159343,1
1091592,0.8189372233157102,1
1010154,0.41254113634965617,0
1045938,0.8989584989714468,1
1077432,0.8593578332927527,1
1042511,0.8956023979074645,1
1092635,0.8634172175844826,1
1000214,0.8277604613577557,1
1054401,0.8870783635623046,1
1023654,0.8640105859425671,1
1041400,0.8181151430544523,1
1052292,0.8576288876793976,1
1076647,0.8643852214428176,1
1048156,0.8328659086150527,1
1042852,0.8629827290898768,1
1040885,0.6185748472974474,1
1064244,0.7616175427708807,1
1069273,0.8818459356189942,1
1094475,0.7730574827833399,1
1094578,0.8266878744673519,1
1065827,0.8456816299603728,1
1089908,0.8655418330078557,1
1090009,0.7250592673237972,1
1004743,0.6696172533862422,1
1053365,0.828948876150289,1
1018053,0.6959802677663086,1
1059030,0.8197532563186253,1
1017562,0.4062281602316929,0
1048948,0.693709410143385,1
1047740,0.8556763129732081,1
1076236,0.8664083198856277,1
1046227,0.5904193065035276,1
1077014,0.7706902366600241,1
1015134,0.3899400081938037,0
1016496,0.8809205863621693,1
1047566,0.7656251354259109,1
1063736,0.8409691037429139,1
1086769,0.8544022933270748,1
1070696,0.6693591736739671,1
1027665,0.8587739721199275,1
1051103,0.8597104110018209,1
1083639,0.8834066115670468,1
1087066,0.8320617594804529,1
1031613,0.6786615106008527,1
1034688,0.8788995036395127,1
1007547,0.900191465050043,1
1087127,0.8673458690858317,1
1088594,0.8360416647065099,1
1066126,0.5985922594967384,1
1019492,0.8512418899274735,1
1040379,0.8422110252753916,1
1091857,0.6974896625743036,1
1084306,0.8727724566844968,1
1008924,0.5163483396113291,1
1062690,0.7398880313852705,1
1052690,0.8370519085123331,1
1024583,0.7896666705258032,1
1090312,0.8112842633450146,1
1089579,0.8329886112286312,1
1002406,0.8221972135099013,1
1009326,0.45143674683083124,0
1086200,0.5017043359046249,1
1078092,0.7836843496501662,1
1006706,0.6181398299206244,1
1063712,0.8366877028945984,1
1065487,0.862616972893207,1
1016178,0.8901464202762315,1
1060126,0.8100802056027677,1
1019786,0.8823940176768154,1
1027107,0.645139065056238,1
1000250,0.8069347461368093,1
1041364,0.8356254917722485,1
1021498,0.7860839901431304,1
1081481,0.8160679944910181,1
1096994,0.8682429470633337,1
1057396,0.7624671526927297,1
1052333,0.8718996502549474,1
1092063,0.8530118043071783,1
1011215,0.5537156187483326,1
1051024,0.7607869921173137,1
1004959,0.4954604617436682,0
1078265,0.8712128414489237,1
1003782,0.7631812963737152,1
1090096,0.8091271175536595,1
1032584,0.8167155448471585,1
1006200,0.8069362138159653,1
1092569,0.8037549808201185,1
1014800,0.832716579529121,1
1074352,0.8453516864068253,1
1054428,0.7899330931307702,1
1064097,0.7728347706781686,1
1069603,0.8392770022435696,1
1099436,0.6519775232647331,1
1078866,0.8454139163824451,1
1085545,0.8049230425736463,1
1054031,0.851245004889264,1
1093986,0.4284820159438109,0
1001869,0.7574990838568423,1
1094696,0.6806843671249121,1
1029385,0.8094827430698218,1
1042660,0.8356380563053089,1
1070857,0.708638805829719,1
1015499,0.7923219751714368,1
1094364,0.8425441279958567,1
1039129,0.8484819739405358,1
1058280,0.8807712751871962,1
1070298,0.6803499630047557,1
1037266,0.4682620856664537,0
1029741,0.8588266284889189,1
1071794,0.7341450974746401,1
1002558,0.675067424062036,1
1077373,0.8460807796307963,1
1066425,0.6672617057380569,1
1043750,0.7674675747969395,1
1025034,0.8466705045606676,1
1088234,0.7572460363287872,1
1090066,0.5991811039399874,1
1085081,0.7988637717631955,1
1041030,0.8582457113757447,1
1034724,0.49548409336937016,0
1060292,0.904706342586951,1
1061713,0.83809062719714,1
1004963,0.8367952819161809,1
1078583,0.879001091885177,1
1056607,0.8314773866538919,1
1029715,0.8509529756252043,1
1081110,0.8736314227950133,1
1011401,0.8689455299303046,1
1032625,0.8716451580114145,1
1075766,0.8053067347715865,1
1057459,0.8493443464244046,1
1095841,0.5855449798800844,1
1002925,0.8960370889198189,1
1066566,0.8892417811676258,1
1052038,0.5465358597579455,1
1083591,0.7488362445130932,1
1037452,0.5062364045312052,1
1042094,0.8256293656784262,1
1092620,0.6393364843989615,1
1029529,0.8120386298335776,1
1043086,0.8299347745639004,1
1025789,0.8788010376929197,1
1053818,0.8848807706911586,1
1080008,0.626261395482476,1
1028001,0.8662697930669135,1
1083944,0.6663894583936283,1
1065866,0.9025384483443487,1
1080437,0.6536720316687014,1
1036514,0.5740260172890101,1
1039085,0.7614356336607798,1
1008005,0.48031650627781625,0
1058831,0.8515010352598195,1
1021374,0.881329404048249,1
1032815,0.8702711638738002,1
1001532,0.8475786274254894,1
1044972,0.8179545793015489,1
1072213,0.8032939152819701,1
1018842,0.7778157140292306,1
1076220,0.8237942187420023,1
1079739,0.7733830396124036,1
1047088,0.8044390866050128,1
1042537,0.8416603536633952,1
1061890,0.8855223808615501,1
1043881,0.8317960248559927,1
1090802,0.8562625381479004,1
1038672,0.43059253206348364,0
1055474,0.9069548512170644,1
1037574,0.8541266691025713,1
1019022,0.8444545649681358,1
1043534,0.805501189159812,1
1063289,0.8303403126579628,1
1070390,0.8794763535539892,1
1001009,0.290154947068203,0
1044466,0.7320816344880063,1
1080000,0.517967632585912,1
1040810,0.8791249336641512,1
1061663,0.8143840073699461,1
1063128,0.8154198541890284,1
1010621,0.7754097741044688,1
1038427,0.8142909966486507,1
1040538,0.7677301310105642,1
1036058,0.7733340235414112,1
1039873,0.8983423644564807,1
1076234,0.8821270837782794,1
1062695,0.8447704735767018,1
1085039,0.7828173868169968,1
1003764,0.8198620653371618,1
1052742,0.7163048442745962,1
1001213,0.8581060319337909,1
1016054,0.4374719594207572,0
1040122,0.617801914439217,1
1057320,0.7226869901007302,1
1049248,0.8292931358728571,1
1056413,0.8642185811443557,1
1084901,0.4493271247937567,0
1041287,0.7344581296746046,1
1026869,0.84687447426981,1
1053135,0.8437032714406271,1
1002400,0.7534423137404335,1
1095127,0.6514939578337873,1
1077568,0.8468480050709543,1
1089052,0.6367420114896839,1
1054807,0.835423987839286,1
1091752,0.8612862129912111,1
1088140,0.9024818305525315,1
1025804,0.6395065465564228,1
1060346,0.7658731738374078,1
1095868,0.8239730438105282,1
1071669,0.8325386038385301,1
1052265,0.770835787020196,1
1093228,0.7942541768791833,1
1015468,0.8443760238354012,1
1075040,0.8423761115028314,1
1099298,0.7247858322470025,1
1028183,0.8799301323892956,1
1057873,0.8678162507398888,1
1094253,0.7898486589751106,1
1059842,0.7327653451996996,1
1047283,0.8039067970888335,1
1043929,0.4158230153094704,0
1096467,0.8642470423534868,1
1016602,0.8792481286236218,1
1028646,0.47072368431531375,0
1072313,0.8569607989289781,1
1087527,0.5608801240321962,1
1019518,0.8551892374531237,1
1052399,0.8309998987281028,1
1000949,0.6751250958609991,1
1065263,0.8174113993898433,1
1004639,0.8625949935864261,1
1030359,0.879630680030423,1
1050813,0.8280165629055174,1
1065244,0.8684887905632013,1
1027700,0.5468233910063004,1
1085346,0.8697100670547092,1
1073761,0.8494509273783821,1
1044909,0.7666045807795965,1
1025563,0.5155162373408377,1
1048332,0.88496140500575,1
1089529,0.612630283023494,1
1047925,0.8392124433383756,1
1032261,0.8592513692202777,1
1095013,0.7148656661768106,1
1084831,0.859156859144755,1
1080112,0.6930773809958896,1
1072560,0.5422678407225943,1
1023591,0.8284005390030296,1
1098786,0.6278520853259667,1
1088265,0.8419669477592029,1
1029493,0.7969977885889596,1
1065867,0.7259528887714763,1
1030565,0.6310959955673981,1
1023270,0.6740915179680267,1
1033010,0.5112266907313826,1
1090212,0.7916903166016269,1
1058550,0.8643379506485608,1
1067903,0.847938714445183,1
1037297,0.83560798105543,1
1055514,0.8224465115124168,1
1027465,0.3595176626442942,0
1028447,0.73958695144161,1
1079241,0.8498640949315043,1
1097953,0.430148559403869,0
1090634,0.626605206945148,1
1031852,0.8541358511957242,1
1033749,0.6474210094799179,1
1031933,0.839145243311422,1
1042662,0.8889929010682621,1
1076996,0.8093479808959068,1
1033483,0.7697037408252768,1
1081056,0.8424146791614219,1
1084684,0.7892565139301231,1
1061759,0.8142390011992547,1
1053609,0.4123656011994092,0
1044954,0.8750961577240274,1
1066264,0.7579618550112689,1
1098810,0.8539267266648276,1
1090240,0.6767060074627896,1
1095385,0.847792287436204,1
1049412,0.8291051446183481,1
1063570,0.7122913302098879,1
1014173,0.8494008126811065,1
1098784,0.42610155127568666,0
1011003,0.8871074985849621,1
1049903,0.8451414927141947,1
1080903,0.8509723424417871,1
1031229,0.8237952558045583,1
1048720,0.5439572432728039,1
1060397,0.8282926884941577,1
1022530,0.811805856046238,1
1012754,0.7957874819249872,1
1036279,0.57660071066486,1
1069714,0.8314427941757258,1
1088472,0.5854480002465633,1
1084025,0.8745759869619011,1
1043690,0.5286020935472157,1
1085422,0.7985914558485369,1
1030060,0.8964330448966499,1
1060254,0.8868868026079018,1
1046528,0.8215200257008325,1
1002387,0.5742766810914278,1
1083521,0.8038400755875704,1
1059108,0.9039860832225187,1
1012711,0.581051747274487,1
1081604,0.8349726557238307,1
1051819,0.8252583794622459,1
1000825,0.6687189904181287,1
1095447,0.5623112214115408,1
1077941,0.835894152935764,1
1085882,0.7436470950868562,1
1046408,0.8436593234877144,1
1042908,0.8366469535792377,1
1035685,0.7236047564186094,1
1072458,0.44275203429559423,0
1025430,0.7885412675315838,1
1062541,0.8817886869060423,1
1020834,0.8362820206860926,1
1026420,0.6890421760453137,1
1012985,0.5771282988447842,1
1018519,0.6963106295240966,1
1018834,0.6833516490394773,1
1062961,0.6558905474029546,1
1079223,0.8814274271249178,1
1058070,0.6330690124788816,1
1074996,0.33574185648589094,0
1034894,0.5236681219954881,1
1058907,0.8098174469175982,1
1038070,0.7894738976820072,1
1070886,0.8103513601515806,1
1049544,0.8356849644579898,1
1026239,0.6055325849731493,1
1057547,0.5743627074739325,1
1074364,0.8701749120930414,1
1002690,0.6248765253724554,1
1082636,0.7996283779410116,1
1035921,0.8391086603204331,1
1028018,0.33308101282062164,0
1068750,0.5800143385016941,1
1069280,0.8975756938332946,1
1005303,0.5139195230988675,1
1055152,0.8915691861796616,1
1043513,0.8726331975815812,1
1035392,0.8595714991073113,1
1040778,0.5092670883881661,1
1039295,0.5677662407905082,1
1061234,0.8227188264651726,1
1092557,0.8070531260285846,1
1022532,0.8578687142933974,1
1078819,0.8633900411321078,1
1050401,0.8221544471014541,1
1017725,0.47169889269074206,0
1078083,0.8437188335793349,1
1043512,0.8099442265262781,1
1000593,0.5254520370448276,1
1033532,0.7421193939355357,1
1060343,0.741375611864883,1
1066456,0.8323626469602413,1
1049848,0.8916064395694645,1
1032341,0.8682821157237167,1
1030778,0.8652593798900887,1
1012540,0.7113409461532123,1
1015572,0.8190745140356199,1
1066246,0.7291505603481098,1
1028495,0.8765957428126986,1
1078051,0.8243178427564932,1
1096701,0.8738453336360991,1
1062931,0.5983335169315116,1
1062351,0.6704908379563338,1
1033305,0.6737798450980484,1
1083223,0.7994375861997846,1
1006045,0.6125254469920953,1
1003265,0.6985990436102456,1
1023733,0.8009603845983461,1
1065928,0.8445351802381678,1
1062372,0.8401901469844841,1
1001417,0.7421032655977773,1
1093626,0.74700880242176,1
1032310,0.8486837142192465,1
1089978,0.8595718788586781,1
1078010,0.8330239754373336,1
1038293,0.8301561636744097,1
1038242,0.6635115573122295,1
1055690,0.8414245707449681,1
1004691,0.5062922220595186,1
1003714,0.4631685118666329,0
1092348,0.7944760849546061,1
1025768,0.850091171652219,1
1033535,0.8549447500173613,1
1090689,0.7258438122213047,1
1072496,0.7369850011821503,1
1089535,0.6297098981667419,1
1032703,0.4693079140300835,0
1061491,0.5301977979705049,1
1048695,0.8927316786163221,1
1046632,0.8747761838085114,1
1072179,0.8011466203431894,1
1002587,0.5315217739637088,1
1073247,0.8542925901726548,1
1057631,0.8388007551230285,1
1063702,0.7195816485503946,1
1056795,0.8551187539139563,1
1039190,0.8549228447778597,1
1095367,0.8242792506211815,1
1059515,0.8720255354558731,1
1079193,0.8115109572590663,1
1053154,0.8324728798872966,1
1003073,0.6250750053859354,1
1034184,0.5214899193628879,1
1069340,0.8361256697579327,1
1082451,0.824270341985106,1
1072044,0.8774908879588456,1
1028188,0.8053429486551323,1
1080979,0.7236879310118023,1
1055061,0.8092650753417354,1
1030715,0.8226402584554465,1
1079895,0.8381925134325792,1
1007901,0.2640233898272949,0
1041501,0.7912462908383889,1
1014637,0.6142994596767897,1
1063839,0.732108764783246,1
1002063,0.8667065185733941,1
1060035,0.8599505832981954,1
1095186,0.7059869300274785,1
1080342,0.853800755269384,1
1042786,0.5238906020297465,1
1072081,0.7491924078666543,1
1027254,0.8775168617529374,1
1031264,0.845195177042853,1
1047101,0.8612902195750737,1
1042561,0.6257628230179343,1
1034678,0.7757744740616443,1
1085617,0.8228603006249863,1
1003275,0.5654312593790884,1
1057884,0.8370679273698397,1
1008444,0.7740874462054883,1
1075536,0.823934931684002,1
1056812,0.8256734164760484,1
1012134,0.7578568535675283,1
1010029,0.8253760125479865,1
1021688,0.6283368458985451,1
1014320,0.6545737485318234,1
1070188,0.8069650707655152,1
1001499,0.8336207688473236,1
1001147,0.6325870769683997,1
1069658,0.8980268157415625,1
1031005,0.8489368997661711,1
1023367,0.8432735615259573,1
1076427,0.8560479133603338,1
1028604,0.8829227175927377,1
1069637,0.8379844113089762,1
1053356,0.8266291808208499,1
1054125,0.6956857440463602,1
1072490,0.8693948894008838,1
1002543,0.630211619514903,1
1093779,0.8562333704304925,1
1045823,0.8694309172309369,1
1008324,0.8548644551195951,1
1094256,0.8149117868762872,1
1085775,0.8192847621882419,1
1010910,0.8323694782012148,1
1006823,0.5198567193818713,1
1079715,0.7932204248245228,1
1020345,0.7773706212968592,1
1069403,0.8362198599644105,1
1039109,0.8725509184458046,1
1043327,0.5911274639722558,1
1017414,0.6215054545188439,1
1012507,0.8138024740859116,1
1023223,0.8729532385065409,1
1082302,0.8599704250260162,1
1009781,0.8689602312311976,1
1007164,0.31118100593922554,0
1083887,0.7927826342090893,1
1072117,0.8512824347638869,1
1026458,0.8810392820911161,1
1043123,0.8633983523286152,1
1061968,0.8186667549538769,1
1037408,0.86390317022961,1
1094938,0.8620774096660281,1
1098088,0.8773258568785433,1
1084290,0.8733231138360401,1
1086110,0.7620089861389446,1
1014077,0.5948190843309423,1
1092529,0.839769724996053,1
1000348,0.5355428014811188,1
1043303,0.7391667354188416,1
1066463,0.8051271335471287,1
1007046,0.8687046796497306,1
1061742,0.8647386502411216,1
1077757,0.7459349698466817,1
1004374,0.4801797735156311,0
1028387,0.829060201695346,1
1090959,0.6624801840859802,1
1013776,0.5390520485860659,1
1064551,0.8586923960011666,1
1077283,0.8032476496418737,1
1089614,0.8044293200024429,1
1014004,0.8558746283384364,1
1076048,0.8624798654881597,1
1070054,0.6809803894803947,1
1027518,0.7515295557434746,1
1017682,0.47944125206664107,0
1070292,0.6460454520380282,1
1094974,0.8217129587031895,1
1057119,0.8337824691836234,1
1031096,0.8740892069062848,1
1086144,0.6435927977043333,1
1007962,0.5406533712242106,1
1011232,0.4592727414397743,0
1041925,0.735668420454567,1
1053698,0.8387461148471557,1
1019751,0.8758304979479383,1
1060635,0.8457409977316394,1
1079325,0.7930468691032652,1
1048725,0.613157780480847,1
1015179,0.825656806388814,1
1098279,0.8394456611467119,1
1022698,0.8095998139383855,1
1087202,0.7570326402506304,1
1009324,0.4709240356326124,0
1050216,0.602001382899387,1
1082868,0.6499308101535688,1
1024118,0.8019094340400925,1
1026087,0.8584203639463104,1
1077204,0.9034226611155071,1
1043785,0.8247843381447015,1
1001220,0.8207807858614148,1
1033070,0.8870073290311834,1
1002670,0.4402483063203859,0
1079978,0.818189990223219,1
1068338,0.8382331224193482,1
1061287,0.8246115693367009,1
1008946,0.823423497734573,1
1072039,0.6864231305832349,1
1011392,0.8448653113306028,1
1064325,0.5750137045467061,1
1066704,0.8597733094737989,1
1092855,0.8660326750113393,1
1050309,0.754010066565057,1
1005074,0.6707897112727802,1
1072035,0.7648685471753615,1
1072257,0.8137585904396092,1
1032362,0.8527634181401939,1
1019550,0.8660783882023286,1
1092471,0.45450375621877925,0
1071369,0.6180374615654584,1
1027222,0.8387381880225603,1
1082009,0.854067373151361,1
1041863,0.840909373471794,1
1021338,0.8976222707186112,1
1094558,0.8704929019620231,1
1053120,0.8785325153133193,1
1079416,0.8088641680854127,1
1044284,0.8949275480176039,1
1084763,0.2201761347005208,0
1094860,0.8444944434887205,1
1097489,0.6572880149941663,1
1091127,0.7954878117254155,1
1096350,0.6512441580735971,1
1054887,0.8372208658411195,1
1005347,0.5911185589024819,1
1008455,0.5765175438585084,1
1056044,0.7609004109853159,1
1043562,0.8466256571008692,1
1009732,0.8540143298131753,1
1041521,0.8744586716353182,1
1062458,0.8658668563106113,1
1060260,0.8473980724114236,1
1010038,0.7025964999666785,1
1056286,0.8191019379889538,1
1008397,0.7150416179369268,1
1090769,0.8258592788793484,1
1049033,0.7803276619874568,1
1024862,0.868953550374551,1
1085850,0.8370781790363676,1
1080546,0.4759561662510823,0
1024300,0.8263941536089356,1
1087432,0.8496268652160552,1
1095296,0.8115574877779315,1
1072733,0.8122642499491046,1
1086513,0.8864370786964523,1
1006420,0.38690391949259206,0
1065034,0.6100368876193974,1
1048113,0.8941863876093117,1
1068044,0.828608495723456,1
1041676,0.863552112761662,1
1019363,0.634905092138282,1
1081297,0.57421652870304,1
1058811,0.8295202434733022,1
1029567,0.8264507599391719,1
1085474,0.828393097639758,1
1085650,0.8537335079942926,1
1086147,0.8344206772642996,1
1032590,0.8105961810471378,1
1021450,0.5390255835411902,1
1029087,0.8615494634420737,1
1079119,0.7986512975103217,1
1005903,0.5301324287114813,1
1031060,0.8691954750926405,1
1042310,0.8822428183899469,1
1041173,0.6404112771856285,1
1078822,0.8553644421263471,1
1078286,0.6911565044619634,1
1016576,0.5297877727571793,1
1001803,0.3770507636685176,0
1039902,0.8494531102195197,1
1018606,0.7960864213959048,1
1066950,0.8859576349610019,1
1083949,0.8770991449260426,1
1013719,0.7020506641502476,1
1086487,0.8346331689082511,1
1024221,0.8018593202499964,1
1003584,0.8499908585355009,1
1054147,0.6981928763830554,1
1003494,0.6760546356909856,1
1000170,0.8272541370915055,1
1035919,0.8898229531727623,1
1017154,0.8735724860733186,1
1001980,0.8354913640694489,1
1034419,0.8212629988075993,1
1059915,0.8368186792088383,1
1083971,0.7904380875706803,1
1029555,0.8500917664879,1
1006793,0.8302687423573982,1
1036402,0.8116924198815247,1
1078365,0.7558050251525051,1
1063670,0.8527172716259767,1
1041275,0.7984213259911712,1
1036688,0.7653534901041561,1
1019685,0.7748143417382323,1
1040309,0.85896922461123,1
1002892,0.5716772306436334,1
1089042,0.8882181387632482,1
1015889,0.8778445034467502,1
1064639,0.7671850561820968,1
1051169,0.8700484433258644,1
1012211,0.8577260447977985,1
1001440,0.26783427985887304,0
1076056,0.8183691251733555,1
1081881,0.7295467658519402,1
1034439,0.5107853863045692,1
1089235,0.7293181425430315,1
1096824,0.7192048536664543,1
1082438,0.8687815468774518,1
1088363,0.6860149055639119,1
1031301,0.7960445450909053,1
1096987,0.6231385714048802,1
1089510,0.813360264660625,1
1069965,0.8440721910367633,1
1005923,0.3381655887443176,0
1065359,0.8357966972867401,1
1042477,0.8364420209261088,1
1044835,0.8204223702706268,1
1006560,0.42304002794024853,0
1094539,0.4850470222837016,0
1043804,0.7980839737179651,1
1059333,0.8454050336944434,1
1026012,0.8230070878239731,1
1057471,0.8378300699180017,1
1026962,0.8913493946879137,1
1083977,0.856265028731176,1
1070345,0.5746537781551468,1
1071193,0.34979616341807035,0
1000256,0.8314855200855699,1
1081933,0.49717477011199623,0
1032796,0.8390930842420848,1
1020638,0.7849774173527941,1
1032438,0.8581421705142815,1
1043258,0.8199629794657751,1
1030181,0.4272695921368039,0
1012235,0.6306021967299257,1
1048111,0.3283364210448629,0
1075716,0.8059744233244407,1
1063216,0.7765438349904592,1
1054754,0.8861958085980836,1
1062523,0.7400283302794887,1
1092305,0.5089415741679741,1
1077688,0.6155641795724105,1
1088708,0.8306021956407745,1
1045605,0.5668591990891106,1
1071985,0.8336621224445249,1
1064347,0.5757756501561895,1
1075662,0.4871377096956075,0
1013981,0.6254220383920196,1
1040273,0.48953106888567705,0
1065399,0.8023897229753613,1
1083648,0.8312897155956519,1
1034475,0.8370799175622015,1
1077826,0.6920440057480078,1
1030516,0.7754844869492565,1
1036951,0.863499630649415,1
1031925,0.8020824811244491,1
1060808,0.8007056135668993,1
1007132,0.8449581841481212,1
1069481,0.8819989996781047,1
1005792,0.5300545444440582,1
1089914,0.8756628967944384,1
1035718,0.8333050408439963,1
1021527,0.8028215377906238,1
1002873,0.4919259846047635,0
1034601,0.8438754796790807,1
1068032,0.8486255348898332,1
1099609,0.6950662487404061,1
1078679,0.7798115325598666,1
1099536,0.4074370298669718,0
1074513,0.7564514173317612,1
1064108,0.5107710323387529,1
1008846,0.6253123397981549,1
1019731,0.8146613501901092,1
1093234,0.5850564564151923,1
1024490,0.7981907235540783,1
1070497,0.8756373950958585,1
1010673,0.8052790792946043,1
1014402,0.8268399805884571,1
1075667,0.8381652359183155,1
1064158,0.8301682308569068,1
1016282,0.6549854442013081,1
1030794,0.8034942256245265,1
1058582,0.7553202765402789,1
1079138,0.8692038380509239,1
1044982,0.7979463730376741,1
1069005,0.8932378144959896,1
1086910,0.6758252434148814,1
1055678,0.5367473276755502,1
1088098,0.8215595971629814,1
1093591,0.6517202902165291,1
1055983,0.5587853604384139,1
1038435,0.7397688150905475,1
1022547,0.8544153658471852,1
1022507,0.8526041309822474,1
1008009,0.4881639951549408,0
1080586,0.8290654670475526,1
1007041,0.8574926306075193,1
1016994,0.885423057339039,1
1091132,0.8417383184611514,1
1031560,0.7681302376564971,1
1040499,0.8226750209986925,1
1000623,0.30719884922106755,0
1011141,0.5109839895299222,1
1021530,0.8533059983563482,1
1054298,0.6838050674474034,1
1005518,0.6132977784154501,1
1055798,0.6819664160299254,1
1049219,0.7791070086412243,1
1022693,0.8746065241920075,1
1046328,0.8563352502943464,1
1080567,0.852442366249724,1
1083810,0.5105635570542036,1
1039584,0.8438633426006804,1
1096939,0.8292490502496108,1
1037196,0.5411556386558302,1
1011154,0.8169868598195318,1
1049954,0.8134575846682257,1
1018379,0.7651849904162793,1
1010219,0.874455974898096,1
1027318,0.7868345168092957,1
1081397,0.8694364233469779,1
1076634,0.7867510978470068,1
1012145,0.3410146852713235,0
1084555,0.6423736765422559,1
1036584,0.8096265452012265,1
1099494,0.8779954795551566,1
1099467,0.830778485037664,1
1059023,0.31821662626421604,0
1025368,0.8207693330703206,1
1010545,0.8980838959824781,1
1061579,0.7789755603224136,1
1002542,0.6870995272901811,1
1015173,0.5305405122384594,1
1086321,0.8255358304190238,1
1098740,0.5759627624089307,1
1014153,0.6356773150139801,1
1023600,0.8726857453780522,1
1088647,0.8418718824769023,1
1064564,0.9068470367408146,1
1002489,0.5982050140015583,1
1041954,0.8905102414083694,1
1027840,0.8139509043391305,1
1086020,0.8279585304399576,1
1001372,0.28927264417676224,0
1072136,0.8477689334822216,1
1025247,0.7951971458817781,1
1064182,0.8922638901969027,1
1085159,0.8494513499711316,1
1052231,0.7830105575710357,1
1054728,0.6445880993614638,1
1030966,0.8075622922564697,1
1037399,0.7813911459020685,1
1006340,0.8296620440943868,1
1070792,0.8633524529028059,1
1099108,0.6465683440061558,1
1095378,0.6654996823102797,1
1029968,0.7266012077876993,1
1088290,0.4728828112692356,0
1035976,0.6889729463121721,1
1090958,0.7209552251638396,1
1099548,0.49471515667351157,0
1067013,0.6598907750939139,1
1079273,0.9122140918343649,1
1039195,0.8293603340689506,1
1029367,0.8300317566745081,1
1076444,0.3648737191773427,0
1000124,0.8875419529542068,1
1071023,0.8668183343053648,1
1081419,0.8491671956822203,1
1077663,0.806484633968606,1
1059185,0.7970877994022387,1
1086493,0.8531071640538999,1
1098944,0.8056912033529149,1
1071343,0.6177709779047078,1
1094628,0.8637497274151553,1
1084707,0.8757173693966235,1
1037986,0.856724869892401,1
1077117,0.8034144446954764,1
1040554,0.9046827225454825,1
1091878,0.30477314569677094,0
1079812,0.8074488559069678,1
1033733,0.8799537786655449,1
1006124,0.6222171840921975,1
1045022,0.7637808941181786,1
1040868,0.790764431782055,1
1077689,0.8627262716513276,1
1056364,0.8591451126693539,1
1014346,0.5598727391627824,1
1009313,0.8263383041863533,1
1035594,0.841749286365506,1
1085614,0.8573933841624344,1
1060430,0.6608536991053626,1
1040768,0.9010058795516822,1
1074762,0.8326010540052666,1
1075212,0.790335938435551,1
1009813,0.5304936308306019,1
1019223,0.8457197667055502,1
1012342,0.6089559103075788,1
1071279,0.8217901422764666,1
1094005,0.8368732337522846,1
1028113,0.8168710476926201,1
1013023,0.853672370040346,1
1030874,0.8397247118522081,1
1048576,0.8296047571025899,1
1089679,0.7861880396398421,1
1084710,0.49814886646563955,0
1088170,0.6924664471620041,1
1042121,0.8188465217509757,1
1047327,0.7726356873077281,1
1054317,0.7451302154958638,1
1075281,0.6826626828245725,1
1095382,0.8559801858055243,1
1020077,0.8594272438571351,1
1092638,0.8229151613979977,1
1031266,0.6365398972209385,1
1030460,0.7796990485864133,1
1090124,0.877151311522622,1
1061827,0.71358082556782,1
1076495,0.8225301765893334,1
1066663,0.8600061964666696,1
1056600,0.8430659954659192,1
1039949,0.8074997417457319,1
1065989,0.8138625504127545,1
1021205,0.8987744458833289,1
1026152,0.8329063955717593,1
1081511,0.4987827680972329,0
1010256,0.6534071166322066,1
1082246,0.8217991936444667,1
1019964,0.8623667453538945,1
1043627,0.8052190759426753,1
1041379,0.790167991850178,1
1054722,0.8681012222309786,1
1077812,0.8360096532481016,1
1002269,0.8434717971360782,1
1099783,0.6020157304433879,1
1009763,0.6491266764527759,1
1041511,0.7959553012747435,1
1057683,0.8594653421537891,1
1091889,0.7462001371273658,1
1047693,0.5347635207790034,1
1045803,0.8064725522470125,1
1011996,0.8645916067466732,1
1038983,0.8395939619610605,1
1005280,0.7906782775168162,1
1093609,0.7116162478264777,1
1002304,0.8887016147882304,1
1082232,0.791640643243232,1
1086803,0.6120497254815314,1
1022312,0.7957729145686283,1
1098803,0.6056670619848384,1
1076910,0.8861708163556178,1
1023875,0.6400355182570066,1
1068702,0.8329431366347542,1
1057294,0.9007572236342406,1
1051055,0.8538515424789233,1
1073112,0.8891000268086174,1
1061952,0.9020881436396562,1
1024580,0.8398853976709068,1
1012828,0.7563657613549098,1
1060509,0.3935590978086823,0
1009552,0.8262493384515964,1
1022851,0.8514209076236623,1
1091084,0.8739941800410378,1
1045126,0.8260189101738941,1
1062232,0.8588485481108461,1
1090740,0.7525615500913309,1
1014388,0.8411700859489484,1
1058999,0.8548266493102538,1
1051471,0.5806108609721868,1
1045734,0.8704729389061813,1
1010328,0.471122688429864,0
1037569,0.7992227852361383,1
1097891,0.5672228034930817,1
1063967,0.8672899743058078,1
1098311,0.46879936886384005,0
1093007,0.8800917947553087,1
1090573,0.838900144775188,1
1088171,0.8159403310450943,1
1088824,0.8649323652878769,1
1064746,0.898625816289605,1
1053189,0.8429626119290506,1
1012069,0.44873314935477443,0
1095514,0.7236581923588334,1
1009835,0.4043154565107426,0
1049810,0.8496169052175971,1
1006512,0.8695400877131708,1
1072932,0.8904979946196834,1
1079603,0.7684822389196342,1
1009647,0.39817884015545935,0
1075027,0.8252402539773597,1
1062394,0.6856189298566894,1
1035365,0.5985333144181372,1
1013656,0.656516937487668,1
1036164,0.633938499976782,1
1028723,0.8229790113963524,1
1021043,0.8287681827047176,1
1015367,0.5114894917315331,1
1094656,0.8047035145447272,1
1096106,0.7329913540827566,1
1092366,0.7513001234244469,1
1008267,0.3437051264372445,0
1078988,0.8760879108782297,1
1028220,0.8487056375710195,1
1022907,0.8400867550909142,1
1028880,0.8796230960510393,1
1049683,0.8471562477421598,1
1053753,0.9004698485480641,1
1064791,0.5137589379642605,1
1076250,0.8311397720097825,1
1050159,0.8087008887362152,1
1063290,0.8156123848882304,1
1002035,0.5352716457912995,1
1046062,0.5506371200071717,1
1016103,0.5788429413879728,1
1064592,0.8768355674003627,1
1015192,0.7480897394782402,1
1039168,0.8809781769294921,1
1005942,0.4746281201113096,0
1096537,0.7988974076733055,1
1061171,0.8416928149911741,1
1028487,0.8405920872359937,1
1087518,0.7919015552069921,1
1022481,0.8035534851169192,1
1040853,0.8105354888556702,1
1011768,0.7509411155630854,1
1007567,0.6832881560911502,1
1066776,0.8466825259224184,1
1072602,0.8670605552413573,1
1011524,0.5440491976302608,1
1055382,0.798300368492757,1
1090118,0.8194380335482487,1
1044625,0.8354180024302669,1
1074469,0.7179089968468645,1
1052103,0.8342841603731952,1
1038222,0.6998269898890269,1
1077695,0.8367834522853755,1
1046199,0.708090614319908,1
1063514,0.8203717913802736,1
1071441,0.8559776298222372,1
1073076,0.7378081799771273,1
1002154,0.5229029316872812,1
1056334,0.8444877016317929,1
1017449,0.7392051113611009,1
1069279,0.7866242364746567,1
1013037,0.8654037239615321,1
1091435,0.8714536065945127,1
1017563,0.4941653945911401,0
1077813,0.8638868809912174,1
1088921,0.8403159640548126,1
1027022,0.845462911098138,1
1091173,0.8312492286946409,1
1079938,0.8975430999394566,1
1017677,0.45673069692779034,0
1018252,0.8930288217749174,1
1018030,0.8184285187409621,1
1086853,0.8465701417307958,1
1096059,0.8394212571259076,1
1020121,0.7390122445688077,1
1077512,0.6409629835342486,1
1057733,0.8684536806819321,1
1046927,0.85344382628116,1
1035053,0.8484751927424783,1
1097049,0.856102625005986,1
1025420,0.6807898073202967,1
1094204,0.8370526871074597,1
1064064,0.803457113927281,1
1022864,0.4366450025868158,0
1040834,0.8514850698415166,1
1029550,0.7903168875632404,1
1008618,0.6361734993998398,1
1077973,0.8821026025857193,1
1086850,0.36596253358568553,0
1082886,0.7940688689595761,1
1035456,0.86948705993926,1
1007939,0.6765349399539395,1
1017073,0.8091111624024248,1
1027052,0.7671146943622676,1
1083409,0.5053125277332955,1
1063422,0.8279682549811097,1
1075838,0.8084764671838232,1
1030202,0.7954774063692848,1
1057481,0.8806830240752667,1
1055400,0.8931607265512947,1
1078889,0.8730298034865696,1
1040341,0.783693523212664,1
1064735,0.8474382031560669,1
1085893,0.796675212100062,1
1086767,0.8148122891664047,1
1072439,0.6159655550338979,1
1065065,0.8276894243416454,1
1033648,0.884438683437111,1
1095807,0.7558990711028335,1
1005448,0.5446796584329799,1
1005905,0.6142955396896012,1
1054864,0.8396206336296571,1
1024626,0.4871723875372353,0
1097012,0.7090878644772864,1
1081878,0.8169930948248647,1
1005772,0.8671587452453954,1
1022906,0.8476678722539295,1
1074948,0.8877867778806219,1
1055547,0.8896462938923925,1
1093415,0.7800595475461707,1
1039254,0.850120599250912,1
1011105,0.7132464532064055,1
1027552,0.28722280362891395,0
1032776,0.8139534386598595,1
1062179,0.744140701887147,1
1087846,0.8647297837508565,1
1003329,0.5459876194991016,1
1073380,0.8847876992058705,1
1066746,0.8724553032695003,1
1002818,0.7936108958494724,1
1029097,0.8024553947914803,1
1015892,0.5094051410357953,1
1085835,0.7783229933426512,1
1084119,0.6970495382662576,1
1062161,0.8645551132970494,1
1081818,0.8999382724384897,1
1086971,0.8528359528228172,1
1040684,0.8998432696737629,1
1023913,0.6920319761839852,1
1025800,0.8488269306903763,1
1025331,0.8755328304369692,1
1013746,0.8876619199886164,1
1067777,0.744993472143707,1
1070658,0.8374425601018787,1
1081122,0.8500543994526385,1
1014177,0.5649943625601589,1
1033751,0.8288135643671833,1
1019068,0.6293301270844285,1
1064014,0.8774818525035861,1
1041263,0.8572440996731493,1
1062614,0.8011462084525601,1
1072060,0.8023907018875953,1
1098388,0.4493150415449864,0
1032364,0.8619778085709819,1
1054952,0.8409042560042946,1
1059927,0.8621511247715294,1
1008842,0.7891835155771527,1
1012904,0.6787476263124118,1
1061151,0.7438380744792725,1
1088474,0.8692109736920091,1
1080582,0.8636931333150177,1
1075872,0.88051304825395,1
1053859,0.8588334185357795,1
1066874,0.9044950605495153,1
1021434,0.8397572778082193,1
1026266,0.1824839313603075,0
1010928,0.6574632412487653,1
1071087,0.6920289617975666,1
1044069,0.7036218592983895,1
1035441,0.8061026920222163,1
1069536,0.6571729435363853,1
1069864,0.6485279862259795,1
1022915,0.546875314356407,1
1093245,0.8501126374616614,1
1031324,0.8750599239379496,1
1036801,0.8621689520791048,1
1038518,0.8457352549099937,1
1082956,0.7794995460818951,1
1041933,0.4477856049656069,0
1071347,0.90122684713584,1
1066015,0.8269452152529323,1
1081627,0.8336282561609588,1
1027535,0.5911721544470337,1
1032347,0.8776040825138911,1
1042150,0.8252121685023815,1
1057151,0.8551099256391551,1
1050953,0.7779201181833776,1
1012908,0.8382944828227339,1
1077359,0.6442618486742614,1
1099910,0.648162533293591,1
1031307,0.7620484036828361,1
1085173,0.7566930750435963,1
1028581,0.8326697959885233,1
1044912,0.8500763667418814,1
1060205,0.6226978304884413,1
1055508,0.8444077153948364,1
1071567,0.8780414165153138,1
1007702,0.6848228569414494,1
1001287,0.5003803314782723,1
1041415,0.8465854642057333,1
1085829,0.835728113735862,1
1089187,0.8270197566726372,1
1035035,0.8247132431003136,1
1019689,0.8434307173105643,1
1020690,0.8443794099181756,1
1022143,0.48359139893140207,0
1077709,0.8463002754251991,1
1012490,0.8665902112167585,1
1010400,0.6831193588022705,1
1023692,0.6394551360577517,1
1036134,0.8199364182969918,1
1025466,0.8916780645857074,1
1057753,0.7664859009344825,1
1010114,0.5554092523859765,1
1055628,0.8591899917911815,1
1094905,0.7417076023877446,1
1020821,0.8605102793606343,1
1066798,0.8552481614189397,1
1093200,0.7771221992601078,1
1032806,0.6850031033672861,1
1066528,0.6950714130426362,1
1093064,0.7131873009304295,1
1042408,0.8703313108488827,1
1041787,0.5748286062755452,1
1058705,0.8254167890345583,1
1009519,0.5534719328787613,1
1081764,0.8599833733012475,1
1086651,0.8535247013868544,1
1009341,0.5932933237717037,1
1079352,0.8191617489293634,1
1019810,0.6155998410165279,1
1009958,0.5757058859550984,1
1076461,0.7893816232257083,1
1073232,0.8910949706354708,1
1009147,0.7178834003537685,1
1054109,0.8886203046035984,1
1029907,0.8254018595955112,1
1069957,0.8867717348539151,1
1015132,0.5962119658603399,1
1097734,0.8935477211835042,1
1052958,0.4720255805974676,0
1030838,0.8855663206135822,1
1065514,0.884539331380033,1
1097568,0.8062605203129,1
1079243,0.8079092731306236,1
1034099,0.8342561447034149,1
1025394,0.7224758326089115,1
1089446,0.8575987503941628,1
1045369,0.8249075918692566,1
1073511,0.8451557733465882,1
1069996,0.8736355678903605,1
1079762,0.697739761059567,1
1010391,0.8497117578894657,1
1095123,0.6421152210700694,1
1076273,0.7685427539834526,1
1097394,0.7629637179883634,1
1038656,0.881808914084981,1
1024414,0.886489502308582,1
1008782,0.6068177778086417,1
1048970,0.8010132911937523,1
1099304,0.8651779493240487,1
1099008,0.6192379661478193,1
1022271,0.5491568729743572,1
1003023,0.6816524546458987,1
1042211,0.8445866108201543,1
1027305,0.8358943132583343,1
1009263,0.754927474575001,1
1026932,0.8448977627939446,1
1046480,0.7403642286413307,1
1039847,0.8371849739839494,1
1089559,0.8268572631789031,1
1059052,0.8939184905562417,1
1079541,0.6487565899048608,1
1031000,0.8165773101148568,1
1033973,0.8421704140378751,1
1031022,0.8108419473600034,1
1075926,0.800354836300076,1
1034779,0.773645361156906,1
1050114,0.9070415682296349,1
1030063,0.8034442949652295,1
1060329,0.8465251382620115,1
1094819,0.8066620048453779,1
1036293,0.8180233472902222,1
1066807,0.6496142057592622,1
1028793,0.853642513453739,1
1016916,0.6013185443494072,1
1094800,0.6802600551351548,1
1057984,0.853108851647349,1
1016160,0.8455273223226843,1
1001764,0.6997911117946267,1
1085423,0.8715018897011914,1
1044637,0.8520641234315536,1
1008159,0.5730493174861756,1
1093781,0.7878872248534287,1
1082582,0.7780585965234782,1
1053027,0.8148146335792341,1
1066508,0.8740123953793668,1
1075053,0.5951107901242197,1
1078994,0.8888106697503356,1
1075239,0.8781998492515953,1
1025946,0.790368357870757,1
1024551,0.9055997413414837,1
1020688,0.49132611957805283,0
1045988,0.869706020892738,1
1055712,0.8478065639345647,1
1080814,0.8865366535120106,1
1035890,0.8506590569305157,1
1053999,0.8912904093930011,1
1078661,0.713407748589026,1
1048183,0.854237752952974,1
1033124,0.8716105717136468,1
1034183,0.60669946251381,1
1037051,0.8896784065591384,1
1015571,0.8604997147925698,1
1049396,0.7517736767392807,1
1024528,0.8773810288425269,1
1084719,0.5109576730643566,1
1089621,0.8718446707367051,1
1099382,0.7611865437423481,1
1056970,0.4833994074584239,0
1057546,0.5568202089000239,1
1069324,0.8101491255376756,1
1065829,0.7074973749171285,1
1059991,0.727634840387266,1
1051597,0.893880112740419,1
1009601,0.7278314629743542,1
1036277,0.8599337017779232,1
1095061,0.6408276960685262,1
1099067,0.6874548329578101,1
1077008,0.9024108971120063,1
1025610,0.8819628951412293,1
1038111,0.6082792846557556,1
1046556,0.6304321173046796,1
1078599,0.8373470216423795,1
1069495,0.7869091846198096,1
1024771,0.69246050283358,1
1057006,0.8657233606102722,1
1072808,0.8075215732301451,1
1025844,0.8515637828514095,1
1024979,0.8009082364344156,1
1074621,0.7298396786545126,1
1080252,0.693173229001368,1
1081242,0.8684576684846292,1
1037559,0.8463724700277218,1
1039999,0.8059456204526768,1
1086790,0.8071056397543863,1
1021679,0.8245226733515933,1
1045805,0.8106523055520032,1
1019177,0.8247522164226572,1
1041719,0.5726630872262906,1
1089956,0.8323304264571582,1
1063417,0.8421691997123114,1
1036275,0.6259784392076932,1
1073120,0.7266755813373973,1
1014848,0.5844538289768261,1
1098303,0.5698525500266565,1
1066514,0.6506489634102176,1
1076794,0.8184989056420465,1
1069634,0.806868433083959,1
1065193,0.8510618460961381,1
1075964,0.8859704581947273,1
1091707,0.7483259779788162,1
1048017,0.805345737995198,1
1016066,0.8561898353066224,1
1086481,0.7536957504809134,1
1048416,0.865320119147917,1
1057455,0.8448811829156906,1
1090865,0.8643500374123678,1
1035893,0.8523592701063841,1
1047849,0.6482283907583944,1
1012221,0.5592409889346063,1
1085251,0.79568408953756,1
1068495,0.696883144936368,1
1019979,0.873049986462918,1
1076650,0.8373696425326761,1
1058888,0.6860156590385175,1
1088055,0.5721210240005673,1
1025412,0.8721953845022045,1
1066878,0.9025737689117521,1
1060143,0.8672938117269122,1
1005532,0.5988487942219605,1
1046982,0.8131421146582638,1
1092259,0.8294134753504231,1
1016836,0.5783724338564347,1
1011934,0.825607059239456,1
1012787,0.5998009695338744,1
1061058,0.8021960350340744,1
1044693,0.5523216185881765,1
1078582,0.8374933614167999,1
1068785,0.8671155971167,1
1054313,0.8519717984459351,1
1068483,0.8545416142013841,1
1070939,0.8840247215089707,1
1033877,0.7536990587435773,1
1077487,0.8836451188404363,1
1023946,0.9065418192400673,1
1016108,0.7226863568512549,1
1013501,0.7739235044879713,1
1058504,0.8876040390635273,1
1057050,0.5830652222774015,1
1049144,0.8551652432488311,1
1017389,0.8257780561903588,1
1069415,0.8683432301833218,1
1017407,0.7693569668760155,1
1099160,0.8565701809757689,1
1040807,0.8036452061082233,1
1070940,0.817516677474748,1
1020592,0.8436490772926493,1
1095249,0.8388082937416941,1
1072971,0.5420294014437859,1
1098709,0.4919084331325774,0
1004338,0.8328534324772947,1
1046571,0.558359049600255,1
1034314,0.8754918983000549,1
1083065,0.840220709427199,1
1086242,0.6839874623684163,1
1021732,0.8756495845599511,1
1049276,0.8924827051202654,1
1014612,0.6092094337224799,1
1039589,0.6621227263541904,1
1070202,0.8411803352325506,1
1015292,0.662545153283703,1
1038832,0.6962851239240866,1
1071562,0.8842499494702956,1
1065801,0.8642289199344091,1
1059027,0.6803815751475893,1
1087257,0.8321150054219516,1
1044501,0.8095266351398831,1
1050938,0.8592936645435478,1
1019449,0.7777627482152056,1
1007238,0.8647479065160123,1
1006676,0.656555418073279,1
1045341,0.8785057152233736,1
1055877,0.9078011553377692,1
1001193,0.869220087391229,1
1091200,0.5957686161031192,1
1057088,0.9099709058017698,1
1051514,0.8294814115942681,1
1095040,0.7703301891230365,1
1025362,0.4822978931222095,0
1019682,0.8649882460792259,1
1063675,0.8917137234950686,1
1004830,0.8589958089262054,1
1056565,0.8789849071186463,1
1070500,0.873743727688094,1
1048487,0.7977379319796242,1
1084931,0.7174126936526708,1
1097098,0.7423269587799289,1
1064652,0.5435662921444354,1
1078539,0.8361747973637335,1
1090128,0.8642442624934586,1
1055775,0.8753208414508058,1
1045101,0.4840692160818035,0
1017099,0.7764641866042568,1
1091444,0.7923342346009961,1
1062890,0.7741184451411469,1
1001872,0.8183322616741483,1
1005853,0.8678514421622294,1
1093738,0.8856342044270464,1
1091718,0.8622551274027571,1
1019611,0.7377323178184442,1
1051168,0.8752620884085305,1
1010451,0.7954725584886068,1
1000087,0.8444953611917527,1
1013274,0.6343269901062857,1
1097066,0.694744694736369,1
1019320,0.5824429235051253,1
1014563,0.5089365192401349,1
1068690,0.8244868128793091,1
1009745,0.8754976050747835,1
1067014,0.7084500718736164,1
1026958,0.5481932885208863,1
1081116,0.8399662126698373,1
1099018,0.47428476736911473,0
1007969,0.7414444584558949,1
1064137,0.8421103661948665,1
1079591,0.8111524395872975,1
1063228,0.8255787966521947,1
1077631,0.822739603744419,1
1076755,0.8795605662284367,1
1038784,0.9064591145679886,1
1026188,0.8460558163165557,1
1070041,0.8365360239825422,1
1089338,0.8811183320309275,1
1069815,0.7800014574576389,1
1031696,0.8912165601678331,1
1052991,0.9060400819158566,1
1054359,0.8851590212596716,1
1007054,0.7096601663189224,1
1099247,0.7111047523269866,1
1060811,0.7903969289812293,1
1057195,0.8326393915450168,1
1061556,0.7838871345965376,1
1014662,0.6935326865462194,1
1034095,0.783226712752444,1
1019085,0.5966751080826855,1
1079311,0.857258876910692,1
1077808,0.8380366665095079,1
1079825,0.8692284463320494,1
1066144,0.6536717177737011,1
1098589,0.5907851404401123,1
1074535,0.7441529702433293,1
1062181,0.8479420602241502,1
1056678,0.8185798791120313,1
1009776,0.7855529167565493,1
1039916,0.8313487122481625,1
1019891,0.8640886889278633,1
1047618,0.8275906231547631,1
1049815,0.5207848669915951,1
1074894,0.8233140751986991,1
1019746,0.538263869242609,1
1015213,0.6946412407887371,1
1013056,0.8717920466950765,1
1097629,0.8867205495966051,1
1034213,0.8556526557004435,1
1078806,0.8050486504434226,1
1050763,0.7319095158667213,1
1027173,0.7351109318709235,1
1042587,0.8892203950656525,1
1061733,0.9104819834957184,1
1093121,0.8347127069062654,1
1010227,0.8042514418736391,1
1047654,0.8196192626495336,1
1005506,0.41733537024979817,0
1013671,0.5138418499931104,1
1054323,0.8709488344878179,1
1060202,0.7721140159718336,1
1039747,0.815586512158907,1
1090988,0.8898031222939247,1
1078829,0.5356544971604259,1
1010369,0.5564649580787538,1
1019062,0.432172758581834,0
1041602,0.5255709481991716,1
1046196,0.6193330869170051,1
1063809,0.7614636422270145,1
1082001,0.843891432917733,1
1063632,0.7397891151409435,1
1038918,0.7307260630780669,1
1069887,0.8366175226471877,1
1054037,0.8846555999702812,1
1041620,0.8487591484554403,1
1044619,0.8128736239101464,1
1035712,0.874231870838426,1
1009314,0.5643149601689085,1
1083607,0.8934873902758135,1
1097099,0.6084548521295655,1
1064809,0.5319547751085321,1
1066868,0.5720195317902634,1
1009464,0.5070443210764122,1
1015482,0.4329588363873603,0
1090926,0.5381307724528742,1
1071542,0.6809293100786001,1
1000426,0.7327018475309489,1
1085065,0.5215872672546797,1
1089062,0.8179156985633406,1
1002128,0.5288785065627337,1
1033613,0.85713131560575,1
1066946,0.7918191614559509,1
1085740,0.8345853185599605,1
1035470,0.8357580262796805,1
1011651,0.8674850498365567,1
1027153,0.6510757282300537,1
1007063,0.48846960291769925,0
1093560,0.6804866869587345,1
1071235,0.6569167189898851,1
1001211,0.8627770736837788,1
1089484,0.8378076730877906,1
1040791,0.43137484185695335,0
1064787,0.6378034971604618,1
1047084,0.7939767707505737,1
1022243,0.8548321293110659,1
1032491,0.8925161104604324,1
1015549,0.6040564356665175,1
1031093,0.6940950738447764,1
1011981,0.645390329700052,1
1034819,0.665242271888166,1
1036395,0.8476130664549114,1
1026138,0.8417269567948652,1
1046373,0.8268497224987191,1
1030363,0.8461558693873086,1
1088688,0.7153653990081168,1
1027286,0.8810348349462935,1
1082126,0.8013544936464706,1
1007725,0.5592734530153415,1
1035861,0.8289333894183708,1
1011086,0.6935341089554461,1
1000253,0.5848257683665103,1
1013396,0.8300392199591374,1
1078781,0.35681776290080436,0
1041802,0.8443013578712035,1
1085008,0.7750151990505937,1
1017418,0.6439650166932654,1
1060753,0.8202632865934109,1
1048696,0.7548003404438061,1
1058469,0.8232792116183434,1
1097150,0.8734489754494739,1
1053964,0.8925988954099399,1
1066274,0.8068065593980993,1
1096014,0.8552070765635831,1
1044754,0.8149785179272687,1
1058812,0.9018086978624843,1
1001652,0.48078355546141255,0
1019666,0.8369503052771449,1
1012583,0.8610107420857137,1
1035298,0.7416874076148084,1
1042413,0.8129677570254946,1
1012989,0.42167789394756355,0
1005914,0.5565589335950548,1
1018892,0.6419175556777262,1
1023941,0.8378869465576526,1
1089815,0.855629452438691,1
1035091,0.7240393356589857,1
1037776,0.8589759758552866,1
1034176,0.7426642103477918,1
1052218,0.763472081812251,1
1019519,0.8549626346741513,1
1092008,0.8396663905059776,1
1035863,0.8340754848155691,1
1008003,0.3396275694192919,0
1084226,0.8832239753997883,1
1009932,0.5337205371269407,1
1033835,0.815322522631896,1
1092894,0.6142035720774521,1
1095883,0.821984799343893,1
1045930,0.5418643889879279,1
1053716,0.6978944381142091,1
1016798,0.6702821400865763,1
1095517,0.6227014417786451,1
1032677,0.8461706648100036,1
1078743,0.8567366499551223,1
1093684,0.8677406838434089,1
1047472,0.8653172976217577,1
1014546,0.8290263512404485,1
1063707,0.8015329365796795,1
1046173,0.8404904511914998,1
1022986,0.857024479724491,1
1096112,0.6445826271027005,1
1079703,0.8569171994925351,1
1092784,0.6200825177287828,1
1076328,0.7749549770152104,1
1095902,0.8982076351614904,1
1006529,0.7068724009015811,1
1028381,0.8133243540929543,1
1010022,0.7333976110005183,1
1095237,0.8458304582640968,1
1098939,0.469515931605454,0
1062324,0.8431879351399694,1
1060120,0.809860206269627,1
1057021,0.7835528105177316,1
1065808,0.7338974579327086,1
1029251,0.8168735407698687,1
1015744,0.8599039156415543,1
1000896,0.8411954742194454,1
1042040,0.8331900762963563,1
1073152,0.8621095398542122,1
1065384,0.7968937001049952,1
1098476,0.8480430218105192,1
1088241,0.7994184480393364,1
1088509,0.8235820120198654,1
1042798,0.8798205296141822,1
1096699,0.7609927347152893,1
1083098,0.7699012600891288,1
1088459,0.7305240232845612,1
1081365,0.8886166839896349,1
1081471,0.5113255974986954,1
1047207,0.8689463258881751,1
1006056,0.6378954329733024,1
1066192,0.8856845667765855,1
1098789,0.879098441799671,1
1068127,0.4947041856929005,0
1080467,0.6120221800102719,1
1029593,0.8197101538068063,1
1093629,0.5717655689685464,1
1086070,0.829150635629694,1
1022686,0.8017729148412435,1
1071445,0.6581400602289205,1
1055535,0.7939178200467438,1
1021523,0.5778132679300739,1
1057514,0.8130649138600288,1
1045703,0.8425350665323239,1
1082248,0.8728789309616618,1
1015659,0.8393652785994431,1
1075437,0.8802686782193092,1
1038619,0.8846530058375162,1
1029457,0.7989660862163364,1
1022929,0.8200842697890472,1
1024669,0.8873746054776454,1
1093344,0.80826932138839,1
1090297,0.8705092025238718,1
1013564,0.6598872171852304,1
1061586,0.7702167889565343,1
1030853,0.8704947950668626,1
1068203,0.677735946986924,1
1040590,0.8694564642948079,1
1081963,0.8728042643501034,1
1034300,0.9052079923284615,1
1064547,0.8753612195996393,1
1087522,0.7090483786344566,1
1044247,0.8902306490700369,1
1093664,0.8338248077563715,1
1067111,0.5740934615718883,1
1014369,0.6741795219803719,1
1099944,0.8407480417202521,1
1023560,0.4069840762789475,0
1080699,0.7413270455142048,1
1047847,0.7379497512729235,1
1095504,0.8027667495273947,1
1069973,0.8807406462632881,1
1080755,0.6513634928003373,1
1009511,0.41630761981796105,0
1097246,0.7726674725818917,1
1092476,0.6105384476737244,1
1021500,0.8372469193830381,1
1040090,0.8422808014460154,1
1000270,0.685999366804995,1
1053129,0.7791456132555867,1
1002532,0.7352771330516953,1
1016433,0.8371706057408635,1
1047776,0.8387921851280661,1
1021389,0.5899367867078359,1
1058210,0.8286723851468895,1
1099594,0.6459430130904711,1
1069688,0.5277743325777803,1
1084951,0.8246510229232832,1
1086598,0.864646891227644,1
1050998,0.866290900782596,1
1007648,0.577452405458977,1
1028007,0.868706346558558,1
1037864,0.8177167284465717,1
1083143,0.6714539046769897,1
1052638,0.6739467736177531,1
1084463,0.8097106174450495,1
1028577,0.6069896668440842,1
1008550,0.8754979153659977,1
1030152,0.893130351316048,1
1048084,0.8166685100842113,1
1032322,0.8628953018381712,1
1011402,0.48895564839120503,0
1027854,0.6901673203532825,1
1093528,0.7801202451124349,1
1038082,0.8802316632860698,1
1059362,0.579775132623705,1
1026472,0.7321256526437236,1
1099627,0.48744405511322786,0
1060687,0.6660697287034194,1
1015426,0.5090577293361256,1
1082860,0.855330164133342,1
1050226,0.8456266898230574,1
1074214,0.8978673442729785,1
1089314,0.8449418013905364,1
1088725,0.826073219921995,1
1094375,0.7975576772636064,1
1091926,0.7710831374979097,1
1076239,0.8877797122223176,1
1097253,0.5695777859700542,1
1072673,0.32894233351911983,0
1026109,0.46529448923150185,0
1090165,0.8325835669256387,1
1028304,0.817309893426818,1
1017454,0.706290390984791,1
1068716,0.8417560781196957,1
1036329,0.8273925521923665,1
1062069,0.8311305725837049,1
1042766,0.8779640739488459,1
1059347,0.8254897403012538,1
1008982,0.8444785259880465,1
1035775,0.6627776902425054,1
1042984,0.8863558372922122,1
1033332,0.8488150118232486,1
1061156,0.6308187783641843,1
1065698,0.8483565062994951,1
1029407,0.8636741833698538,1
1026875,0.8855713572637212,1
1041048,0.7083910078114828,1
1021601,0.8295032016386991,1
1053447,0.8112089910898209,1
1062721,0.6516732206628025,1
1055664,0.8808189339381014,1
1003647,0.6447756232428027,1
1093041,0.8188453056347127,1
1065268,0.8694844849120891,1
1005590,0.5224765555421835,1
1022126,0.7918250419750693,1
1019182,0.8464025003248408,1
1050632,0.5996382330808182,1
1047316,0.8274315884396398,1
1066233,0.6299776941060662,1
1080563,0.761306964105518,1
1077635,0.5438776429309234,1
1008789,0.6043999580724951,1
1087137,0.37368310916489617,0
1084106,0.8930543260106469,1
1063904,0.807525031186194,1
1003979,0.6337894032111384,1
1014236,0.5389282512321274,1
1010552,0.6453745756271067,1
1030508,0.8084292546896423,1
1052545,0.7215202429999817,1
1068186,0.6587901411148265,1
1023494,0.6033770405156758,1
1046375,0.8318233993136177,1
1000829,0.47464098265494564,0
1030722,0.8859619367121281,1
1094417,0.8072296052130233,1
1044634,0.832444840779194,1
1059523,0.7990431746442047,1
1089076,0.8139371898407621,1
1068305,0.8831509316559478,1
1099956,0.5445741173556622,1
1093517,0.8508879002132187,1
1023410,0.7101302008385022,1
1021251,0.8259800712986003,1
1001306,0.5870634141673452,1
1056220,0.8506927747198589,1
1074395,0.571471937120476,1
1005099,0.8550960293516736,1
1005122,0.8513827318961632,1
1002625,0.7437976356376225,1
1090277,0.6868209849029466,1
1013017,0.5233645802429421,1
1045167,0.8041799996340827,1
1021985,0.8516835627232429,1
1083583,0.575796619281098,1
1083890,0.8399546281354238,1
1034380,0.8286607104921903,1
1095852,0.4832441382650796,0
1000938,0.8646039105397496,1
1057949,0.6038704577238823,1
1095117,0.685340645243279,1
1030383,0.716451566021614,1
1034197,0.77549286496002,1
1027165,0.7857683720045677,1
1057537,0.7950655547262983,1
1039669,0.8271899377737671,1
1025477,0.5040014131248679,1
1011430,0.8003051281915887,1
1054574,0.670099269166139,1
1017511,0.5580925101121699,1
1059891,0.8841037337953559,1
1080100,0.45167471602253534,0
1074582,0.7107093555031395,1
1013567,0.47503492279035314,0
1082351,0.8325488448706266,1
1037977,0.9044778454187077,1
1082759,0.8016126531452185,1
1060878,0.839502885361275,1
1017662,0.8151402970447924,1
1086478,0.7942315270815722,1
1002352,0.6029176922912606,1
1085714,0.6598225177271134,1
1066763,0.7915268383773476,1
1031678,0.7837764032269136,1
1087568,0.8828374702969688,1
1054664,0.7806511141716792,1
1032749,0.8060861749073329,1
1068586,0.5854462903231784,1
1077175,0.8432259078404862,1
1071831,0.8758776407427162,1
1075171,0.6393860765177034,1
1018122,0.4746611267403569,0
1057488,0.7981559756675616,1
1014295,0.6195734043111194,1
1089331,0.6663481294151335,1
1038224,0.7901072295085145,1
1086597,0.8676275363959288,1
1020654,0.7709148019618787,1
1092443,0.7829065263289512,1
1026446,0.8375856422851794,1
1004401,0.6710764551684285,1
1019889,0.8119705856811802,1
1009035,0.8426736275730504,1
1083729,0.7543504312442607,1
1097051,0.3007851951130494,0
1059345,0.37423574238982316,0
1065340,0.5796618822887117,1
1070184,0.8746691503208218,1
1058474,0.7554885846507596,1
1027683,0.33778365185721504,0
1049354,0.7902842591505002,1
1027822,0.7876146988300181,1
1071694,0.6372518560841085,1
1093311,0.7347160326895262,1
1010498,0.320578225496841,0
1048278,0.8933955911025041,1
1083868,0.8435695733965768,1
1013188,0.8157660345532249,1
1076070,0.8752295160803627,1
1020255,0.6114392895364856,1
1062872,0.8186430749114475,1
1027127,0.8227935987818045,1
1047059,0.534261189935193,1
1052978,0.7354131689421948,1
1093851,0.6944890822281394,1
1025305,0.8417862438785556,1
1015436,0.6511055121729472,1
1094481,0.6041245360836909,1
1027050,0.8285414217676011,1
1033479,0.5260072990671447,1
1061296,0.5752206874584074,1
1072343,0.8963007240094966,1
1027695,0.8803455616036981,1
1037432,0.7923735735382332,1
1069678,0.8452599290186326,1
1051165,0.8736441759637971,1
1041332,0.8346642602811949,1
1089129,0.6830634886553851,1
1008609,0.7379534856369077,1
1082335,0.6699350463175202,1
1008411,0.46594227215300366,0
1026998,0.8466265861252015,1
1062632,0.879953091530365,1
1018783,0.7812385421997537,1
1065077,0.8997709902260979,1
1033104,0.5546341546595727,1
1036678,0.6334402416205445,1
1026044,0.7662299308463565,1
1007423,0.7593566896561056,1
1014804,0.40774870852971495,0
1054133,0.8266423168119632,1
1085634,0.8349966404542137,1
1037710,0.8110782237550136,1
1084264,0.38464277780384815,0
1099998,0.8441084783636184,1
1049426,0.7941364927361989,1
1026623,0.8822227672860784,1
1068854,0.7985696059035472,1
1081231,0.8676576053430278,1
1026416,0.8058955704980142,1
1009297,0.6733833552710892,1
1006487,0.8083607532485416,1
1001177,0.7113796926797192,1
1051528,0.7925808170615052,1
1060459,0.857502487862536,1
1052473,0.829364171514191,1
1070965,0.5805382087093693,1
1056207,0.8487920772357278,1
1098312,0.8827003281897735,1
1036599,0.6190678767026985,1
1095697,0.8480861500915957,1
1083912,0.7976198629917858,1
1046987,0.2878140622769361,0
1033612,0.8146535863646718,1
1013553,0.8116017029910194,1
1092428,0.7451491535950836,1
1024872,0.8510831982533937,1
1082995,0.8088723742234598,1
1027073,0.8250290179654655,1
1013736,0.8765533676361573,1
1027757,0.2968865551694261,0
1092854,0.8819585762430956,1
1072589,0.8032414776638124,1
1090725,0.8143220340202424,1
1012597,0.7952161216871256,1
1085379,0.88191705320233,1
1007330,0.4180257633753994,0
1046041,0.7020658585375943,1
1031555,0.8256196606282985,1
1033930,0.813248067641761,1
1008546,0.3460439099013627,0
1017673,0.854640135428373,1
1099999,0.7968762064754353,1
1060882,0.7787164669571115,1
1098986,0.6894350523273496,1
1077817,0.8624527173566108,1
1087133,0.8776159599861381,1
1085938,0.5686480815831977,1
1067108,0.8571331609159569,1
1077209,0.7405144583974514,1
1090191,0.8239593226563865,1
1017513,0.36857984175127956,0
1033087,0.8630702060351966,1
1053723,0.9041366470598223,1
1036896,0.8652124042143531,1
1062627,0.7166971322318302,1
1008327,0.8485822681770522,1
1022187,0.8902414076439864,1
1082237,0.7847225641247078,1
1046684,0.5887864135222668,1
1009064,0.8819976321308357,1
1080547,0.8521615080530425,1
1057270,0.8360753008249346,1
1028078,0.8232904739286997,1
1042072,0.8665285536628738,1
1015561,0.7348413075711189,1
1015560,0.8364171375126048,1
1001502,0.6985841696046015,1
1064542,0.8086589023621108,1
1048996,0.8431893772565507,1
1016719,0.7886742604466435,1
1092106,0.8831040107376812,1
1090532,0.5449409409300986,1
1047104,0.8254845938902694,1
1094300,0.6660011356876412,1
1098265,0.43986935536454963,0
1024290,0.5307689985094493,1
1093218,0.8620523994335512,1
1026927,0.5551270025667878,1
1065169,0.7849383834127702,1
1073771,0.534349497957018,1
1074094,0.7842252703904314,1
1029993,0.8584691076262521,1
1087753,0.526413926395209,1
1002257,0.8536633485874495,1
1052816,0.7347599582762544,1
1022750,0.7268878551277935,1
1049834,0.8559856649375629,1
1042325,0.7615482670334961,1
1091478,0.8769278072855021,1
1004149,0.7852481218176008,1
1007107,0.6335777481964565,1
1095463,0.6376681684773883,1
1065599,0.8267847743236679,1
1041250,0.7251852551539447,1
1006259,0.8004383257851526,1
1050637,0.9077384146770275,1
1004378,0.8869359394195824,1
1077023,0.8130024769733989,1
1016450,0.7790364175669359,1
1092769,0.8639178419119004,1
1003536,0.4014101953881053,0
1069649,0.8952671533814974,1
1003283,0.4275344585700761,0
1045645,0.792344168685901,1
1070818,0.6150945556436124,1
1009139,0.5658348415234784,1
1096993,0.8430273753882642,1
1015696,0.8707727806229335,1
1021372,0.5200259543615869,1
1092460,0.3028873142959188,0
1030673,0.9080853576060619,1
1062687,0.8639019336902325,1
1005961,0.6485866311015721,1
1078776,0.9074645502736569,1
1025957,0.8432458668689365,1
1004555,0.7829944976318252,1
1087022,0.8554566495282819,1
1092419,0.8480970412197184,1
1073345,0.8101675444320342,1
1082567,0.8255336052556287,1
1031834,0.4551270823535226,0
1021046,0.8451788339638352,1
1060226,0.845642036756101,1
1081573,0.8606564403832835,1
1063160,0.8269015943707982,1
1064997,0.8792885933288093,1
1095171,0.8800248254847393,1
1078374,0.8960617605642199,1
1048570,0.8278335061696365,1
1086102,0.8563429166627184,1
1043228,0.8621597295757025,1
1051136,0.8387694627821323,1
1079486,0.8465264633516009,1
1006399,0.8749486813343772,1
1052409,0.7435843087279828,1
1004838,0.5395843376907186,1
1058523,0.8571432916698687,1
1081376,0.8060526790910705,1
1061044,0.8849399584758865,1
1046721,0.6364862450027575,1
1043266,0.7092168626366494,1
1096012,0.7510695880664494,1
1099886,0.8585511400871555,1
1075933,0.8437563105731493,1
1063217,0.8624975019293187,1
1000535,0.6984369018215945,1
1099687,0.7509221503362069,1
1045200,0.7820273993413503,1
1085941,0.8901720501361697,1
1016203,0.6413483405627313,1
1041735,0.841695939945172,1
1037401,0.6056487019297957,1
1044399,0.8231286048123762,1
1066018,0.8303813829551705,1
1011147,0.4644281389745483,0
1077225,0.6389437250934679,1
1042267,0.8010829616599007,1
1023685,0.8987311485409564,1
1036964,0.8115514301507178,1
1072495,0.8422931677852459,1
1065684,0.8924790319087461,1
1052909,0.8065970102394427,1
1015896,0.5757378755499791,1
1085494,0.7802795965169843,1
1094747,0.8704294338619065,1
1026616,0.7722906674101302,1
1086604,0.6698465346534788,1
1022472,0.6038935289850247,1
1010865,0.6173440875859979,1
1030326,0.795540527099626,1
1073562,0.7858544891268276,1
1005815,0.602868223019169,1
1022075,0.849915072342717,1
1092613,0.8832143939369744,1
1050267,0.7398684051399478,1
1004981,0.6997732152314838,1
1045908,0.46976384633125273,0
1014864,0.47391451547907887,0
1072647,0.8491318290326434,1
1055274,0.8635960689914839,1
1077542,0.5900182042743043,1
1052981,0.8174282252446681,1
1046158,0.2928644762174737,0
1048644,0.8538684481649977,1
1035660,0.8523618602161962,1
1023419,0.8195530947154214,1
1070780,0.8133644522629878,1
1002356,0.693273621171173,1
1010556,0.8763477904697984,1
1082291,0.775805209719041,1
1020017,0.6871412657989548,1
1019401,0.8175870597298481,1
1045239,0.7164383458774941,1
1093748,0.8450309021920546,1
1002201,0.5572718509076552,1
1079761,0.8319611102314047,1
1022889,0.8271311910780454,1
1090129,0.8461680111129788,1
1012038,0.8922425745931992,1
1069162,0.8750232394764923,1
1022966,0.7956541706520903,1
1072266,0.7374414720411697,1
1064513,0.7114807773464772,1
1013579,0.8497749061086716,1
1044430,0.7416067308163329,1
1000724,0.8341006184459321,1
1071835,0.8661357351352835,1
1062125,0.7954346915959108,1
1012887,0.7489189553617419,1
1016932,0.4043140399880792,0
1063881,0.8218607580221653,1
1057610,0.8369397334249077,1
1048830,0.8803189856603533,1
1012392,0.4653096391281567,0
1031971,0.6514342355918445,1
1015076,0.625223444957301,1
1020683,0.8746939072543539,1
1046630,0.7996529650319916,1
1098749,0.8332954102538426,1
1004247,0.6530947406604433,1
1087123,0.8510835772871296,1
1014951,0.8521545571687423,1
1048650,0.8505285120084493,1
1055401,0.7836710911598471,1
1097114,0.8520272043012312,1
1039124,0.7734232210186435,1
1063022,0.29754532726838256,0
1087484,0.8402124722943997,1
1061670,0.8470778995526302,1
1008302,0.5101982167972081,1
1046412,0.8484750729789113,1
1013922,0.859317936845733,1
1008158,0.5714530978816827,1
1093823,0.6742009201922656,1
1015121,0.6321233715813951,1
1096340,0.7315833619591,1
1042093,0.865231048807734,1
1096716,0.6631081244062549,1
1021961,0.8909704214787164,1
1009788,0.6642763962699589,1
1074641,0.8763371620879672,1
1004352,0.380622746595503,0
1021444,0.870901774391097,1
1019091,0.8904552314675869,1
1053991,0.8625982977377176,1
1056732,0.8573726103806069,1
1092176,0.5071652705560654,1
1040787,0.8313415852117001,1
1004805,0.6221656665230817,1
1003621,0.652565381332081,1
1007173,0.7753075817693842,1
1020590,0.8429604618727605,1
1052846,0.8782262618046237,1
1018709,0.7748861224615461,1
1028147,0.8551000721070753,1
1047188,0.6538606047927727,1
1056837,0.8162839707413819,1
1020356,0.8906787405206442,1
1089430,0.8620637188986182,1
1098435,0.8294026198651357,1
1009698,0.8341185770769088,1
1065527,0.8668671694324982,1
1071099,0.8179359761688709,1
1055422,0.5890466848567227,1
1075062,0.8016172568834248,1
1039032,0.7972166947116016,1
1065495,0.49357783823441387,0
1009534,0.4855551151118055,0
1001348,0.4072205438091446,0
1074763,0.8234222580815256,1
1050730,0.8446023989022748,1
1021113,0.6302991385939084,1
1001960,0.854109841358604,1
1070080,0.7522880997963738,1
1015332,0.40050599799591813,0
1076852,0.8583053727917945,1
1084444,0.7256435773700167,1
1034856,0.7722646315083347,1
1064094,0.7422120451533837,1
1072694,0.8383525437126166,1
1059102,0.527586789027023,1
1042096,0.765987307766846,1
1090929,0.7035533369976397,1
1017552,0.4338740984704657,0
1032462,0.8430861888716097,1
1073195,0.3905771693736492,0
1012214,0.3410145351874624,0
1021790,0.7743583057409663,1
1073481,0.6412708288808949,1
1075490,0.8576082673829082,1
1019798,0.6877855919010742,1
1051096,0.6307686412142155,1
1063534,0.8656725125104441,1
1060146,0.8116880380283048,1
1044005,0.8480263541997017,1
1041112,0.8285090607521272,1
1018793,0.8501648675854012,1
1004172,0.8597060335020974,1
1006597,0.6643365077192432,1
1074634,0.9045775739833106,1
1094809,0.7670496049147972,1
1089223,0.8244084999296378,1
1052826,0.7823962484026056,1
1003175,0.5890300967422,1
1016786,0.8332723216518398,1
1049268,0.8131304767187868,1
1078453,0.7980371865950823,1
1003107,0.31457099176380443,0
1088668,0.7826437760358127,1
1030577,0.8365454014533595,1
1083964,0.8824649543471162,1
1090314,0.8347254568775052,1
1025709,0.8527631707266566,1
1079033,0.7702946844822273,1
1003189,0.8912025417938696,1
1030955,0.8908109873622054,1
1080113,0.7938443466991049,1
1008404,0.49501975345109905,0
1052782,0.6482645375898072,1
1001022,0.7820633528465417,1
1032492,0.8405224993517469,1
1032981,0.8495943385322178,1
1030861,0.8656793376960877,1
1056063,0.8830726390165119,1
1039925,0.8304600401498227,1
1068825,0.8486408380459136,1
1030813,0.8859820311966664,1
1036661,0.8769893409809458,1
1009050,0.5378525347565395,1
1020342,0.7794513397306049,1
1053172,0.7806436469944075,1
1001040,0.3740340006778524,0
1018163,0.6438729041652416,1
1076790,0.3285691243989809,0
1079497,0.8394916903928853,1
1058675,0.9098035033740969,1
1056830,0.8154997235900957,1
1010568,0.745795406350244,1
1053012,0.876818997543971,1
1044077,0.7858057761418022,1
1032809,0.8537226999148981,1
1002091,0.6268288966745251,1
1057502,0.8811037649519596,1
1029486,0.8707966955759884,1
1047835,0.6940228074584558,1
1053176,0.8925473686608756,1
1007433,0.5643293087962225,1
1041571,0.8224609260063342,1
1096551,0.8439358422607736,1
1087998,0.8423978184932474,1
1088277,0.8760457880743505,1
1072628,0.8564305238608765,1
1084153,0.7258434835337777,1
1005564,0.8666873784347925,1
1015038,0.6125130846933267,1
1054093,0.8474082324502495,1
1062191,0.8686761490589398,1
1050958,0.8537768019463605,1
1079372,0.8016692826834639,1
1079973,0.7302328471782764,1
1090736,0.8521452265734994,1
1031441,0.8477059791366459,1
1015553,0.5910706300135775,1
1048843,0.8597843686432374,1
1091073,0.7595239805231421,1
1011287,0.6941964781489534,1
1033012,0.8283617352525171,1
1050111,0.8598634015108885,1
1007195,0.5952557853287636,1
1013280,0.8264332176400543,1
1084223,0.866974295904914,1
1047688,0.8139274882531132,1
1094862,0.88485827388089,1
1051968,0.8778068323287095,1
1040243,0.8531674152468266,1
1074759,0.8262246372992322,1
1096418,0.8242938193236697,1
1042667,0.34959657290902996,0
1055120,0.4841685654141751,0
1016416,0.6463989506622237,1
1044303,0.8443813162922089,1
1058994,0.645527768308241,1
1011400,0.38256736596986274,0
1080958,0.7048079829537314,1
1068529,0.7263324022171067,1
1069027,0.8544225292700607,1
1053744,0.808911883761903,1
1028186,0.8527999343869199,1
1001391,0.8070315615712218,1
1008500,0.6816983087502674,1
1028122,0.733580816806375,1
1090900,0.7727382409568685,1
1082557,0.8405541326083419,1
1068009,0.8246448268684103,1
1069146,0.7929066764477496,1
1041365,0.8221092033791638,1
1031076,0.6836771997302737,1
1092095,0.7844206617194148,1
1092525,0.7765626118817166,1
1028940,0.7892192306198121,1
1016762,0.4183193844422192,0
1008147,0.5125064108022019,1
1039615,0.8078397948309191,1
1039438,0.6001688651252184,1
1027868,0.8731207630659507,1
1023500,0.603476378721349,1
1081135,0.8006279968054093,1
1078603,0.5736432934108072,1
1024000,0.6662760737708789,1
1052592,0.8548509815823726,1
1000305,0.6162620612142169,1
1072796,0.7964090823745726,1
1099020,0.8131159980970182,1
1091163,0.6691619089028471,1
1017961,0.6911398993182267,1
1088546,0.7367224866282667,1
1051833,0.8067205324047821,1
1041220,0.8343446914611293,1
1017320,0.877368431810875,1
1042177,0.8917155216723507,1
1091521,0.8310453043708583,1
1019063,0.8412286246771232,1
1024587,0.8088526540156125,1
1053610,0.8844615187388508,1
1046280,0.8617713521445602,1
1080692,0.7140408534424842,1
1010626,0.854322350782752,1
1015359,0.6576219731026806,1
1011841,0.8906566391086246,1
1024970,0.8682010765966753,1
1065147,0.6104676337794009,1
1098608,0.9087401746958494,1
1095844,0.8684570964766022,1
1024831,0.5609957355046574,1
1042512,0.7130464736484603,1
1082113,0.7792681108119083,1
1075039,0.8311364623469304,1
1080048,0.8122946865836754,1
1011627,0.7961276490752109,1
1043819,0.8408900118577741,1
1023395,0.8305353580371551,1
1024366,0.38745888643577214,0
1054804,0.8227641504698187,1
1031040,0.682887832089028,1
1068441,0.8518142751015534,1
1043833,0.5077717719319339,1
1031299,0.8281915651979378,1
1075162,0.7936173394675924,1
1016710,0.6167293019821911,1
1025520,0.7390438787691432,1
1001688,0.2607525782255613,0
1082773,0.8380018286095523,1
1041902,0.8731824857028242,1
1064303,0.8858120287537066,1
1021975,0.7709640256195218,1
1080023,0.7900337973474906,1
1040516,0.830892299495535,1
1019977,0.8448264613040681,1
1097763,0.7795848976321089,1
1004731,0.321208212887113,0
1024602,0.790141709416408,1
1012451,0.6382346575566729,1
1007139,0.47686313026626725,0
1050313,0.8618982768035265,1
1067643,0.6215860351166745,1
1005616,0.5128884197044364,1
1086518,0.8240629193985969,1
1067128,0.8191492179349065,1
1018751,0.8356047684310511,1
1063758,0.9077762700478206,1
1009895,0.8461081862939759,1
1091559,0.874293637020451,1
1064186,0.8669719955355054,1
1012921,0.8924140130694276,1
1003520,0.6885707595498878,1
1030004,0.8953380953251595,1
1017934,0.49755694085435187,0
1016800,0.5710124708009967,1
1019745,0.6700322884985966,1
1063991,0.8664992612434342,1
1022220,0.8837240603496469,1
1090836,0.8847135609641779,1
1054621,0.7425197437990988,1
1056210,0.8798646187509532,1
1035052,0.8031917368226671,1
1040658,0.8751592309068581,1
1068831,0.8667590609464773,1
1043979,0.8472673634016874,1
1037166,0.8761252431171511,1
1057487,0.6808947327151054,1
1006416,0.44036500428587855,0
1028660,0.8581782065964616,1
1052341,0.8305490820281284,1
1067012,0.8544230430815511,1
1032580,0.8451941797484488,1
1070381,0.6927835532512948,1
1029610,0.6375394719807754,1
1061874,0.7870128357939657,1
1003669,0.5079866085980337,1
1028841,0.7660992116157102,1
1004882,0.5639612584776159,1
1097220,0.8717995051411515,1
1094503,0.8556268224422351,1
1077972,0.8787221758698438,1
1093695,0.6543563438834819,1
1004030,0.8549986832687104,1
1051697,0.8661840267199131,1
1026564,0.825024840249318,1
1067332,0.8271128072298962,1
1054678,0.8315086497405069,1
1063295,0.811861137313167,1
1097523,0.6537983235795105,1
1007934,0.34272917212795356,0
1069029,0.878743912812117,1
1090080,0.8402468183926912,1
1038406,0.8162648264070794,1
1017002,0.8239241803280849,1
1025275,0.6181143482033044,1
1071426,0.8727505470423481,1
1005356,0.6522960898143736,1
1004250,0.5930358631937404,1
1059581,0.672557629429193,1
1072741,0.9073529372095941,1
1030365,0.8976933348281175,1
1048871,0.8412040963973687,1
1070946,0.5429923554919741,1
1043569,0.8486793028281064,1
1008598,0.880408317332033,1
1012929,0.8775198137306737,1
1084042,0.8789295922239184,1
1016959,0.8599704042585895,1
1045631,0.512068407443901,1
1054923,0.5201051512119583,1
1010472,0.9069151101610574,1
1018068,0.5847371195822703,1
1059237,0.9078155539189331,1
1017081,0.7880486785951235,1
1060575,0.8394963633244004,1
1038572,0.8300868698670477,1
1070190,0.8469196816831599,1
1055949,0.8356793760171269,1
1044719,0.8254836451795747,1
1012314,0.48177426850075017,0
1079890,0.7226338961310543,1
1035647,0.8537594945788776,1
1053747,0.6000955609630884,1
1027549,0.8686301678562062,1
1081733,0.8573572851636554,1
1023779,0.8609710977297222,1
1059353,0.8310592962683395,1
1006930,0.8231299798883073,1
1094003,0.8220563610774607,1
1082051,0.7692151230749945,1
1073522,0.8551502249257201,1
1060422,0.6559973204234334,1
1076004,0.8675565635130078,1
1050064,0.8537978383385635,1
1096292,0.6886438104890471,1
1068296,0.8778109287373239,1
1006788,0.8911364089721492,1
1028591,0.8720273322620481,1
1014201,0.5515941197354111,1
1025550,0.8478717193297723,1
1035764,0.7172385337898866,1
1098896,0.7952314372052818,1
1039520,0.8326252693581881,1
1042549,0.5459568630870241,1
1009356,0.44758534079961737,0
1041903,0.8764002439654064,1
1043159,0.8799255935425013,1
1047529,0.47029470547396957,0
1000105,0.2544546619008846,0
1039855,0.8603748585518897,1
1045962,0.8680092368076815,1
1090493,0.8486472384938816,1
1076299,0.7017845061025857,1
1017630,0.5214415197764837,1
1001942,0.7323940162724405,1
1078785,0.8786057198971073,1
1066009,0.8087204749130635,1
1056065,0.5959267212898705,1
1045214,0.8928295712434464,1
1090969,0.6274188695410932,1
1009108,0.6018548307758537,1
1088996,0.7949304097335631,1
1046430,0.7775265586322438,1
1076961,0.7102415655875448,1
1064348,0.4878842701476061,0
1082679,0.5367137648845527,1
1020516,0.8602427551596822,1
1040965,0.8510931749509112,1
1023834,0.8871266616061687,1
1087523,0.7945708808563046,1
1011911,0.5954204664375548,1
1049531,0.7126116548245579,1
1056862,0.8670643131022189,1
1004147,0.8432406033839862,1
1048578,0.520329216856487,1
1014717,0.5723068326194967,1
1014095,0.6759814979372128,1
1043059,0.8431820351638228,1
1041117,0.7954445034054417,1
1039792,0.4324460874588246,0
1070953,0.7552351364418263,1
1077458,0.818508508404438,1
1048564,0.7320933776938022,1
1055991,0.7266084239985453,1
1000675,0.6949733395121257,1
1040439,0.7915052445141556,1
1030304,0.7901748630961318,1
1008995,0.8544198938691864,1
1006833,0.5937183559127894,1
1094732,0.7094367480015654,1
1060909,0.7686867243877908,1
1072654,0.834645850429715,1
1060997,0.8539514214603164,1
1034205,0.6231391214970168,1
1036469,0.8308675388058355,1
1094140,0.8872685732356097,1
1021706,0.8082572977156098,1
1051539,0.7996090724977996,1
1025000,0.8033793584945068,1
1024990,0.8559486516266533,1
1088418,0.8387356256166552,1
1020976,0.8021453105057602,1
1009474,0.6495588013853678,1
1076957,0.813464093819659,1
1037781,0.7881434710108091,1
1080522,0.8603422500801843,1
1074160,0.8652069983333199,1
1007175,0.8145409656155649,1
1030818,0.6157800952758863,1
1042554,0.8994892334853211,1
1016518,0.7225402582937568,1
1082026,0.8601410366450831,1
1079511,0.5806387164075077,1
1030103,0.8430232048408975,1
1067455,0.8425823181458991,1
1028401,0.8524682893015786,1
1064829,0.8175801789143824,1
1070624,0.821130839791364,1
1040289,0.6639916737531714,1
1003641,0.663745736908366,1
1029009,0.6301404261025637,1
1063178,0.8432777457683923,1
1036196,0.6722312624854364,1
1041264,0.8644694580419312,1
1038749,0.8051834200723582,1
1079099,0.8336011268137082,1
1091942,0.8496415762076326,1
1018106,0.2997292347017085,0
1065540,0.871937668495121,1
1041056,0.8568104148245688,1
1031385,0.6355013087817006,1
1040279,0.8592821220879141,1
1069600,0.8993793315043924,1
1030466,0.7313400487201225,1
1093017,0.8036962012159052,1
1076941,0.7759113197807708,1
1003870,0.7353087082462865,1
1038155,0.8741356864769138,1
1003921,0.49335117198764283,0
1064372,0.8386048140148132,1
1045937,0.885288666761207,1
1030125,0.8900633401136719,1
1077906,0.7263696975686528,1
1080815,0.8522215758362657,1
1091234,0.654055596815709,1
1070168,0.8365241668848635,1
1063550,0.8767432125279909,1
1007743,0.47211840090780793,0
1041047,0.8773394520628943,1
1033309,0.8413059016344353,1
1070757,0.870354034392212,1
1061057,0.8791802534727439,1
1010279,0.6256521967800629,1
1029658,0.8140322003291732,1
1011013,0.5564815808853244,1
1063169,0.85583507656041,1
1006239,0.7122901133483459,1
1015357,0.7510494096198898,1
1002468,0.8555152345378464,1
1017676,0.6668198432515829,1
1018817,0.7606587229941228,1
1014923,0.545536134043984,1
1065474,0.66059581883054,1
1096041,0.6624077286017818,1
1069457,0.8227470982907316,1
1019149,0.7931724354671913,1
1067580,0.8968523845387663,1
1090198,0.8452819703059257,1
1060615,0.6414538075608718,1
1090893,0.8405281688857077,1
1082182,0.8305444455202956,1
1036061,0.8434027639986601,1
1053476,0.8024977271082947,1
1087984,0.8779319839855088,1
1045173,0.5757618981624535,1
1091039,0.586588973470629,1
1033369,0.9054271752032235,1
1008840,0.6208354479041214,1
1006641,0.5876658622391361,1
1057092,0.8947093570192897,1
1087164,0.8445681677737019,1
1019276,0.7856729276392934,1
1086052,0.7031464246212566,1
1044760,0.7044799291999284,1
1022782,0.8486493721989523,1
1087343,0.4350436967485216,0
1015414,0.8347689021553324,1
1063825,0.8720609756954847,1
1014196,0.8857667968252594,1
1053361,0.7635775213709487,1
1028530,0.8317502010197971,1
1063140,0.8965968358699457,1
1080665,0.8856078527886843,1
1038235,0.884144104864219,1
1044044,0.7422273068706707,1
1029820,0.6521254168492482,1
1067426,0.7554649321352185,1
1055257,0.7782183214313599,1
1079656,0.8571661270136276,1
1073501,0.8808187749944947,1
1006776,0.673641089009274,1
1081259,0.8231733453805387,1
1062664,0.8330343342688693,1
1078828,0.8344069601968507,1
1052491,0.869896814360163,1
1006236,0.8632657973322789,1
1043270,0.9057386156046605,1
1049270,0.8998387064870897,1
1036833,0.8771472412992858,1
1044482,0.704219030931822,1
1093973,0.7719011462845942,1
1098643,0.7242536598321994,1
1036067,0.853566645156107,1
1062573,0.7913928081377714,1
1006580,0.5226303452435729,1
1033583,0.869173217033526,1
1053697,0.8464387327841084,1
1010021,0.5432037615114218,1
1071909,0.740878596273473,1
1026985,0.8472407962464104,1
1096725,0.7339687767421981,1
1083012,0.7888430347252942,1
1059889,0.30124201836137904,0
1034881,0.8400005991739852,1
1071197,0.5299954721533823,1
1037473,0.8610608024711737,1
1046116,0.8683406502227405,1
1029490,0.7984566046689012,1
1073490,0.8455357829175386,1
1084605,0.768329641291737,1
1020478,0.8742076625754966,1
1053215,0.7647943984299309,1
1021520,0.8879528134354083,1
1007275,0.3950535975463065,0
1041020,0.7108744332198057,1
1098373,0.831246761444177,1
1032645,0.7863702152491028,1
1085026,0.7523011585079394,1
1076125,0.75413077304686,1
1023680,0.7875873812874392,1
1017322,0.5592635019514062,1
1072014,0.8012791837301598,1
1022041,0.8017088591804552,1
1038486,0.8485399158683963,1
1020099,0.8933196743179322,1
1010090,0.4662179421988299,0
1006142,0.49675391215221276,0
1037013,0.7759230579007245,1
1013531,0.5371231815291526,1
1075090,0.8163289037215581,1
1071636,0.8454341872305495,1
1027362,0.8041874083308982,1
1069398,0.8742184137369815,1
1051037,0.8119199484528812,1
1029924,0.8614140364676547,1
1049714,0.8530202259603579,1
1013721,0.8567136217424487,1
1062555,0.8644480356001092,1
1063926,0.7643973581289198,1
1049306,0.84452658267539,1
1017405,0.45777001874876133,0
1082898,0.8635048404420508,1
1080589,0.6239180556221664,1
1095458,0.879560096398425,1
1094222,0.8519305531552281,1
1078778,0.8426425281846012,1
1002785,0.5538358176373618,1
1089244,0.8823608497170253,1
1092799,0.8963232791518834,1
1038936,0.7638510601315395,1
1083070,0.816799463852517,1
1045953,0.4490007888343559,0
1022844,0.6189884888794261,1
1028872,0.46111211241419986,0
1044944,0.7390979471420105,1
1092802,0.8472284163790654,1
1087847,0.7683738013722916,1
1022688,0.8273683379990907,1
1066970,0.8497554925390679,1
1010059,0.5263493949910754,1
1088087,0.7304790514685654,1
1022154,0.6115359176464977,1
1034550,0.7389008345635908,1
1011489,0.6848302977140812,1
1027539,0.7357977411954847,1
1028695,0.8202280241135705,1
1036364,0.5716260657989028,1
1015074,0.8222598220761125,1
1017599,0.5358947797670708,1
1053648,0.8710872834557611,1
1064198,0.8363781675521285,1
1093803,0.8500035493729122,1
1097872,0.6101721741814466,1
1037352,0.5397320325691846,1
1089720,0.8639894468461545,1
1097823,0.6717491269001918,1
1019978,0.8531917621105886,1
1068341,0.6579390698191626,1
1012004,0.789752243168163,1
1091391,0.8109833306674059,1
1068735,0.8261742310420057,1
1005681,0.8280620666551951,1
1044431,0.6449757335452829,1
1082180,0.8845089483522809,1
1042833,0.4867229568893241,0
1065402,0.8522586614931862,1
1083880,0.8379929163847171,1
1069980,0.7270824712186855,1
1044258,0.7566832833621361,1
1051392,0.3559426296041288,0
1068938,0.7273680002218298,1
1096005,0.8612041881056576,1
1031449,0.865702525750308,1
1030507,0.7284697888021954,1
1046939,0.8706607978492241,1
1062444,0.6142946629854854,1
1027907,0.8219346109895678,1
1005529,0.8596331792084693,1
1069131,0.6744107024863464,1
1030116,0.838060365923483,1
1093650,0.8129024791030203,1
1082259,0.817501677098448,1
1015974,0.8245194700893129,1
1065965,0.8511976069214291,1
1049477,0.7794488187011335,1
1031791,0.8272674225285316,1
1065683,0.833751758996232,1
1001756,0.9085277840639064,1
1073321,0.8861330307841887,1
1032000,0.8678507958465845,1
1029727,0.8619794693306155,1
1031870,0.8932087468484938,1
1072366,0.6956342284923245,1
1068314,0.8497379240229613,1
1079403,0.8806112726550387,1
1014991,0.8668924800768066,1
1030356,0.8709124693234415,1
1088540,0.8814753446186475,1
1045759,0.8413454363220182,1
1005684,0.6043005555122406,1
1045328,0.8395695541852741,1
1009614,0.8026128296031115,1
1078330,0.8787319919789243,1
1088882,0.840830718046101,1
1040350,0.8766749255766438,1
1043941,0.6302587665340168,1
1060951,0.8401863005664831,1
1081498,0.45203559938638227,0
1075449,0.756288813847128,1
1033958,0.8475260168716721,1
1070422,0.8809965744662749,1
1051798,0.8148813531557139,1
1079873,0.8693374510586983,1
1003808,0.6285349579084979,1
1099246,0.5609278992979027,1
1086077,0.8739260175357156,1
1007570,0.39996313973427056,0
1005631,0.8737163565630567,1
1087730,0.8469868312165855,1
1012403,0.8681774277367797,1
1007262,0.5287886500802128,1
1068592,0.8283339964881569,1
1054398,0.7160135925569645,1
1037757,0.8054825949332709,1
1018391,0.8052259099639179,1
1036750,0.7391618274673123,1
1005617,0.6703172779627444,1
1012051,0.6106233923087097,1
1021913,0.7688177042141529,1
1040924,0.8448755744143343,1
1095478,0.7846011436053861,1
1098224,0.5795862368242215,1
1011383,0.48910694923966486,0
1065059,0.7551749438607681,1
1072700,0.8591375965654101,1
1063697,0.7801556152262484,1
1024303,0.6493310752483352,1
1003801,0.4268198888963191,0
1015302,0.8714789176890044,1
1032892,0.6555747244624013,1
1048898,0.8468761824617018,1
1099209,0.5660199061484628,1
1050919,0.8415119269196613,1
1026620,0.8523290088220579,1
1083602,0.7315349420414746,1
1071096,0.8227168337492438,1
1030781,0.8826074330838093,1
1014504,0.6469023171311938,1
1023547,0.6363943587625295,1
1002361,0.8361779921010154,1
1041881,0.7351017462828934,1
1012925,0.6636135837913967,1
1035426,0.8474171994612087,1
1097560,0.4668704938213143,0
1004371,0.5549363266451336,1
1060852,0.873216598731579,1
1062152,0.7952606498032756,1
1079552,0.7981059297774387,1
1066219,0.8620588693346211,1
1063524,0.8426505762133284,1
1067270,0.8994117012137445,1
1011885,0.4617721476653309,0
1034958,0.8435890933507998,1
1006827,0.5173226413912841,1
1039782,0.8515800709133584,1
1033244,0.8529848418002557,1
1001285,0.4983874962259735,0
1076942,0.8483947439997324,1
1034457,0.8884956237307244,1
1079948,0.8651345535989408,1
1084782,0.8841541246581185,1
1059311,0.5346403328286674,1
1088132,0.8265542682411534,1
1089439,0.890398251181201,1
1069657,0.8952752306285919,1
1047344,0.8375641141168078,1
1060788,0.7031217159137009,1
1020194,0.8454326562424013,1
1066222,0.48503131989809717,0
1084208,0.8883205714179115,1
1075511,0.7870803313829708,1
1050532,0.5143794283513947,1
1036323,0.8767183098507061,1
1075764,0.8078400136283429,1
1006434,0.7955443981092026,1
1081662,0.8444907176499377,1
1091861,0.7255910564220854,1
1004370,0.5599852696486709,1
1059601,0.8456811361637955,1
1012228,0.6166104347562367,1
1063158,0.8414178149571039,1
1036378,0.778864838035666,1
1043576,0.875800026782191,1
1053974,0.8109897660629426,1
1069093,0.7929409640970404,1
1035868,0.8392775275734407,1
1080145,0.8229633675896495,1
1092320,0.8759936420968729,1
1036065,0.819259697632463,1
1004104,0.6151771638053063,1
1044918,0.8740354467419924,1
1022430,0.48505348765572326,0
1065992,0.8003216620867314,1
1089862,0.6244051382760192,1
1061985,0.8207640385178322,1
1096071,0.8310288511017634,1
1022517,0.7701235734109575,1
1067731,0.8568668308971763,1
1060271,0.7522557064821905,1
1086902,0.5603063654481922,1
1053937,0.8662683681236387,1
1036025,0.6517494212620425,1
1060054,0.8245990969104681,1
1055190,0.8548896399717759,1
1051020,0.8818153125796278,1
1072966,0.7863046190504844,1
1030685,0.6791240232852954,1
1015745,0.4987507364068876,0
1070838,0.7530466848547328,1
1022207,0.5905711634988791,1
1086192,0.7086094004756963,1
1090922,0.8507648535565384,1
1018466,0.8468008086862822,1
1042699,0.8701143591473436,1
1083488,0.8681073530456805,1
1005520,0.3720696771419404,0
1025624,0.5473387783752841,1
1094940,0.6950722892979355,1
1086231,0.7574104111203095,1
1081897,0.720682876299252,1
1018664,0.8387816205938284,1
1019435,0.7984105653249962,1
1083213,0.8651073682731328,1
1089034,0.5999802155936981,1
1019372,0.8304628514182976,1
1098191,0.6684391536917981,1
1060475,0.6187411638717886,1
1045825,0.816050988414371,1
1026126,0.8023232478448163,1
1088746,0.8609172996651824,1
1036840,0.8551004568720159,1
1099124,0.8944639094409775,1
1088801,0.7988926692886033,1
1010268,0.87376898069002,1
1011831,0.509248750228637,1
1060993,0.8625784699361143,1
1064361,0.7343087867993737,1
1096773,0.8094302441974525,1
1019806,0.837759456925609,1
1004640,0.6974731807156165,1
1015203,0.5336173454875925,1
1015044,0.8647057126573113,1
1084884,0.8666994033980061,1
1066477,0.8667277440915332,1
1034553,0.8069517667372351,1
1042373,0.7900783283033483,1
1061672,0.7192140012883721,1
1080107,0.8123059593312026,1
1014199,0.8133274086290443,1
1049039,0.8690893687833519,1
1007997,0.7508979224888376,1
1099684,0.7421303483280774,1
1058481,0.8011250335300771,1
1018044,0.7334443970954646,1
1082897,0.8254979004121595,1
1086480,0.6476842653507837,1
1011448,0.6943703340692611,1
1092791,0.8688117469615488,1
1003699,0.4663966186723649,0
1071907,0.8568872016749334,1
1078677,0.7910734395614641,1
1089121,0.6983598590759231,1
1014097,0.6777803995847166,1
1005318,0.40146606175884897,0
1004810,0.4859467346149653,0
1020241,0.5240062153942298,1
1053050,0.6385551574795577,1
1061845,0.8476159999203339,1
1077289,0.8251729269350496,1
1050676,0.6801297464095657,1
1024280,0.8334651213908706,1
1089195,0.7952081589723675,1
1010953,0.6858518466150348,1
1031649,0.8233310983802101,1
1041803,0.7935218102800969,1
1006186,0.5264646401145037,1
1021139,0.7181777023717711,1
1002624,0.4741266773875304,0
1028844,0.7431096793207075,1
1036451,0.8685046680911207,1
1026584,0.6611103009277819,1
1093687,0.7960287835162705,1
1060380,0.7377773960986895,1
1098064,0.779712762677857,1
1085184,0.870295888677252,1
1055195,0.8880210164450858,1
1019537,0.6894092649251622,1
1053107,0.8513711199885072,1
1095282,0.7773511996721822,1
1068824,0.8755375322630251,1
1022780,0.8817869435067645,1
1088867,0.7513288389184819,1
1087919,0.5617253934125291,1
1073281,0.8265105215398089,1
1053517,0.5352608559058198,1
1024509,0.6358922961561655,1
1080701,0.6389237625079953,1
1067184,0.6515713601966439,1
1004302,0.5230865900902526,1
1090856,0.8108777947806999,1
1065936,0.6640432660976612,1
1040937,0.9013469214018209,1
1049869,0.8180697909210148,1
1087405,0.5897678346039342,1
1008386,0.8745645079895626,1
1008162,0.4741167447829282,0
1050413,0.7235607381191843,1
1012101,0.4274776167715552,0
1012544,0.8690722220726591,1
1014678,0.67452114089442,1
1087835,0.8342993336882761,1
1047385,0.7864990090964832,1
1085671,0.8323087067177637,1
1050812,0.8455390775681204,1
1066667,0.7431861365744816,1
1050103,0.8647499200573783,1
1054366,0.8604598407150312,1
1012472,0.6836861261781341,1
1072520,0.770579894866093,1
1033591,0.7964881635420195,1
1014443,0.7290742437364288,1
1021309,0.8360801291530529,1
1091495,0.7418071047786765,1
1016874,0.40805622864377117,0
1090909,0.840918617008169,1
1024341,0.8642611563917633,1
1018902,0.8711175958644611,1
1092108,0.8573426458965846,1
1049436,0.5820307169716901,1
1027738,0.8155983458945271,1
1073571,0.7864661236279726,1
1048779,0.8414311250128034,1
1080580,0.8572637799459152,1
1025415,0.8061152959977079,1
1013965,0.8776491595576169,1
1071884,0.9031497928650399,1
1011865,0.8530255575826464,1
1014429,0.8345328457486091,1
1094627,0.7970338074085359,1
1012767,0.3358125997625083,0
1030850,0.8370854758219285,1
1099460,0.4950287820244645,0
1094101,0.8368124262083093,1
1016043,0.8688231851264974,1
1009421,0.8642548898954102,1
1025597,0.7588964476764493,1
1071272,0.8694477706675503,1
1008359,0.8785291609455405,1
1047342,0.8825185503263979,1
1000438,0.7245619538494527,1
1096497,0.823482037485768,1
1074603,0.63445040470777,1
1086721,0.5488027099901364,1
1012911,0.6250097077257154,1
1010335,0.7773083780020769,1
1052338,0.7965720607242147,1
1020555,0.7406874357127994,1
1013284,0.6319195555878419,1
1005572,0.6384523500052779,1
1048364,0.7613878344161116,1
1096329,0.8238455308678656,1
1058115,0.8600217830070577,1
1002795,0.8018749840915537,1
1026825,0.8162448661398031,1
1029370,0.8558043430255619,1
1012519,0.6690403583634569,1
1030594,0.8801850085420257,1
1017830,0.7189869507342194,1
1035193,0.8191770009074141,1
1026298,0.8108918407709934,1
1094880,0.8094761694644595,1
1090248,0.8572778990594279,1
1017594,0.5675246524899433,1
1031134,0.49442185958875945,0
1065037,0.8837255413722582,1
1032600,0.753744077657347,1
1008871,0.7581053920540286,1
1047328,0.8202237604980671,1
1087500,0.849594816405815,1
1055956,0.8298265384030207,1
1077138,0.7705236861185303,1
1027561,0.4208048054746951,0
1033319,0.833819585410542,1
1087187,0.8788452927772469,1
1060540,0.8357001541402705,1
1093657,0.7311662329717878,1
1007414,0.8184420414495017,1
1078747,0.7394917084059969,1
1088463,0.8116254577296749,1
1080599,0.7836984168788631,1
1048868,0.884666511726835,1
1034120,0.7323208373414856,1
1067798,0.8499696602057103,1
1056288,0.8633244385080856,1
1015181,0.5321432949257515,1
1079974,0.8222444375268714,1
1040343,0.8726842175335865,1
1050387,0.7391715122368748,1
1056716,0.8126579848545744,1
1096624,0.7907812113441334,1
1082821,0.8134834220769546,1
1085936,0.8102929579986401,1
1096886,0.8266949648960987,1
1038394,0.854119525592212,1
1002253,0.749384264378115,1
1057292,0.8193728424408473,1
1047819,0.8784649438667956,1
1063860,0.8424020506522985,1
1023231,0.6780341736204476,1
1036445,0.8100305167880798,1
1072276,0.6601737577212451,1
1066962,0.5600956103863207,1
1073316,0.5066794579634012,1
1038956,0.8593263083295998,1
1048759,0.882796831943229,1
1010402,0.7514184024951372,1
1063693,0.7940948598149903,1
1013929,0.6671338218142291,1
1053018,0.49684641699834453,0
1037107,0.5963517252072275,1
1043241,0.7842741365975445,1
1014313,0.8497679190350017,1
1072868,0.666102294027559,1
1021427,0.7786414629163889,1
1060942,0.7917496887062699,1
1076519,0.6945022580392858,1
1062389,0.8310120169956577,1
1067195,0.8478898036560703,1
1086467,0.8044630826386377,1
1051584,0.8790278521194744,1
1020105,0.8465179971591074,1
1084792,0.7341908320488946,1
1041811,0.8289338367519673,1
1083665,0.8065194565696657,1
1025493,0.7804826694995477,1
1019525,0.7689798686894908,1
1000799,0.42226995404219814,0
1060916,0.8814924348174694,1
1067811,0.830116028246455,1
1044358,0.6395958128902253,1
1029566,0.8247514394712785,1
1025978,0.7704384000219174,1
1050100,0.8918328558809464,1
1058549,0.8285813249957779,1
1086068,0.5860506074022496,1
1095530,0.8430108424599906,1
1042670,0.7939102676379046,1
1098583,0.4630483125226249,0
1098676,0.8266797588090835,1
1068452,0.8566790831830531,1
1030925,0.46538565090711714,0
1043571,0.48314170770103704,0
1091457,0.7597061466898821,1
1014059,0.7375279959598888,1
1090254,0.9001414976685027,1
1045876,0.8353020425453046,1
1058310,0.8494733236075058,1
1024310,0.42252202815537415,0
1020959,0.7739481038165104,1
1070226,0.6609739801130201,1
1071257,0.7309237049599733,1
1057489,0.8291935486196318,1
1030678,0.7618011874569192,1
1032503,0.8664225444948307,1
1037726,0.8283954385508578,1
1000272,0.8525823852844431,1
1033992,0.5978412885100248,1
1036494,0.8427608088140055,1
1008492,0.8430561781177158,1
1083805,0.8132849923714363,1
1084606,0.43927764934692054,0
1080341,0.7995141359044607,1
1080207,0.8461571982502843,1
1055512,0.8378286559250995,1
1060272,0.8618678770679582,1
1034784,0.8281336981008657,1
1099807,0.6215397111325267,1
1077263,0.6683542154145999,1
1064444,0.849673668046955,1
1052470,0.8101713668251844,1
1050403,0.39641938543773036,0
1094248,0.7593024745509538,1
1020468,0.8732150194644995,1
1042527,0.7667990196301641,1
1039563,0.8323804004114651,1
1031118,0.8201753117897729,1
1013463,0.5142684636458031,1
1010894,0.5671672136688768,1
1047757,0.868755316280349,1
1076951,0.7625400529327118,1
1042136,0.8288740945272224,1
1045116,0.8210260596192313,1
1054223,0.7886000381696111,1
1012504,0.8235440620360851,1
1049246,0.6382719307436571,1
1055693,0.8738734596821903,1
1061499,0.4916664163735276,0
1019212,0.8572410671545122,1
1032269,0.664391263618966,1
1095859,0.8371214698313876,1
1063824,0.8042886103979303,1
1022747,0.5927930851610402,1
1038159,0.5195976349345384,1
1059782,0.835092464876369,1
1081918,0.6965751119099137,1
1012574,0.5201218964747267,1
1016992,0.5489379769544056,1
1052812,0.7814836613533459,1
1005481,0.8151311696625301,1
1010343,0.8676292349887765,1
1075721,0.8691161745430499,1
1077965,0.8568476170413829,1
1022457,0.8487367687263953,1
1013831,0.5176591017174194,1
1044592,0.8679637342929527,1
1088794,0.25680839498629415,0
1013672,0.6348178397027734,1
1039571,0.7983174976322689,1
1063622,0.8348330302277875,1
1073311,0.6043674160874544,1
1036940,0.7539544302620731,1
1038341,0.8813299502150109,1
1026454,0.8527217017713385,1
1096771,0.8199184392677022,1
1079588,0.745078096373505,1
1037846,0.7859857135400071,1
1086731,0.8222838943412693,1
1080821,0.8669486857955513,1
1000091,0.8881460231906434,1
1033048,0.8496214067473296,1
1022583,0.7869009858449677,1
1005765,0.8261020576034631,1
1010533,0.8701450546151667,1
1017834,0.6047406808252014,1
1014284,0.5136171418952535,1
1028770,0.8591907920768206,1
1092134,0.7350602904186571,1
1012424,0.3884747634997762,0
1099291,0.5180449932657446,1
1006437,0.8600062046446858,1
1045717,0.9054096547659763,1
1089162,0.8178443759744088,1
1034534,0.7278431510796058,1
1011243,0.5341026315018492,1
1006543,0.5776325829512586,1
1066430,0.8839419401181398,1
1088368,0.7866832456542051,1
1039545,0.8017855370060497,1
1012577,0.6781076615439637,1
1033200,0.7404080592884122,1
1007136,0.8676486772912542,1
1008071,0.4173229726331988,0
1085492,0.8055310646619965,1
1080568,0.852601672674345,1
1031453,0.8449637951867964,1
1020433,0.8222609405795519,1
1074719,0.8125471924198446,1
1093697,0.8219332413507592,1
1093914,0.6640657222791355,1
1039087,0.8715462148524361,1
1005341,0.5160862634455567,1
1051898,0.5651969043165587,1
1039180,0.6482705503495765,1
1084431,0.664556935005427,1
1012990,0.7154712952140084,1
1079946,0.7920122856506294,1
1099174,0.8594860806450924,1
1016902,0.6976929707227056,1
1019098,0.682452511071398,1
1073943,0.8269657433688868,1
1033219,0.8542744276618417,1
1034720,0.8593960885953476,1
1093373,0.767025689798755,1
1096074,0.48687315911275547,0
1003664,0.8300201200632777,1
1032925,0.8389880976558393,1
1095077,0.8273873772142911,1
1000365,0.7984389787557656,1
1007552,0.543005236693767,1
1093752,0.5642707442552619,1
1068329,0.8868937702615982,1
1039486,0.4989657929665068,0
1068359,0.8679608216667785,1
1062546,0.863407162075121,1
1059156,0.4366181107957207,0
1014651,0.8008493164860555,1
1029954,0.6550948817930311,1
1083375,0.5985895004402657,1
1056324,0.8486515511064084,1
1040419,0.8089105577401371,1
1032605,0.8934194735927927,1
1003223,0.8232054694002042,1
1089631,0.8899559647014282,1
1098345,0.5863349476050677,1
1068232,0.8372411227788772,1
1021062,0.8311574146802493,1
1082382,0.8129498603354047,1
1009294,0.5318822397281259,1
1034452,0.6749867056829922,1
1031690,0.6633948907758196,1
1070179,0.8598308303993603,1
1012311,0.6894655488147543,1
1047303,0.7724150325689617,1
1090982,0.6546686465548704,1
1093605,0.8768241460898815,1
1022302,0.7952092740912557,1
1089713,0.8328693590811869,1
1024288,0.8560673838782319,1
1085268,0.8152796990166649,1
1098722,0.8514180563750723,1
1054498,0.8761575196741724,1
1061019,0.8453289599475022,1
1098008,0.8684462040186605,1
1072804,0.722087991105947,1
1086618,0.8218699544510385,1
1019301,0.8155962894868075,1
1072732,0.846828938538419,1
1065696,0.7815534712478392,1
1035482,0.8681097747688964,1
1007245,0.5460020663354967,1
1056454,0.7543033513900046,1
1024966,0.8530030125784716,1
1053638,0.8355681437939193,1
1036020,0.858507321161826,1
1023844,0.6773132611857667,1
1012441,0.6439672723745209,1
1011540,0.8665659233198967,1
1096370,0.8613927427044658,1
1001240,0.7869185998609065,1
1025119,0.8394179974025198,1
1098123,0.5707085205136456,1
1082968,0.5688344833017664,1
1084887,0.7120670035838044,1
1045447,0.5680135305158648,1
1025294,0.7618337346781751,1
1034374,0.7901732496364244,1
1026033,0.6873535444105479,1
1006130,0.6858851978501346,1
1044785,0.5281999515619464,1
1086825,0.8948910951479266,1
1047043,0.590448404084436,1
1009660,0.4097369408898108,0
1038467,0.8473606211877575,1
1080662,0.7936294231471583,1
1043300,0.8950006094693497,1
1082119,0.7758706985221235,1
1076818,0.8646710807939404,1
1081904,0.8342193858683425,1
1068132,0.8341894945169079,1
1023637,0.8705912776176867,1
1082964,0.8909871977901676,1
1068780,0.854974197157363,1
1020178,0.877927451150437,1
1068018,0.844464678627434,1
1044872,0.8078649376507171,1
1017653,0.5361176908655481,1
1053512,0.8746801140210754,1
1095393,0.7438950195915567,1
1064296,0.875298923824789,1
1097750,0.43478050545390035,0
1050321,0.5284148079656322,1
1056655,0.8499119493577729,1
1072826,0.7795600998835163,1
1034920,0.41460873320004527,0
1046013,0.8778992374467276,1
1020439,0.7554758211864319,1
1026876,0.8965946595877287,1
1039648,0.647798174168368,1
1059397,0.7116559193714506,1
1019703,0.6693005366955117,1
1047402,0.44628309970274627,0
1009088,0.8539320591734503,1
1012367,0.891698031865826,1
1019902,0.8800782181912601,1
1017181,0.8826012798920803,1
1034902,0.7859926880303362,1
1039431,0.7041336202432671,1
1076097,0.8948060974658653,1
1007787,0.8503451050407625,1
1069186,0.8625856399821868,1
1013954,0.8864759947870723,1
1056231,0.8860324988603788,1
1022898,0.8752999654834847,1
1027904,0.8533452774971705,1
1062085,0.8399310532538086,1
1039066,0.764408506342789,1
1079060,0.8661100298353165,1
1098263,0.8976025592899672,1
1078487,0.7786790410831013,1
1068737,0.8767431452281543,1
1043899,0.5104691078403336,1
1036118,0.8283925565732227,1
1008607,0.6111681386195312,1
1095846,0.8778798909639207,1
1038850,0.8646256763625237,1
1084854,0.7796210069097226,1
1040416,0.8406710690881815,1
1097909,0.8362368159376397,1
1040940,0.7699004011143193,1
1037999,0.8315480002083342,1
1001448,0.7019591575581801,1
1082257,0.8618788465548196,1
1079809,0.8279929747672565,1
1070386,0.7943820051106193,1
1097301,0.5939905263639048,1
1061070,0.8284761062792972,1
1075545,0.8444183952965908,1
1009452,0.35419474324088857,0
1075131,0.780001691962721,1
1013498,0.4822529370044963,0
1087349,0.7333190880563446,1
1081184,0.8371459232696308,1
1009774,0.8724289855205123,1
1076960,0.7517258357351826,1
1054414,0.8692534201354154,1
1076822,0.6776124026092539,1
1004509,0.4763745270863082,0
1088322,0.6826501180799643,1
1058654,0.838078501548732,1
1076682,0.8580428095914708,1
1033474,0.6174455690941818,1
1050426,0.8401636926816367,1
1009430,0.47949626706950826,0
1001535,0.5801606833895158,1
1066885,0.8085661501737372,1
1024712,0.8337437509621862,1
1096510,0.5497091215888801,1
1098658,0.6546808915733169,1
1032282,0.8060841953159958,1
1003420,0.8873589128588947,1
1005128,0.4394736681180247,0
1030858,0.8799111888062193,1
1053209,0.5602618652251561,1
1080328,0.7874492075660364,1
1000874,0.6626539344110424,1
1082193,0.8761630408270294,1
1062692,0.8584007110368165,1
1012085,0.8260133335386339,1
1026142,0.586009051875454,1
1084609,0.784416020000522,1
1044081,0.5022372362639905,1
1056212,0.6297740728278848,1
1044300,0.863572895816828,1
1091606,0.8755470454119877,1
1018353,0.594450053388852,1
1070104,0.8711639280393404,1
1079022,0.8399230050335872,1
1020768,0.8819676730418705,1
1072623,0.8533904889763969,1
1065853,0.6320276154726847,1
1068140,0.8571596158418884,1
1046336,0.6577344439111245,1
1052386,0.5662770386346141,1
1033150,0.8252657509029884,1
1004289,0.8159855544315838,1
1089685,0.8808876696841386,1
1077810,0.8803107145446586,1
1060102,0.8775721088683139,1
1012647,0.4504031074327979,0
1060742,0.8247948541925291,1
1001613,0.8366786183409933,1
1005670,0.6049563095076651,1
1024023,0.3237094718518702,0
1038393,0.32882467413733435,0
1090002,0.7355462630274372,1
1046133,0.7766172635881957,1
1093535,0.6596756436838044,1
1056295,0.8590398147343052,1
1071539,0.8384891691885077,1
1078758,0.7161426772124865,1
1007109,0.8326151631803552,1
1050035,0.8527993150383555,1
1082963,0.8337619065282228,1
1020106,0.44154349956825634,0
1098777,0.7966305469093544,1
1046756,0.8568412537529531,1
1063473,0.8280595782586333,1
1022115,0.7401927087325728,1
1030636,0.6305799935462088,1
1091406,0.7927570500731378,1
1068098,0.8912117517819351,1
1048193,0.8678484757863435,1
1071240,0.8986211964620471,1
1026306,0.7123513215199898,1
1044560,0.8143066798812532,1
1042474,0.8044620491799066,1
1007500,0.7996609604083053,1
1076667,0.8050236263291466,1
1095073,0.8275025134808378,1
1025145,0.8398859242598111,1
1025219,0.7578668547627876,1
1048661,0.8241657632568211,1
1049465,0.7974451300845365,1
1036712,0.8052991718172404,1
1002191,0.46920342803796716,0
1084278,0.7130001111987726,1
1022614,0.84172865065467,1
1025628,0.8799754494908874,1
1073443,0.6016285638859395,1
1063997,0.71662233797949,1
1087702,0.788245618577988,1
1075714,0.8607481286001467,1
1015088,0.6597631486055997,1
1055939,0.8357504712451042,1
1005597,0.5130319998749653,1
1012309,0.7570616437021874,1
1052842,0.6111858760472743,1
1020120,0.856741037085761,1
1081663,0.8767742977018055,1
1038031,0.4329271592711992,0
1017625,0.8326782176019172,1
1017921,0.6614551061347504,1
1047068,0.791200701648488,1
1056328,0.8221512103680221,1
1003304,0.7290385606155554,1
1004470,0.43599093294281277,0
1098171,0.5543869066637324,1
1072405,0.8655568564800749,1
1043755,0.530682992846952,1
1019201,0.36837703265213767,0
1016684,0.8892714532871409,1
1097740,0.8441106577799664,1
1071328,0.5711133315017588,1
1099215,0.627118200757688,1
1089790,0.8475569720059646,1
1052467,0.8337037264640098,1
1051036,0.8445381516875045,1
1063028,0.7217616573436334,1
1040638,0.8972119757115058,1
1002011,0.7569099565319217,1
1041657,0.8445587794146484,1
1019385,0.8548021345412959,1
1087797,0.8619860533648975,1
1045246,0.8648504373740128,1
1037056,0.8303275740595577,1
1078701,0.9097056004126702,1
1051425,0.8752546195103224,1
1026206,0.8830690716584706,1
1000191,0.6865046899022744,1
1093854,0.8663310863748167,1
1020101,0.8239888009887366,1
1085215,0.7593242664022763,1
1029938,0.824529968912167,1
1017695,0.33576948736502127,0
1071846,0.9090076263735952,1
1048290,0.7624083679388463,1
1001365,0.8275733126938983,1
1045974,0.4716088511753385,0
1022051,0.5380123614053993,1
1027014,0.5245329546306816,1
1011434,0.4390009847392542,0
1067094,0.9104390106049843,1
1007228,0.6012659540602479,1
1088396,0.8178204543543995,1
1059128,0.87812266013209,1
1030847,0.8393788705648497,1
1096641,0.8790519436278673,1
1022594,0.6347496644771498,1
1043685,0.8358137909897209,1
1054882,0.602858668553833,1
1061710,0.8064575259426616,1
1097976,0.6960400757817243,1
1082205,0.8234649023522222,1
1016881,0.7491538921530132,1
1028773,0.5441111922870575,1
1060059,0.8425973702050252,1
1039630,0.6387611945752649,1
1033169,0.8570999144082087,1
1031068,0.8536431560898977,1
1074171,0.8254595282811147,1
1027796,0.7283299694444263,1
1005691,0.5242419704915598,1
1021491,0.8425406727964035,1
1053737,0.8892595167005861,1
1008300,0.8259495280825727,1
1038573,0.8372910434117651,1
1064153,0.8626155965846649,1
1056284,0.6232647015715108,1
1062496,0.871035019448905,1
1089142,0.8253683643933274,1
1087762,0.6182440068323223,1
1031882,0.816890062570254,1
1027837,0.809392880495602,1
1067751,0.5941104217074143,1
1054571,0.8776826720025869,1
1072632,0.8710893395444004,1
1044861,0.6667756477959053,1
1047065,0.8143570561480454,1
1026158,0.7427801791068839,1
1018833,0.8466756015874242,1
1089086,0.8361165064302553,1
1006544,0.542271322194261,1
1059002,0.7064176340553269,1
1073436,0.7803543295895313,1
1053151,0.8322378128115343,1
1051849,0.7264859992078283,1
1058320,0.8211865394422915,1
1010645,0.8410223758664193,1
1053284,0.7929409653859575,1
1065251,0.8837244698200236,1
1035311,0.7929445095579529,1
1091629,0.6469900611533655,1
1008655,0.5893372177133461,1
1080758,0.6791459757874146,1
1073845,0.7698143592366443,1
1091021,0.7621684761962195,1
1093087,0.802489389075314,1
1043543,0.83749064175579,1
1013687,0.7170349438459293,1
1094016,0.8345213162730315,1
1054203,0.8146436127963721,1
1073919,0.8413951469106659,1
1052322,0.7703864875063153,1
1049763,0.7864000489448923,1
1086665,0.8510045833720693,1
1083079,0.7447213318563733,1
1071490,0.8591189680287394,1
1056313,0.8932958796307152,1
1023722,0.8491380355916522,1
1049480,0.8382098417878002,1
1089728,0.8092787522070207,1
1056675,0.8781295155518731,1
1045423,0.7116407825993186,1
1045419,0.8593724244759633,1
1049927,0.713503805909609,1
1001238,0.8479999465263459,1
1052271,0.772540287529315,1
1045034,0.8678925427234856,1
1069170,0.8150819665450606,1
1094037,0.8272980029062865,1
1016101,0.6760465368244751,1
1069636,0.8782741004117245,1
1076588,0.49469607174186325,0
1057117,0.7642745365645245,1
1000171,0.6440478235696635,1
1031572,0.8665968515683994,1
1064023,0.7748285732426954,1
1006064,0.6905727637536373,1
1020328,0.539164834664775,1
1041500,0.8546149809536855,1
1045417,0.5536900283229005,1
1076865,0.8582904429276149,1
1012352,0.6819627259210289,1
1064693,0.85424161631348,1
1052617,0.8255109350003912,1
1001242,0.8412888221880123,1
1088607,0.5188228402387366,1
1072975,0.8599348445408822,1
1067507,0.7093704480261074,1
1078513,0.8553367768050837,1
1028666,0.8211445240685532,1
1040873,0.8662651048185226,1
1065053,0.9023521793719489,1
1010150,0.8558372799063149,1
1085861,0.8752431609168244,1
1044108,0.7811865456991807,1
1064493,0.6641122119665196,1
1056883,0.8570953451261889,1
1040272,0.8070663831039446,1
1036640,0.8469853655968668,1
1049285,0.8539554464409548,1
1011866,0.6394130452915375,1
1016883,0.8307424255215371,1
1050421,0.8364877734849234,1
1058971,0.5444019369072153,1
1072649,0.8399427003463105,1
1026395,0.8030306537498267,1
1055574,0.7884771079534924,1
1024175,0.4930145052075828,0
1046427,0.8568182456350671,1
1005486,0.6208818974330574,1
1060223,0.7906952307791313,1
1005533,0.40480335066150086,0
1035291,0.9061479681970308,1
1048630,0.8789661554514526,1
1046977,0.8171667469597281,1
1044097,0.8686457250400075,1
1070128,0.7278347245346801,1
1002539,0.6441421947505205,1
1070485,0.6660111640789831,1
1045709,0.695115139839254,1
1057532,0.8537287159785162,1
1032384,0.8130397049656836,1
1084947,0.8259092929233639,1
1065120,0.827186230608977,1
1084139,0.8154460510105971,1
1067736,0.8628287974273665,1
1097969,0.7210702354830324,1
1030366,0.8192691753622395,1
1024283,0.835893759221817,1
1022595,0.7293845047287165,1
1015878,0.6565937992130711,1
1023051,0.8421955514514732,1
1065640,0.8472531483071292,1
1076146,0.7986768489146837,1
1079766,0.860927130997528,1
1039288,0.8847165528928141,1
1032345,0.8079722105526398,1
1003940,0.8353650133400061,1
1048195,0.8337967349356404,1
1010873,0.6510691853190517,1
1040869,0.7662899715936653,1
1019845,0.796139469942036,1
1064491,0.803535842818515,1
1032036,0.8256309903970224,1
1054034,0.8270972148716859,1
1025315,0.8672712715875767,1
1046625,0.8707081204325714,1
1056457,0.626938783565193,1
1048415,0.9060871293402762,1
1049358,0.8895666502811231,1
1063576,0.660564686920072,1
1031614,0.745713795482881,1
1086894,0.8760066338259273,1
1057033,0.8311026587747321,1
1045289,0.6527499910193398,1
1091341,0.8822658473324572,1
1020056,0.58740677266447,1
1024016,0.8399058848418359,1
1061222,0.7828636385517131,1
1033426,0.48708399234739347,0
1048699,0.8638165365638653,1
1049496,0.8310918595167595,1
1074405,0.8991308658476328,1
1096864,0.8023658798994611,1
1022539,0.8109839187983722,1
1090895,0.887057580514733,1
1037946,0.8514403455098879,1
1088800,0.8441454173004321,1
1069937,0.8677819030141553,1
1058985,0.6541289460524635,1
1003068,0.778327609738437,1
1095217,0.8585949748824538,1
1010904,0.579728756419714,1
1098673,0.6338449053967739,1
1028338,0.8811228822210652,1
1064131,0.8254557070408206,1
1089983,0.7648109177960226,1
1000795,0.671842668515014,1
1012281,0.47246527439920394,0
1008077,0.8252589432935276,1
1008414,0.5240934363508225,1
1065806,0.8225590699857871,1
1044356,0.8631352597435128,1
1076402,0.844318590658425,1
1024482,0.45785454767463535,0
1022640,0.8627394789955619,1
1016945,0.8381088795795173,1
1070539,0.8138783958521584,1
1047880,0.8443806033691715,1
1059263,0.7567022026955167,1
1068832,0.6521125552439098,1
1038976,0.8644397602851979,1
1042708,0.8778823374761284,1
1072469,0.8603006200870029,1
1014317,0.7225084271129154,1
1064479,0.8635493603721512,1
1080420,0.7839018372738386,1
1044385,0.8385847012886342,1
1011268,0.40121810576993155,0
1061866,0.7466885622194604,1
1070549,0.8853174231599193,1
1099530,0.4934834209411534,0
1042570,0.8943333947156351,1
1067517,0.7872682904541315,1
1038972,0.8971648024571234,1
1037298,0.8802595913128108,1
1052515,0.8219686662872803,1
1019742,0.6203596732893641,1
1086833,0.7964541650393805,1
1049992,0.7548396584004372,1
1074628,0.8577252810644307,1
1061580,0.7047665193865932,1
1023185,0.8411001192340267,1
1014099,0.532464604412239,1
1013588,0.6186997390454471,1
1079235,0.6643574421690362,1
1001480,0.8562642019662707,1
1066285,0.5778194085249826,1
1023477,0.45200339237484666,0
1093487,0.8223887897724499,1
1015386,0.733869403138317,1
1073299,0.2780611760799348,0
1067529,0.5917417737159668,1
1004418,0.575145102954982,1
1091983,0.4283810042080702,0
1097389,0.657222860386561,1
1017069,0.7199058937026857,1
1061508,0.8631703067171205,1
1047535,0.7680303207394719,1
1078942,0.8526429072808231,1
1043658,0.7474813284844268,1
1023006,0.8448405202055127,1
1070586,0.8676618561025606,1
1066611,0.7461276360163374,1
1002025,0.6238201452964546,1
1039918,0.841550883905147,1
1049390,0.7017208895682703,1
1000310,0.2710888995143304,0
1010943,0.8865059326342861,1
1014934,0.52923438315099,1
1070278,0.6668268247357306,1
1050056,0.8877081580847233,1
1031139,0.8568264858421573,1
1046174,0.8644251289409458,1
1077203,0.8585506764799783,1
1074742,0.8722659292418761,1
1053881,0.8896414847138342,1
1013197,0.7007506103529483,1
1074825,0.8611708311056567,1
1035701,0.6051600713676514,1
1052946,0.845351142895418,1
1065333,0.517684822013372,1
1042153,0.8056527827669613,1
1063634,0.8702683246400317,1
1090517,0.8546177959297117,1
1057165,0.8067579950585814,1
1065625,0.8465553923084593,1
1014667,0.8359101752132593,1
1099475,0.8677832520129105,1
1024809,0.8301277684918992,1
1010546,0.5025818242621726,1
1055680,0.8630380941874207,1
1093635,0.721093296538173,1
1088415,0.7672128361377176,1
1012232,0.6245132346386072,1
1014073,0.5071240910583079,1
1083847,0.5534665956711015,1
1094950,0.783537134413601,1
1010849,0.4520546641872791,0
1091403,0.8650605248348636,1
1032860,0.7635658260687216,1
1001314,0.6092338901969689,1
1045797,0.788196661200775,1
1022997,0.8413755874598268,1
1050190,0.8838548610407887,1
1094151,0.7276475369697517,1
1032375,0.8579002861721067,1
1052133,0.7466976493431946,1
1044019,0.7404102604964942,1
1095172,0.697485527727992,1
1025510,0.8706862850383007,1
1018772,0.8586841081015092,1
1088414,0.7459081608209027,1
1085051,0.8617386135528546,1
1078919,0.6207694209686676,1
1028524,0.8448489455015021,1
1035245,0.7598891433997064,1
1062329,0.7900699390805361,1
1048842,0.7809160903761125,1
1045710,0.7643907899134772,1
1019911,0.8397285885265097,1
1045555,0.829793951295596,1
1003632,0.660929977770895,1
1000343,0.33756075137971564,0
1091070,0.7356202337553601,1
1072523,0.8715287203283401,1
1042718,0.8427437764521775,1
1052044,0.7775815670817777,1
1030483,0.4610132680675551,0
1089766,0.6094690287942304,1
1051629,0.7673564835726943,1
1077123,0.8468465255228453,1
1064535,0.5059856911755028,1
1088706,0.8213341139942645,1
1089105,0.842763935767986,1
1017646,0.3878209630184616,0
1040980,0.7106951699785368,1
1016838,0.8813988839182981,1
1054128,0.8013049778535274,1
1058839,0.8876153545357407,1
1061727,0.6685200890509754,1
1059255,0.8042528329997289,1
1056148,0.7915000780988235,1
1082918,0.8264500758568061,1
1036673,0.8264258425028869,1
1003750,0.8697351083662483,1
1065372,0.8712609312233058,1
1069793,0.8687477408599611,1
1060190,0.825239660531537,1
1096344,0.8276563805517124,1
1032316,0.7969971521577667,1
1025355,0.7943767236463944,1
1003355,0.9074289339475476,1
1007082,0.5823206368471534,1
1048135,0.8409553400982611,1
1011726,0.39075443898413387,0
1078176,0.8603800199047096,1
1025916,0.7883289981773268,1
1059075,0.8141103013350469,1
1033324,0.8630702734129557,1
1078055,0.88306905361033,1
1011775,0.7535460609803463,1
1012276,0.8235137451739015,1
1035620,0.8327563336711042,1
1041035,0.8930216108227613,1
1077670,0.8240534783888789,1
1067358,0.5849160241513489,1
1058368,0.5627213677233845,1
1079975,0.7850376298784718,1
1023951,0.7504721692287957,1
1008681,0.36628746380750093,0
1028559,0.6839429730738651,1
1062491,0.8625463372161801,1
1066900,0.6491243906972403,1
1035939,0.7898185152478537,1
1025664,0.7339054268707822,1
1058598,0.8533285992954546,1
1095984,0.8182638449370578,1
1046342,0.8449622658773336,1
1001197,0.7169972223758464,1
1022110,0.860695528224246,1
1068795,0.8350725164144264,1
1099027,0.4181822719017712,0
1056098,0.8452476765067098,1
1025405,0.8875294263122677,1
1049764,0.5151661384260303,1
1074640,0.363610587996792,0
1086915,0.7869098579814214,1
1031856,0.8257339796982898,1
1053006,0.853104446813575,1
1068983,0.8942450431956052,1
1074899,0.7705841725441488,1
1093194,0.8778012978736192,1
1054904,0.8824854098882484,1
1025292,0.5006019509880864,1
1041712,0.8766092342823174,1
1051280,0.7339976907171702,1
1035424,0.708476981910579,1
1041931,0.8708161891965112,1
1047595,0.8814493231518229,1
1054624,0.8733848375833274,1
1042797,0.44040952003811756,0
1020014,0.7881272817770598,1
1045291,0.8125466297611562,1
1014354,0.4237122331700743,0
1024569,0.8389875811634734,1
1091331,0.7375314685962122,1
1043427,0.7959829128314774,1
1009396,0.4846403079098404,0
1094599,0.7913211964272118,1
1021909,0.6080873974033462,1
1061881,0.8520632143656647,1
1002150,0.7996022923553231,1
1019507,0.8416095534324352,1
1010921,0.8364860762958041,1
1071578,0.7962275380626265,1
1056891,0.8925791556860719,1
1047437,0.7303295738060853,1
1097388,0.8773620304677676,1
1023693,0.8505662518746255,1
1036091,0.8591644985305902,1
1054689,0.7604443947551189,1
1010083,0.8264813843992997,1
1026940,0.8660570665075671,1
1015124,0.7958607273477332,1
1059158,0.8777352194646421,1
1032183,0.8889076610376502,1
1025543,0.8632368151216796,1
1080090,0.7931148658240161,1
1086143,0.8311045553125023,1
1064388,0.6048058300281878,1
1032621,0.7433136585543441,1
1047985,0.6705108740508567,1
1073622,0.9002896293537654,1
1028294,0.8479552381062615,1
1023621,0.8020488409167339,1
1005157,0.8756382210105723,1
1039494,0.8101948561632963,1
1032165,0.7934483543432492,1
1081531,0.8271267975598962,1
1071191,0.8654008147644102,1
1073074,0.8701439667977537,1
1049244,0.46670950631262526,0
1098880,0.5782868481777456,1
1061994,0.8536107243396044,1
1051039,0.7972458877218422,1
1069183,0.871804694835043,1
1088750,0.5731224712805201,1
1082464,0.6995156600041567,1
1075370,0.8268754664798885,1
1083528,0.7870222881128363,1
1092144,0.8766731732123357,1
1052228,0.8077973775210388,1
1097477,0.8283787464818945,1
1042435,0.7991870788487921,1
1047278,0.9028303507309845,1
1029978,0.8089530202754658,1
1075654,0.8649545035422875,1
1098256,0.7486641321181261,1
1023947,0.6721045959017178,1
1087840,0.7454768223393713,1
1044988,0.8532702726195159,1
1010374,0.5647651933948304,1
1020932,0.8212533166353407,1
1052781,0.8707784571120657,1
1067591,0.7163114051672403,1
1038073,0.8473977409740522,1
1016340,0.5913385091029245,1
1006962,0.5558155945223321,1
1055609,0.7145057830861733,1
1058245,0.8872923968040505,1
1093470,0.7938156512622985,1
1008676,0.8461297055667634,1
1041342,0.8717649883629315,1
1079136,0.8430337563921858,1
1038523,0.8592105657774268,1
1033735,0.8729839453890511,1
1074619,0.84535889461809,1
1020303,0.8636314227488764,1
1058713,0.8781184468254353,1
1075464,0.7645642658009121,1
1061643,0.8852339740745631,1
1097123,0.4120322503633121,0
1005054,0.8589269346899191,1
1020314,0.8971980050122139,1
1081454,0.7697554852548905,1
1065482,0.882613280707351,1
1067897,0.8710139608617689,1
1053075,0.8487082918393973,1
1069102,0.880905978765135,1
1029922,0.8279318254279838,1
1071312,0.8521386497981668,1
1033025,0.8253517564335833,1
1040708,0.8490649095633209,1
1031720,0.8429880623779257,1
1003247,0.6673573098042591,1
1011949,0.6813740993589797,1
1027888,0.8571936395134765,1
1031432,0.4193805950507607,0
1057685,0.8979467884810964,1
1001470,0.621288308576066,1
1076394,0.8396244887402934,1
1050414,0.5124335442704014,1
1066186,0.7237815553245566,1
1008065,0.7753942101523077,1
1034101,0.8638181037043717,1
1058190,0.8385737444044549,1
1063261,0.8320976888576804,1
1027768,0.6415758284290914,1
1098682,0.6696723955950394,1
1096399,0.8723994823326807,1
1067259,0.7479800943426005,1
1024017,0.6936985755375688,1
1047190,0.8158282469936253,1
1099288,0.8541538578515291,1
1060603,0.8105944683810103,1
1062439,0.8134793176222131,1
1071313,0.8443638673307738,1
1064461,0.7689360328684329,1
1065968,0.8441759749317232,1
1072936,0.8532836477760943,1
1024379,0.7828581564899267,1
1056987,0.886651957238967,1
1047081,0.8789910031688335,1
1042761,0.6361403812392837,1
1064640,0.7963996658164715,1
1048130,0.7534554408877473,1
1019860,0.8413254996532984,1
1046935,0.7142070230662588,1
1012048,0.5403765713394307,1
1090159,0.8444955387407623,1
1018761,0.8324744533053743,1
1021470,0.6440820326875526,1
1021031,0.8637631414633581,1
1081011,0.8445253478331581,1
1070856,0.7687040581322482,1
1008584,0.49492563873499323,0
1027995,0.8645644618348074,1
1017867,0.4894742628248407,0
1091516,0.871261175107558,1
1091981,0.8795630363475119,1
1042899,0.8213640993364258,1
1036804,0.8742154926908985,1
1004602,0.7917250533684503,1
1060597,0.8462022115315667,1
1011857,0.5343789881693509,1
1062425,0.905251151972787,1
1090250,0.8532317188257386,1
1087759,0.5588213681596679,1
1006347,0.7400702928055001,1
1080041,0.8730012661189553,1
1001541,0.6983751057423019,1
1076095,0.8403313053454673,1
1020949,0.8346763943571605,1
1025944,0.8721607685949656,1
1079316,0.7755324260692887,1
1037871,0.8925489628506934,1
1071093,0.8133782958299403,1
1017066,0.7050474201129119,1
1066592,0.665644065722893,1
1036304,0.6567367667788307,1
1035427,0.6638889514089101,1
1004490,0.7824251105735757,1
1051161,0.5998391887600012,1
1070488,0.8613022104151598,1
1013215,0.8688718106198225,1
1091155,0.9039132145764394,1
1088106,0.7505368556095293,1
1008078,0.8105107051845789,1
1071552,0.8892384180273042,1
1092559,0.8593272805920583,1
1044739,0.6977080787052314,1
1049648,0.5726531439166858,1
1060628,0.7011154151979582,1
1074426,0.9059323962729896,1
1004904,0.8800363344707126,1
1041309,0.8008477604012854,1
1095952,0.8653877658452236,1
1008366,0.6211546838448215,1
1066448,0.4050132925843891,0
1036401,0.6696826447463443,1
1070699,0.7338153623814663,1
1042231,0.9007634087784276,1
1073613,0.7825011808697714,1
1013217,0.8626392112309564,1
1047698,0.8149548264130008,1
1060012,0.7284112289640344,1
1053037,0.7814119051889405,1
1028364,0.6937970809339282,1
1047099,0.8216015464853021,1
1031260,0.700615519421276,1
1083175,0.899640247634274,1
1093134,0.8053198302591027,1
1050929,0.6958754796293596,1
1089185,0.8442336501483532,1
1043791,0.8623465923980501,1
1087709,0.8459584697832587,1
1002119,0.8461526711113078,1
1082991,0.7779133772683113,1
1029913,0.3708941602703541,0
1097798,0.5971414864127149,1
1083371,0.7467969747147286,1
1074991,0.8173242462147983,1
1023143,0.8154992425043278,1
1005562,0.5567399275316315,1
1072146,0.8713784700172014,1
1074488,0.8502593525905117,1
1045836,0.8243780500026346,1
1012341,0.8523592263184728,1
1040966,0.6479360488806966,1
1095139,0.3944294331235491,0
1098001,0.5670522987476004,1
1014356,0.9127943610549815,1
1059894,0.8880626998630176,1
1007572,0.5466801773489961,1
1080102,0.7431764381241492,1
1034139,0.6555822109035072,1
1033320,0.8819087642469302,1
1013112,0.6201273880536983,1
1056578,0.7047457104875813,1
1012641,0.8482452125530819,1
1064173,0.8449685928485164,1
1065199,0.8622105118590867,1
1055897,0.8767106039749251,1
1063664,0.8765594491422335,1
1002093,0.8113135770547174,1
1055761,0.8342061872032424,1
1098642,0.6969070158500749,1
1068158,0.8950248844662758,1
1025448,0.8295776212553955,1
1096213,0.8488623969358546,1
1077827,0.7852531735733441,1
1094972,0.6806662332365879,1
1012308,0.8088510915782604,1
1071163,0.6567928509124615,1
1006688,0.2922469575757478,0
1076134,0.8457319346388708,1
1037464,0.629752976541958,1
1005330,0.6658659572642054,1
1070922,0.6443448149880263,1
1028545,0.8472590059896882,1
1014932,0.7055047514546935,1
1099667,0.8254646666249469,1
1038499,0.6189838755133045,1
1070193,0.8348457527572161,1
1032086,0.771614503893897,1
1030841,0.870923436990157,1
1022219,0.7928379038651492,1
1003997,0.6168596223345967,1
1010694,0.5957533031428703,1
1035204,0.8401346393082243,1
1033035,0.8150464878734835,1
1066214,0.8397031597312107,1
1024033,0.7102194555704658,1
1028592,0.7993377626605208,1
1057783,0.5956863730390716,1
1012361,0.8091482163342684,1
1078064,0.9083061013572663,1
1067021,0.8559753502505438,1
1018151,0.6286634413447654,1
1009355,0.4245921274587331,0
1066822,0.5389851996872902,1
1036988,0.8139920448823229,1
1024615,0.8768124954045847,1
1050435,0.8172739339751539,1
1025416,0.8709730419882772,1
1094625,0.8193915642810508,1
1047159,0.8510908818618251,1
1065537,0.5030313491838541,1
1084159,0.8024411411911011,1
1009752,0.8677409063653657,1
1035243,0.8523905239625483,1
1011938,0.6655567167773724,1
1084520,0.8146357960251038,1
1090338,0.8483506696163361,1
1012156,0.5592966710429622,1
1080649,0.8291985967572189,1
1075241,0.8143480240124736,1
1017141,0.6024277523364991,1
1061437,0.8389714956858187,1
1037162,0.891002584269698,1
1013866,0.717507639281287,1
1076324,0.8429972618323638,1
1004537,0.7236193267417813,1
1050200,0.5726052176294869,1
1035708,0.8233561533698819,1
1003592,0.5709032307838445,1
1052252,0.7815201931240453,1
1046569,0.8303420691172176,1
1089969,0.5290407398754242,1
1000605,0.8193515292104209,1
1024150,0.870813092009279,1
1090891,0.6848170923532035,1
1006748,0.8505036919119411,1
1093358,0.8099367389688259,1
1013238,0.9026079580936008,1
1094111,0.8597119920468637,1
1048186,0.8282880967479791,1
1090774,0.8228094626679622,1
1033683,0.8749255999343335,1
1043147,0.8703237541639917,1
1099289,0.8235050331694984,1
1006971,0.6292871517229595,1
1041107,0.8331716877908146,1
1084778,0.8110161480415939,1
1069355,0.8176022950376557,1
1056543,0.8650700502537839,1
1019398,0.804493047194472,1
1012608,0.4915688537679782,0
1080893,0.8656389761227254,1
1041075,0.8882128766217463,1
1017538,0.38452542143348256,0
1027916,0.8534493251268325,1
1051201,0.7135938622210446,1
1043220,0.6274631775560051,1
1069893,0.856241979343277,1
1054302,0.6178214716137254,1
1038281,0.8244439528924068,1
1066544,0.8328028578189464,1
1088376,0.6933589128550087,1
1044212,0.8403182713154459,1
1012978,0.8110277068721458,1
1023053,0.8251322840816956,1
1072265,0.8974550249316737,1
1045395,0.5690748329412165,1
1089918,0.8205311864830109,1
1066446,0.6266398348493869,1
1002169,0.8106389634078888,1
1022964,0.8588008192973219,1
1060503,0.8627920709887695,1
1029284,0.898962115117966,1
1044189,0.7707048326154369,1
1004505,0.5421934584405992,1
1007883,0.8293171821382359,1
1079848,0.8872621334104847,1
1004690,0.8499385628875785,1
1064357,0.5843044004693777,1
1084619,0.7641935729438027,1
1018360,0.8305200374632042,1
1064370,0.7046749119288637,1
1060804,0.6644367145714886,1
1086215,0.831830974086837,1
1090311,0.8524969456032602,1
1086369,0.836639289067269,1
1044238,0.843810559670534,1
1087165,0.8545494039626682,1
1004693,0.5428430704748739,1
1069367,0.8662629802793005,1
1034839,0.8550716484055817,1
1091738,0.8258713550440705,1
1072524,0.7301472148375399,1
1061714,0.8343398451453139,1
1026462,0.8714863212131301,1
1093848,0.8523474539043622,1
1098594,0.8667432590662932,1
1065549,0.6477149253117623,1
1005501,0.5128231659768774,1
1023572,0.5928100895967338,1
1047451,0.8615005168120252,1
1071192,0.830745700688614,1
1080415,0.8789042924424333,1
1063198,0.634424328268626,1
1059971,0.8477764018101278,1
1036718,0.8376799811624108,1
1008044,0.5344038073411036,1
1091419,0.8062735966141645,1
1012086,0.6156686976865623,1
1039097,0.836697573558133,1
1048533,0.8142537539552013,1
1014420,0.5083291402359561,1
1075669,0.8369633600377389,1
1008399,0.8219882235887633,1
1064796,0.8700365543800832,1
1033149,0.7727176550080375,1
1051820,0.6332350824204821,1
1086210,0.8983287197113214,1
1038093,0.8974083804931698,1
1055323,0.5508499542992324,1
1048263,0.9038595949009229,1
1044382,0.8324735057573499,1
1013133,0.43885004474097716,0
1034427,0.8013617920288678,1
1037729,0.8568271310595781,1
1007331,0.6468480302077023,1
1007896,0.4588032736862231,0
1038911,0.8525754898016793,1
1039199,0.9038170463516538,1
1002412,0.6748628599627726,1
1087878,0.8159977767911336,1
1002355,0.5135655606011552,1
1018297,0.7725628247597144,1
1021214,0.7095854370005374,1
1091833,0.8068925532028335,1
1039283,0.7825118891655874,1
1039846,0.8843107503795038,1
1004365,0.5422535912976457,1
1028484,0.8232639565870692,1
1048881,0.8474083459300367,1
1077888,0.8659533117272502,1
1081364,0.7934794488447666,1
1015700,0.879507470029167,1
1006140,0.5514540396650487,1
1094207,0.6206140923982785,1
1018590,0.87740259838962,1
1080596,0.8150597373093085,1
1065439,0.8349793483348187,1
1029625,0.8747446208657468,1
1099861,0.8665716484342169,1
1003147,0.42999558293486556,0
1038071,0.40527906175319794,0
1075912,0.88007244541512,1
1033075,0.8469884060995178,1
1078419,0.8598123481021016,1
1079196,0.48896513820617105,0
1042012,0.8761953280403164,1
1011554,0.6204955254175698,1
1055584,0.8169637612635833,1
1040818,0.5025263318405733,1
1082050,0.8380107970395191,1
1097225,0.8194892401907319,1
1017783,0.6643228975315063,1
1061528,0.7736982909302678,1
1085250,0.7125952213624721,1
1078093,0.6311588555786742,1
1051159,0.6472122622310408,1
1097162,0.8830691292013075,1
1022232,0.8509069787522884,1
1053315,0.8569502165772465,1
1059825,0.5769193670144884,1
1088648,0.8169551495149392,1
1020652,0.8804220643324505,1
1004251,0.8915300272726775,1
1028543,0.3165451653938255,0
1012466,0.7089591928382266,1
1030588,0.4408225876899235,0
1043694,0.628336965879881,1
1074041,0.8300461134577782,1
1088513,0.6763479332105062,1
1052282,0.46679803576497103,0
1040260,0.758797417595707,1
1042335,0.7358294383770024,1
1014014,0.62685129692458,1
1015142,0.3799691050714957,0
1037126,0.8473535339261501,1
1006127,0.4545980372344293,0
1012407,0.8846593351631996,1
1097088,0.8354059030489757,1
1093892,0.7986757592983778,1
1053322,0.7597989001114327,1
1045855,0.9003655092580961,1
1058401,0.8711610176134067,1
1033544,0.7968962564878111,1
1056464,0.5941087519529302,1
1009274,0.6057140677058408,1
1052579,0.825732024965979,1
1027865,0.8286509537439971,1
1073618,0.7879532157688613,1
1060673,0.8083979285876043,1
1009656,0.8806118665372576,1
1074648,0.8587894416288311,1
1010847,0.721867722155407,1
1082318,0.8823067576624998,1
1047649,0.8530068793211497,1
1068094,0.8497785815214127,1
1093822,0.6802947093791335,1
1044827,0.8634341469001915,1
1037333,0.8720433333892678,1
1068308,0.8717341803132829,1
1040404,0.832318388517385,1
1026051,0.838129152284003,1
1024824,0.8060246105726308,1
1084681,0.841544892216494,1
1053150,0.8644355195339964,1
1055268,0.8063531103498544,1
1025271,0.8520631769417413,1
1095889,0.8541137075238174,1
1080896,0.8518042680835428,1
1011248,0.8520790473082576,1
1092139,0.47399992601075897,0
1082167,0.7440221741095998,1
1058147,0.37052474427260135,0
1050698,0.4873226349887473,0
1083761,0.8672835727435378,1
1030759,0.39390328714366696,0
1012653,0.8295623661851658,1
1039197,0.8376870362773523,1
1046460,0.8417253384375123,1
1077070,0.8839416991596988,1
1009705,0.4909089966218646,0
1095764,0.8668636110569636,1
1006933,0.521872157461281,1
1077651,0.5606564504201657,1
1073061,0.8507451243951379,1
1024376,0.8457814447231281,1
1042118,0.8539780055954918,1
1008758,0.8273451372216656,1
1036853,0.827255305280199,1
1014410,0.8650111622208769,1
1050680,0.6567211011131555,1
1050608,0.7909542911208637,1
1046114,0.8126748431276472,1
1037886,0.847393530092073,1
1061109,0.9009389704721557,1
1070905,0.8856653419221332,1
1075196,0.722734085754534,1
1021928,0.8867073930204049,1
1046161,0.8762962385415042,1
1089351,0.503848830300901,1
1088279,0.3171483295166063,0
1028778,0.8632119659979305,1
1016983,0.6025465045461019,1
1068830,0.7294204029542777,1
1051705,0.7517377874413135,1
1067728,0.8959144872876068,1
1085662,0.7935663626121592,1
1049056,0.822518669500529,1
1041131,0.7871977988486365,1
1029483,0.6524522791777347,1
1093713,0.8641519709557375,1
1060891,0.8469953698556129,1
1039878,0.8402657725835214,1
1000958,0.8509209796813868,1
1023235,0.8342104827021525,1
1033857,0.8688195375701984,1
1001958,0.8687046351538488,1
1035438,0.8290141274028491,1
1071180,0.7837233375020436,1
1080631,0.8649627060050871,1
1017704,0.5654261970044329,1
1091504,0.6335592690355809,1
1010972,0.4623586882133975,0
1036681,0.879162420199798,1
1038632,0.8679598347004103,1
1067883,0.8152474558770157,1
1083038,0.8802080600855625,1
1035167,0.862857655140188,1
1092591,0.3516651908833555,0
1060020,0.8271721168615926,1
1015683,0.5303041896871046,1
1058199,0.8562917396142316,1
1040747,0.8099716640036168,1
1068475,0.8403933029367555,1
1082039,0.6571682868076529,1
1049805,0.8027311898829812,1
1049963,0.8708737207918834,1
1056857,0.5383352491842858,1
1099992,0.6602771088641148,1
1021125,0.501981499836515,1
1053234,0.7072100345494905,1
1037115,0.39041306356599187,0
1075650,0.8010797515359053,1
1031929,0.8093715309855621,1
1031447,0.8368652385955966,1
1037793,0.8153651809720279,1
1004586,0.552570397453269,1
1037526,0.8502863149640972,1
1071438,0.8626551845580621,1
1027935,0.6158818945002942,1
1099096,0.48017659603267004,0
1054296,0.8292927159656857,1
1085509,0.8429340109485092,1
1006535,0.789683330346393,1
1075305,0.838066221441371,1
1038000,0.879150388737375,1
1006432,0.5574733319981099,1
1028231,0.8948315969999348,1
1082518,0.7227082248885086,1
1082829,0.8605932279732919,1
1007210,0.8625539940628029,1
1016665,0.6573182871027674,1
1074579,0.8417185798275694,1
1046338,0.3721335657221411,0
1059278,0.8755524296351287,1
1037336,0.8788378837785694,1
1066599,0.7616332960070543,1
1006172,0.7039627272931078,1
1026528,0.8992855074518521,1
1089340,0.8063824365879906,1
1062036,0.8392037052543612,1
1033796,0.6726428923827601,1
1078796,0.6890557191101824,1
1013738,0.6557665523485151,1
1034646,0.8284892403917442,1
1029109,0.8192053631882673,1
1005856,0.5416596266350284,1
1062702,0.8266522262200829,1
1013818,0.3489268015695646,0
1026890,0.7456589126516434,1
1009769,0.8595344543879259,1
1007815,0.862628075889375,1
1054312,0.7805181444948811,1
1022788,0.8762868442240588,1
1042925,0.8330101405294983,1
1090679,0.8370449732715738,1
1046790,0.8153229387605241,1
1019846,0.8710451748247358,1
1055777,0.7714083332565872,1
1062082,0.6867593680609746,1
1047655,0.7993875462327464,1
1022733,0.7435678798449694,1
1003508,0.44036674082815236,0
1074200,0.7943053724325151,1
1018613,0.556784161156185,1
1082925,0.7922428045621107,1
1038848,0.8367265738551734,1
1015147,0.9075105233851528,1
1031206,0.8243066440665573,1
1033285,0.9096916513429415,1
1088669,0.8329781072111976,1
1013100,0.8049934788919842,1
1066261,0.8364513760562717,1
1059634,0.8494618887788891,1
1035768,0.7221622195492692,1
1057257,0.8410771667323819,1
1089752,0.8547383459643179,1
1051276,0.6648812635910782,1
1008179,0.6786556522217715,1
1090010,0.8052230955637926,1
1040475,0.882597744346962,1
1027051,0.5815155877305028,1
1066345,0.815260343769039,1
1058337,0.842439775073834,1
1001977,0.8160761924989955,1
1086856,0.560052579619638,1
1074362,0.886753890558549,1
1057644,0.9003933058128878,1
1060833,0.8745887625284582,1
1084092,0.8240157968050655,1
1014643,0.6081667993740866,1
1089303,0.8741864808969954,1
1099513,0.7153342824066989,1
1081968,0.8472751812078654,1
1079759,0.827511009239926,1
1098620,0.7127177741500882,1
1056022,0.44494004603393444,0
1010709,0.6477238316064372,1
1041581,0.84518480570353,1
1099323,0.8763683191608242,1
1077855,0.8535134524163692,1
1075514,0.7073683157685234,1
1022071,0.7861304792196327,1
1055060,0.36901946753752857,0
1033985,0.8987620531010605,1
1043304,0.7492288607216818,1
1079032,0.911306017096176,1
1070804,0.8706013968149284,1
1061976,0.8047335048201422,1
1083333,0.8890334870409603,1
1015954,0.6199293704869132,1
1028408,0.8679867101638804,1
1006664,0.8518922947216108,1
1038434,0.8741598247268925,1
1071016,0.8576853441926965,1
1033370,0.6857749317155057,1
1089289,0.8511588523530397,1
1087215,0.8226063896132917,1
1002461,0.4496724464022314,0
1041637,0.8786057364099867,1
1035218,0.8108067518618173,1
1026419,0.8357739104918103,1
1026909,0.8847996928871255,1
1099716,0.6894372019007189,1
1004638,0.6789945590222264,1
1086340,0.7322449927102976,1
1085833,0.8872261748730373,1
1030514,0.8427460809876682,1
1056448,0.8391613345352221,1
1087628,0.6676481765571349,1
1089481,0.8590649097937116,1
1032742,0.8571893687581226,1
1036176,0.80050575455609,1
1070781,0.8252177938040184,1
1071491,0.8361245041709338,1
1084213,0.8301413917054947,1
1064087,0.6312163890052506,1
1057107,0.8178225885639092,1
1020982,0.6549595611219396,1
1057988,0.827738836458798,1
1032945,0.7701256989501974,1
1028752,0.7561966501725541,1
1099184,0.6240306754993367,1
1041002,0.8499997606869133,1
1036602,0.8938056146870796,1
1075273,0.8580107999819039,1
1096871,0.7478753779687131,1
1010659,0.6720686261215013,1
1077806,0.8542202780395212,1
1034715,0.8668618175881692,1
1005265,0.39619669350402603,0
1030042,0.8844695756079148,1
1083555,0.8166182232812798,1
1008227,0.5973020083751306,1
1038121,0.8231250629617011,1
1007483,0.6958837046546924,1
1032716,0.8646812084805792,1
1076121,0.839869359031049,1
1002916,0.6763713124012599,1
1061641,0.8375912307831813,1
1033461,0.8316631009513976,1
1033694,0.7807326170555619,1
1058346,0.5934134098721728,1
1080288,0.7926532195400676,1
1092241,0.8588635208702741,1
1033770,0.8206767947033475,1
1011092,0.5830302286165365,1
1031988,0.8603725703108155,1
1072445,0.8115513394960434,1
1058765,0.5919824279287672,1
1045151,0.8484420716742284,1
1099259,0.5908213153304198,1
1097502,0.6291111041954485,1
1000760,0.42483345320271915,0
1096477,0.48822110565547905,0
1003449,0.6224370129911458,1
1065886,0.863753380410518,1
1001910,0.6980442037237308,1
1065483,0.8700675080672081,1
1064304,0.6836298973660588,1
1018406,0.4565403797467286,0
1023855,0.7442477152204615,1
1070815,0.8582813263478739,1
1027537,0.790814528559787,1
1038187,0.7850590925138234,1
1019021,0.8383976226125291,1
1036015,0.6597918261847041,1
1026159,0.8181474084105382,1
1036342,0.860612838463909,1
1006025,0.8745833785724475,1
1087201,0.7344214790950341,1
1072024,0.8775586562945148,1
1010168,0.5704464967875102,1
1058827,0.8635819325970655,1
1058172,0.8611162729789569,1
1022741,0.8499602310281037,1
1008937,0.35215929832940107,0
1094859,0.8676833126328193,1
1066843,0.8322987025984688,1
1038878,0.8488515772258066,1
1017111,0.4412508527033379,0
1031782,0.7955472675917709,1
1051336,0.8240182875921952,1
1076761,0.825238277640567,1
1087156,0.8489494455802649,1
1007322,0.8404676227692863,1
1072604,0.8823138323553147,1
1087855,0.810519318103167,1
1027667,0.8254781536014784,1
1053550,0.874112348513925,1
1003572,0.5916470227311694,1
1060685,0.813956883037477,1
1029226,0.8202173768277125,1
1008915,0.5621964829402851,1
1081196,0.7291211992225964,1
1048344,0.8055024556671974,1
1001678,0.7222681480871932,1
1077968,0.8157368505607757,1
1080869,0.7844347307380464,1
1098249,0.5025210660939141,1
1024378,0.7021791951945907,1
1070195,0.4768009598858285,0
1075862,0.8135008190808489,1
1009009,0.42354978753235967,0
1013070,0.6212910586509782,1
1019057,0.8838582457678433,1
1098492,0.7206596155646285,1
1046343,0.8387423298323323,1
1086982,0.7985919056974671,1
1084168,0.6258314360489994,1
1021300,0.7996203652038774,1
1062067,0.8142180554993433,1
1029696,0.8168264518172358,1
1034237,0.49670337537380554,0
1061061,0.7926637459609006,1
1087032,0.8567956950021238,1
1036821,0.816000973673651,1
1073319,0.8275334053439365,1
1067330,0.8905596190793941,1
1054872,0.8383717384497253,1
1086286,0.8504356109145591,1
1090942,0.7743929349480183,1
1067735,0.8483197586352111,1
1027544,0.8270771723535184,1
1072779,0.8686491231685939,1
1031650,0.4628179934811722,0
1065366,0.5677456016143049,1
1022423,0.7705471779634422,1
1052026,0.607542065609136,1
1020263,0.8141684027082587,1
1099774,0.5007628469328018,1
1086715,0.8449427078239321,1
1093033,0.8894023724540151,1
1075341,0.8537236253800653,1
1054671,0.8025516690203671,1
1092917,0.8025216051466381,1
1028317,0.780675489537983,1
1022336,0.8198934380695855,1
1090803,0.8443240072435988,1
1071551,0.816121215498165,1
1099874,0.7067169155623089,1
1005458,0.4795445651797527,0
1061603,0.7805563879262143,1
1079606,0.8689674385027858,1
1009514,0.6462890516369226,1
1091417,0.5524185719312213,1
1045889,0.6851213036152963,1
1093074,0.8480664749177185,1
1042396,0.697670933767229,1
1044534,0.8237228462710225,1
1061132,0.35754657874792906,0
1065562,0.9076731340591871,1
1066793,0.344293599148234,0
1048438,0.8777566250183005,1
1036902,0.8169775429204054,1
1040850,0.8606070518625765,1
1019508,0.8451467476310381,1
1004192,0.8028217993742847,1
1031578,0.8869625609057711,1
1019651,0.8609348134499468,1
1016309,0.5894235444923519,1
1075007,0.7116160053160714,1
1058395,0.8584267785325724,1
1072147,0.8385660013024478,1
1060892,0.7450861120667513,1
1030425,0.7725729938345508,1
1039332,0.7165374201168441,1
1061139,0.8615829116903673,1
1072526,0.8257305365209158,1
1098011,0.5117559479494983,1
1032675,0.7856041097028263,1
1055869,0.7397173242542963,1
1038247,0.7864053667635735,1
1010228,0.44470016974636445,0
1015775,0.8514828163601095,1
1066119,0.8518758472273325,1
1014237,0.8038105468452563,1
1047839,0.8459787103085248,1
1073405,0.8521854544505751,1
1049793,0.8680736407947575,1
1028750,0.8193959455611523,1
1058908,0.7992666183449847,1
1071656,0.8624076191154059,1
1051648,0.7043967514920705,1
1036243,0.8827532181457154,1
1046758,0.7083509114672095,1
1010389,0.47013619715568145,0
1073532,0.8688431045238483,1
1001210,0.8544797196764813,1
1020772,0.651967652475771,1
1058413,0.5919565736268435,1
1091831,0.8629119555730174,1
1069421,0.834190664160045,1
1020162,0.8311881569437239,1
1021867,0.5186371378628845,1
1013126,0.7178372123727522,1
1045640,0.7432898233246182,1
1093416,0.8854843929677799,1
1095797,0.741255990155908,1
1093586,0.8554989217470567,1
1069289,0.8941120820550232,1
1016342,0.4044555819535034,0
1046237,0.8315725350522976,1
1053834,0.8853742763318129,1
1003504,0.6098743588627757,1
1004299,0.5451476893401624,1
1044817,0.7688677769886237,1
1012986,0.8540931216329519,1
1053530,0.8178371290143286,1
1039697,0.8279621607619365,1
1013829,0.7770311413719613,1
1014460,0.7236191891518683,1
1017464,0.8705692413373675,1
1091546,0.7652227576294276,1
1000007,0.8274146248704207,1
1070172,0.6342668918872165,1
1019409,0.8764002913623802,1
1093710,0.8359202235105602,1
1042279,0.5458745839611049,1
1009505,0.5613553043797089,1
1093081,0.670849684237838,1
1098875,0.7282608553424179,1
1005728,0.8357087464724806,1
1087111,0.8829401433037092,1
1089248,0.7064928338647184,1
1040234,0.8594598641887276,1
1056043,0.8379294228650149,1
1035388,0.8590873771925958,1
1078884,0.8575808263891695,1
1086876,0.868955727257436,1
1080338,0.5976806844864005,1
1053971,0.8426754680651439,1
1082297,0.7896906643893183,1
1077446,0.8212374117035958,1
1064523,0.8737484363605038,1
1058181,0.8616266503438427,1
1022461,0.829730086029986,1
1016947,0.7302884735205066,1
1045482,0.8671842871217122,1
1001578,0.5606648896560914,1
1064067,0.809868403783696,1
1046151,0.6210038801268694,1
1038444,0.8115205253094624,1
1070120,0.7602711182522812,1
1000044,0.787150195026266,1
1070092,0.8526342232121732,1
1054180,0.6635307660351172,1
1034852,0.8780361549324177,1
1050376,0.7945474130325364,1
1071123,0.7505345327294937,1
1013049,0.5117909392692731,1
1073698,0.7848638975360187,1
1022843,0.40421861213492166,0
1082128,0.8183341277550578,1
1039279,0.7052948600332402,1
1080101,0.554642509476246,1
1083063,0.809727927433185,1
1045562,0.6663769683526343,1
1029123,0.8903202158495785,1
1043339,0.8669858544464778,1
1023104,0.8561122458127305,1
1053377,0.603075506145406,1
1053740,0.813655354606827,1
1072355,0.9024365831711754,1
1052823,0.501684011255006,1
1052118,0.868072570282655,1
1081108,0.8799772927101092,1
1061226,0.7907916538147111,1
1092492,0.6428681876391102,1
1091896,0.6297116382115112,1
1007836,0.7004236400901175,1
1021941,0.8471985381621034,1
1092806,0.8061781805886277,1
1032221,0.7456178298347503,1
1089813,0.8177822368588169,1
1008173,0.43519971529018797,0
1044154,0.8665221985694049,1
1050508,0.8308053921514555,1
1099622,0.7608600331162123,1
1000580,0.6353284344328823,1
1074837,0.6998090552640758,1
1062195,0.8207835624333837,1
1036936,0.8290310908620782,1
1063845,0.8043855780479288,1
1065658,0.8064881884427589,1
1086802,0.8422171590090379,1
1011043,0.8702762037572416,1
1097002,0.4652215735817482,0
1055444,0.8584281684932703,1
1028010,0.804356380509022,1
1012661,0.8645689974272772,1
1095942,0.7745727186954368,1
1045070,0.7537046266743093,1
1052748,0.857972138087556,1
1058953,0.7539437677876067,1
1035023,0.8189929875951701,1
1008356,0.5677437522241027,1
1056924,0.7419228155745935,1
1003970,0.5546615856283479,1
1000118,0.7483090735804203,1
1052357,0.627025917045494,1
1050238,0.8876561487006218,1
1083679,0.8797839863289124,1
1020327,0.830638679484638,1
1062205,0.8515612063441654,1
1045942,0.8585295756072384,1
1045604,0.8718569339467167,1
1076192,0.8679124531121011,1
1093366,0.8185811333055988,1
1004536,0.8530842527533538,1
1045069,0.809460280456679,1
1014655,0.5195751095810083,1
1062307,0.6620281330918225,1
1015752,0.6620309846330117,1
1002250,0.6397300848526285,1
1028223,0.7363367953280407,1
1042255,0.7323139488805682,1
1000885,0.48422138729236075,0
1059175,0.8840907348445152,1
1090098,0.5112476307864822,1
1056930,0.848406713520616,1
1033264,0.8244700924507242,1
1074463,0.8192189635140861,1
1038841,0.5840008452745066,1
1054594,0.865319397142103,1
1045588,0.8518485799615793,1
1070951,0.6561294773050811,1
1035567,0.8111228013820745,1
1054248,0.8755752417111009,1
1041873,0.8604579806863175,1
1042750,0.822284123943576,1
1052538,0.22819416418273353,0
1048683,0.8949182062579649,1
1046647,0.7151344698260567,1
1016811,0.8642501666217245,1
1000767,0.49948858674328134,0
1009344,0.8774198415123172,1
1019627,0.8463883424082517,1
1091791,0.7298442871304855,1
1014141,0.823583608356009,1
1084811,0.8625433551964441,1
1094255,0.8646183428513365,1
1006139,0.804162134772823,1
1052194,0.8887044590011882,1
1017328,0.47346510924129137,0
1055806,0.8410743938914943,1
1064353,0.8588098018838517,1
1030531,0.86462952333879,1
1041070,0.8662394919367183,1
1021013,0.6203023635146856,1
1044686,0.8778456702499545,1
1055267,0.8692373931718905,1
1085417,0.6837851234139992,1
1017295,0.5838679590063296,1
1023316,0.8416032504095302,1
1054410,0.8075591009247071,1
1054943,0.855865936013624,1
1095615,0.7112546188234286,1
1059451,0.8273516750727824,1
1018398,0.636650871192178,1
1080375,0.8860274495896712,1
1018378,0.7867834220813822,1
1073880,0.8588172821932417,1
1027869,0.7370963118136642,1
1020481,0.742169837099789,1
1005998,0.5988116531823249,1
1025199,0.6877285744327781,1
1059836,0.480501564589719,0
1034140,0.8710081118974553,1
1026000,0.8690377379711154,1
1089818,0.8365233879954942,1
1095893,0.7885466599022702,1
1026459,0.734488773997696,1
1071404,0.8521660785840381,1
1038944,0.6224209838638248,1
1086330,0.7832896171118591,1
1075024,0.8608421905303391,1
1098003,0.5414620352456166,1
1096024,0.6206541919816707,1
1073824,0.339966983018947,0
1062118,0.8545449436393406,1
1059741,0.8269543261358566,1
1087240,0.7263475373486419,1
1022020,0.5781787159878139,1
1051677,0.5699008635322945,1
1006379,0.8942320897900315,1
1032653,0.8435131826486096,1
1075817,0.8472636450037654,1
1036581,0.8594026146457009,1
1014826,0.8769218421547528,1
1022819,0.6444095527855344,1
1065114,0.8167669965701453,1
1009213,0.6802370049232264,1
1094154,0.8376059130938911,1
1084580,0.8673963036896786,1
1077196,0.8327443101271063,1
1025487,0.8926059875749588,1
1062900,0.8726530109048076,1
1070638,0.8732140953129258,1
1074245,0.8247339061628792,1
1072506,0.8705556143377132,1
1021050,0.8813671676164495,1
1096862,0.700674133081269,1
1051741,0.7929018941829832,1
1041026,0.779798825611068,1
1066820,0.869612296221052,1
1035610,0.8343470626753604,1
1065183,0.6039324751051494,1
1023683,0.4222754642743322,0
1022146,0.7819837858699766,1
1085525,0.8554478010856031,1
1079175,0.7474243476352844,1
1051895,0.7379785017044793,1
1041404,0.869808237772019,1
1022166,0.8410647241354026,1
1046650,0.8774986298425772,1
1021857,0.751363284332515,1
1052264,0.8118973106038351,1
1098838,0.8569531860461285,1
1010240,0.49935811736514535,0
1028850,0.8213813507251756,1
1004246,0.7984054675939617,1
1098785,0.5907935277194273,1
1032281,0.8557830272973406,1
1096849,0.718188999295104,1
1098736,0.8565246384915818,1
1079611,0.8983504510655959,1
1055398,0.905342528006826,1
1053329,0.8637538280557291,1
1002496,0.5023112633065819,1
1017273,0.7978761696670802,1
1069520,0.7658525235273833,1
1063766,0.8848604675001368,1
1096175,0.847607058376592,1
1044458,0.8480034691431102,1
1077530,0.8671790622276986,1
1088983,0.8392898848751612,1
1064634,0.7539117341717372,1
1041104,0.8350443441148263,1
1036320,0.8326061258678449,1
1013254,0.5942988975171065,1
1094186,0.5295774647880924,1
1095917,0.8450990743546247,1
1001627,0.8159656583686141,1
1026751,0.8937649871326584,1
1055606,0.836833539834956,1
1049153,0.8643098269711759,1
1007952,0.9006706474715245,1
1064465,0.8229393691115794,1
1009348,0.7162731604646626,1
1094693,0.7582052423655203,1
1058948,0.804891393770264,1
1045386,0.86261195871485,1
1014639,0.8109854943793802,1
1029349,0.8491324475240407,1
1083088,0.8011784785018966,1
1003628,0.8133234991912384,1
1029513,0.5245147418509419,1
1089824,0.8235342877444758,1
1006680,0.758331362018802,1
1073017,0.8483537596621951,1
1055788,0.2495728872903292,0
1095879,0.7822010506634967,1
1050346,0.8842614035755372,1
1096244,0.6747978051960011,1
1068067,0.7062168910387385,1
1033833,0.8080293834435843,1
1017811,0.8643713197027041,1
1064765,0.8319852141193789,1
1046973,0.8465343224090847,1
1006107,0.5306764809570206,1
1086037,0.7849852409876257,1
1080779,0.8427943233167988,1
1003915,0.7452710739982389,1
1032131,0.8081788160278964,1
1080898,0.788051164530797,1
1094110,0.8164962791481173,1
1054550,0.8363107941081012,1
1034451,0.8915758661103749,1
1091756,0.8442910252685404,1
1060094,0.8248212024752388,1
1032563,0.8523891516711577,1
1067204,0.875339026438442,1
1066283,0.7751831502583476,1
1093380,0.802051386601334,1
1019224,0.9103910303372064,1
1002868,0.8161040529758753,1
1053460,0.8518508553453153,1
1070598,0.8818261845804034,1
1047354,0.7755014202405144,1
1065125,0.8418944934752064,1
1047560,0.8009617462906949,1
1088136,0.8449872916375303,1
1028638,0.46522995168668035,0
1001489,0.8993653010295959,1
1071880,0.8319569106923091,1
1056490,0.8068682580512613,1
1073674,0.8284132800177304,1
1065255,0.8454251787201691,1
1048435,0.8562099172260524,1
1061372,0.8105864655211709,1
1063574,0.8334568142725459,1
1006604,0.5597729359533704,1
1070787,0.5564427985844718,1
1038917,0.656634244113676,1
1034200,0.7981382232415655,1
1000373,0.8524634288819578,1
1070526,0.8848765238911133,1
1032268,0.8625217473614233,1
1046144,0.8203014787663719,1
1075963,0.8095074483737339,1
1023086,0.8838589306504265,1
1066342,0.8723816254983822,1
1046001,0.880508051398564,1
1068084,0.5800028666821829,1
1086990,0.8682379598581494,1
1026919,0.5243832160530615,1
1049595,0.8495733697619627,1
1042260,0.8031733408419448,1
1047976,0.7914679305275404,1
1040982,0.8296000952794094,1
1055505,0.8040822766487252,1
1026429,0.7130967803855917,1
1049405,0.5632795072948741,1
1015388,0.8878065746316832,1
1012236,0.5082620836962228,1
1062158,0.8300237287377094,1
1098327,0.8598015851263913,1
1019490,0.7283590632863661,1
1057586,0.6323848424349525,1
1012872,0.9059098181422487,1
1073026,0.8903515195743191,1
1015472,0.43743787524516226,0
1098902,0.5768309055969005,1
1073991,0.8802227953841214,1
1018279,0.7192157813528723,1
1070893,0.8421233471680857,1
1066152,0.8434692065254757,1
1037919,0.5406944662799783,1
1003310,0.4816605031889293,0
1067543,0.6750685491159512,1
1045879,0.8678778746844436,1
1091254,0.8463507342671095,1
1068530,0.8345348446651696,1
1095748,0.514795656724013,1
1080462,0.8603207649426947,1
1083250,0.38926953237189876,0
1095616,0.5805360620253492,1
1006072,0.5866873658997878,1
1077758,0.8911360622524488,1
1045094,0.87765102188694,1
1036724,0.8292287195626353,1
1082307,0.725005093776088,1
1031455,0.8453669435112191,1
1024691,0.8708702120925808,1
1001233,0.7386871681278551,1
1098714,0.6124558807378766,1
1061136,0.798266432286848,1
1066561,0.8008867363619669,1
1013663,0.5053959415538072,1
1093540,0.874867616387036,1
1079805,0.6873449442076988,1
1052745,0.6365245663192896,1
1007442,0.5393252405270694,1
1064797,0.8354876085285636,1
1004416,0.6019089062462543,1
1024978,0.8672125770143004,1
1058278,0.4803102547647615,0
1073051,0.617398340713255,1
1000252,0.8380229024589487,1
1047298,0.7911161404209792,1
1014903,0.7243271420549672,1
1020485,0.8545169049731222,1
1076641,0.8363349872542598,1
1060480,0.5386998996446961,1
1075857,0.8299406927484126,1
1011042,0.874182753871657,1
1006235,0.8284739569574882,1
1003011,0.6115981328316277,1
1037460,0.8088203100356591,1
1051891,0.8960002424662118,1
1024284,0.43678239605158525,0
1019644,0.8838351914030559,1
1054013,0.9055690361748278,1
1065959,0.8692184293053926,1
1081294,0.7443912915673272,1
1006052,0.38621747844498944,0
1021938,0.8799014615450658,1
1070010,0.8240002892536875,1
1097562,0.8511343014195226,1
1072061,0.797670832346698,1
1025728,0.7876172986201017,1
1064409,0.8276912324160747,1
1090394,0.858567664628342,1
1088796,0.8099149512754257,1
1083624,0.791596167575229,1
1025204,0.838703034655513,1
1005793,0.7427044968468979,1
1045379,0.6946811542334944,1
1055604,0.6728863920092717,1
1019783,0.6934788706181071,1
1015642,0.550733831353536,1
1072597,0.5433083084759518,1
1024853,0.7542051460590741,1
1053003,0.8773321038981704,1
1015866,0.41215373940670824,0
1078869,0.9003360641190049,1
1091287,0.5759204216800383,1
1033988,0.7657859641215383,1
1029911,0.8413746346970389,1
1046956,0.46251398490863066,0
1082760,0.9066961179218039,1
1070627,0.8188447525892962,1
1054448,0.6512094144927192,1
1029095,0.8647646621607518,1
1063811,0.47688088694948894,0
1055054,0.8844429986667546,1
1021306,0.4932444060981984,0
1091999,0.8229980375049964,1
1072661,0.8778470184770113,1
1021655,0.5486673543939327,1
1083862,0.7584380322209024,1
1088925,0.6779217053943553,1
1004471,0.5694081075490789,1
1087869,0.7294100627374348,1
1057412,0.8646310908751266,1
1025719,0.8504341802986661,1
1062481,0.7167674500582196,1
1065057,0.7927087726190314,1
1061436,0.7915284704829422,1
1040458,0.8354844632187077,1
1053288,0.7674598240861565,1
1049090,0.22109911856687184,0
1063394,0.7968776232604662,1
1034471,0.8940329395765327,1
1011706,0.6671402877366938,1
1023254,0.7867329942625851,1
1085657,0.8838944233040704,1
1002581,0.47269635904900564,0
1079708,0.8589612474049267,1
1021902,0.8133602778663023,1
1054514,0.8340210450242392,1
1036442,0.8708313831001578,1
1070154,0.7602668243024244,1
1090201,0.8606343468694713,1
1054458,0.8339044061621247,1
1011862,0.569665941951934,1
1067701,0.811655054340543,1
1030862,0.7499840185468049,1
1058404,0.8151230162824179,1
1057219,0.7716760994519893,1
1057606,0.8821154278632668,1
1069535,0.8764962002045051,1
1000130,0.8371891841654224,1
1005264,0.7280693366955999,1
1008298,0.7273445180766113,1
1024429,0.7714964792350765,1
1020043,0.8353386991999858,1
1047197,0.7372426980583849,1
1040238,0.5787494670086998,1
1033267,0.8298200214960624,1
1035079,0.8250125671413716,1
1040990,0.8405190008182587,1
1045656,0.8406219279994923,1
1036174,0.6923617766695294,1
1085799,0.8459998610956329,1
1055059,0.5052824247006164,1
1065637,0.6915690152236759,1
1033775,0.8578140125782427,1
1051993,0.8511147956854154,1
1014727,0.8389151141082524,1
1055497,0.8421414313318936,1
1031716,0.8073963419999642,1
1034701,0.8820679070916106,1
1029841,0.3750244711786699,0
1055782,0.8595527053645476,1
1027190,0.7929832632165994,1
1061106,0.8774112294827654,1
1099950,0.7591416933374371,1
1087160,0.8236914983468626,1
1020951,0.7753768316056642,1
1031008,0.790772523190602,1
1022486,0.8692013592842853,1
1075843,0.8387766104901774,1
1002617,0.6989513354132423,1
1019866,0.8787174741915909,1
1079757,0.8646909092262464,1
1099258,0.4833031985865313,0
1099221,0.5896353371988999,1
1082283,0.885755342475538,1
1014392,0.41073856921831053,0
1028688,0.7939606145801699,1
1075028,0.8784090193091931,1
1015588,0.5745916567849916,1
1015999,0.5818239071904988,1
1004269,0.6320702297400892,1
1027800,0.743504381324857,1
1035147,0.7371037745059122,1
1046785,0.842416560960509,1
1095341,0.8231676670473603,1
1094724,0.8658459297653633,1
1062421,0.4253233123084415,0
1016120,0.8370115934542843,1
1037945,0.7751372666106077,1
1053712,0.8658979718104912,1
1065293,0.8059724817224561,1
1057919,0.8934304909749113,1
1033927,0.8730649000821782,1
1089095,0.7870346493935853,1
1082734,0.42798003997878387,0
1001068,0.6496546857981407,1
1076935,0.8768902701475381,1
1031654,0.7904762932139128,1
1060370,0.904444679099027,1
1008563,0.8243168370779347,1
1007370,0.8444501725177774,1
1014360,0.8679620194669458,1
1078021,0.8592742641543298,1
1092770,0.8322790407185946,1
1096511,0.7213338589641576,1
1049331,0.6020895600725145,1
1089617,0.8793957245205025,1
1039080,0.7055551764808244,1
1005730,0.39948287009740974,0
1013520,0.5677266354779005,1
1037713,0.8886043976672925,1
1067765,0.8883056278145729,1
1088425,0.5626111929749564,1
1065836,0.8724479878932405,1
1038683,0.818751414433268,1
1030124,0.7981567830070027,1
1022475,0.8243361511234586,1
1088401,0.8319670251270652,1
1042896,0.8394309365672511,1
1097960,0.8862360955670668,1
1036013,0.8831468033058006,1
1097249,0.7394140018044083,1
1061118,0.8534424020196504,1
1063547,0.6899124939250884,1
1063287,0.8491388628597346,1
1097364,0.7951036606060422,1
1001893,0.8196678117666726,1
1028413,0.8826191315015929,1
1015043,0.5308900261379272,1
1027702,0.8631838169490568,1
1008895,0.5258077417732312,1
1090414,0.7914072407168196,1
1027130,0.4376034008909706,0
1002895,0.6805212108155128,1
1051440,0.8080305194149081,1
1027253,0.7811712088911746,1
1076983,0.5149679029571722,1
1010867,0.5070560107573265,1
1074716,0.8321055903246667,1
1003900,0.4112194986396063,0
1057242,0.8631170733011146,1
1040503,0.8666433106738919,1
1023639,0.8633596361878612,1
1041170,0.8522012558994844,1
1099953,0.6229999174768628,1
1068345,0.8772867429194573,1
1090422,0.606297233916743,1
1009372,0.3647692310809412,0
1057003,0.8183482192168651,1
1060895,0.796815644424245,1
1034789,0.6092009480351562,1
1051689,0.8789338669764267,1
1096008,0.8461364497969762,1
1016409,0.9080161390350472,1
1057116,0.6769724831073997,1
1077195,0.7263169299852925,1
1027996,0.8289871203107206,1
1082929,0.873675856299668,1
1063711,0.7820762579268146,1
1074730,0.4732913828618542,0
1032032,0.7896252653348502,1
1069912,0.8438878292220835,1
1097373,0.8346737197353802,1
1012726,0.5430939242969851,1
1083831,0.8432550141392724,1
1045869,0.8754856975301711,1
1056990,0.8404107278478269,1
1056332,0.7936336557469051,1
1033235,0.5527755378790981,1
1047632,0.8213933555795017,1
1040124,0.8419313098255138,1
1047243,0.5279224461227532,1
1041680,0.8093574510191452,1
1059512,0.8495668560517873,1
1090813,0.7893168379114589,1
1097455,0.7060506708119504,1
1007029,0.7854302958571153,1
1044014,0.82598981464345,1
1001010,0.5626204550520221,1
1038490,0.8202674834761918,1
1085813,0.8991002723102666,1
1079328,0.836927297262496,1
1090607,0.6126133625247561,1
1063220,0.8693754276246637,1
1092821,0.8018131646084414,1
1039027,0.8345512224017689,1
1094442,0.7955897468188569,1
1066943,0.5636833168520666,1
1002688,0.7637067376394628,1
1029692,0.8597760217649376,1
1089897,0.7775154928114825,1
1091368,0.7105943707666498,1
1048445,0.867103374817941,1
1003201,0.7327587235477109,1
1055794,0.6102223520452934,1
1039130,0.8496257030448896,1
1078258,0.8755078289816388,1
1002802,0.6813585486763323,1
1060185,0.8609122399210156,1
1028972,0.5680382105894882,1
1012381,0.817848969194687,1
1046354,0.8832339592794631,1
1067172,0.7118582284349826,1
1071389,0.7635566136086224,1
1034656,0.7901401939141152,1
1092891,0.8511361457051587,1
1026178,0.7930549172729482,1
1082490,0.8040636469825545,1
1085594,0.6640672125979161,1
1022420,0.8553615970725709,1
1082242,0.7508941569700373,1
1056006,0.8856436143927287,1
1000446,0.6343940483208564,1
1034694,0.8394949616489943,1
1071133,0.7272953732026269,1
1091338,0.5813491114681234,1
1026267,0.7318449071415548,1
1023789,0.8329448508657088,1
1031603,0.8466470387727419,1
1040918,0.6920725416279937,1
1090079,0.5567138511445543,1
1017883,0.778497431928137,1
1055711,0.6458530056133371,1
1018530,0.5662925854991746,1
1001222,0.3967128594221481,0
1024710,0.8255199077139749,1
1046059,0.8476095495619607,1
1032473,0.8231838421587152,1
1015102,0.5308756077788069,1
1088872,0.5680930612481873,1
1094339,0.5784144390728164,1
1038904,0.8795381898526877,1
1021584,0.7761227134931414,1
1020935,0.3327846568925289,0
1081907,0.7832412372924131,1
1031345,0.5843530755755757,1
1088712,0.832340586575816,1
1037833,0.8385248174277916,1
1050994,0.7791524842172419,1
1074593,0.7923781227231664,1
1092307,0.7180453905394706,1
1012769,0.5793068557421934,1
1035834,0.8669951790770184,1
1034321,0.7807472977050381,1
1075075,0.8712290586248341,1
1055351,0.8304501832019754,1
1015061,0.8692608220225927,1
1091551,0.8559001347791348,1
1033792,0.8168528836683209,1
1073697,0.8726435650923112,1
1081434,0.7836550048450885,1
1026052,0.8708152721241693,1
1051381,0.7637345241408671,1
1025880,0.8289226187921896,1
1017460,0.5903161433166335,1
1051204,0.7701266589926102,1
1060015,0.509202702740289,1
1045901,0.8835819190303591,1
1072812,0.8487698995122509,1
1013526,0.8832574466983375,1
1096842,0.6798161532632175,1
1098742,0.7034856259411919,1
1070669,0.5930010581027058,1
1064091,0.8539015274371866,1
1030752,0.8453332652495859,1
1030019,0.8606025079739225,1
1000151,0.8419371091416236,1
1011633,0.6995552035990766,1
1005022,0.5097653600667629,1
1080195,0.8709139915223232,1
1095194,0.8036933745715756,1
1000976,0.8363889776149752,1
1093649,0.7828547761292903,1
1054588,0.688602369401901,1
1060612,0.42668152858722713,0
1040533,0.8298061320612674,1
1043022,0.820973294849343,1
1080190,0.858047772279949,1
1001266,0.6209079775493476,1
1039152,0.9013796714492726,1
1025771,0.7469589213551009,1
1007803,0.7664531469400048,1
1076116,0.836829663337596,1
1030175,0.8039732020273277,1
1032775,0.8566821598358257,1
1061974,0.8466787816614731,1
1071468,0.7410590843071239,1
1027627,0.8213520608252414,1
1003240,0.8711887238348339,1
1079349,0.8678087800737695,1
1039910,0.3868093366918521,0
1090892,0.7606331469292694,1
1052894,0.8451177862050265,1
1034196,0.5533603208818185,1
1029512,0.7979657625792907,1
1089203,0.850773801889917,1
1096314,0.8596674214062519,1
1066049,0.6320045766188008,1
1094829,0.5016296981348521,1
1083331,0.8367116460024749,1
1022339,0.6663239407179223,1
1081619,0.8765717235722158,1
1063170,0.8931338625868779,1
1099866,0.4758860667616689,0
1071975,0.8774716857448848,1
1098162,0.8771295195504561,1
1071745,0.8798480615760542,1
1051304,0.520484404225508,1
1010927,0.40393644536395923,0
1077883,0.8158640221935323,1
1019625,0.8268445023380031,1
1025897,0.7893319126306462,1
1005729,0.6540184901207952,1
1067058,0.8174113376935618,1
1066564,0.8744817515127618,1
1007970,0.5700132491314711,1
1024228,0.8665334737394086,1
1030057,0.4343917273228017,0
1071999,0.6850348524192053,1
1090699,0.8581644605126586,1
1044506,0.7995253438353723,1
1095469,0.7192034155804947,1
1039580,0.8314913359290454,1
1022672,0.8195089369547861,1
1079226,0.6473046699859585,1
1065791,0.8710782113578633,1
1017709,0.8389320797644091,1
1093818,0.8451658426119191,1
1015084,0.8157796264109081,1
1089516,0.6662685548351189,1
1084372,0.8396707858802412,1
1074587,0.8659591049001525,1
1062343,0.6594392817730564,1
1000366,0.6660330561229252,1
1083476,0.7499951846429791,1
1044223,0.8334037491705562,1
1053611,0.5984886060264988,1
1049344,0.886508828686633,1
1084247,0.6794709417673197,1
1038927,0.5231067332344137,1
1039484,0.789721306170983,1
1062098,0.8925971678988288,1
1056746,0.8423282595857303,1
1046880,0.841983583138288,1
1080452,0.882137745506511,1
1008575,0.6795096002316642,1
1029783,0.825023039389166,1
1030964,0.7841864652098645,1
1073610,0.8533775051160931,1
1099402,0.5767223371460763,1
1002360,0.4361866901508916,0
1020116,0.7913134518491637,1
1039320,0.8724890334689873,1
1070643,0.8279586032068973,1
1067586,0.8438250162179428,1
1099917,0.8824156810023549,1
1062970,0.5931678271314164,1
1063598,0.49900622155800467,0
1007791,0.6281708086044536,1
1011155,0.6454094964163604,1
1042977,0.879646969361759,1
1018274,0.5857901132601135,1
1018302,0.42558895730437235,0
1079920,0.8469448732573561,1
1067458,0.8304518731855199,1
1001566,0.5600436248683903,1
1035070,0.537402122047831,1
1096089,0.8902972562931168,1
1082015,0.7239516674805235,1
1091317,0.8850716359702943,1
1027793,0.40483032423076154,0
1068552,0.6899675043062489,1
1092214,0.7668368600609704,1
1060420,0.8229951089513067,1
1079597,0.2954856829958198,0
1003298,0.5394226375149127,1
1047657,0.8259402941425434,1
1015614,0.7887256325772323,1
1084027,0.8335378513912997,1
1097285,0.8310224060024559,1
1019997,0.5626993503353629,1
1004858,0.8500852075515635,1
1077804,0.8464992321679863,1
1010800,0.6754374933992666,1
1015152,0.668603841113487,1
1037359,0.8999348056672121,1
1092913,0.5578269688191516,1
1061352,0.901084024216152,1
1046892,0.7575373921193086,1
1034934,0.5865928977293109,1
1077561,0.7499800807293254,1
1092857,0.8082390946045926,1
1061495,0.8559542539918172,1
1053426,0.7854228772542101,1
1038934,0.8325102217879448,1
1052512,0.8905722427170407,1
1090176,0.5511079168230437,1
1054716,0.8646482969870627,1
1087134,0.7269714704083532,1
1010512,0.894016156226921,1
1031273,0.815792392861001,1
1022263,0.8457079999629452,1
1083550,0.6734885732890573,1
1009963,0.8397855416757991,1
1031778,0.853090485842786,1
1056976,0.8487368496802844,1
1085502,0.6728921164005789,1
1025114,0.865090426460205,1
1084661,0.8897733595719733,1
1031366,0.8674657026791788,1
1041383,0.826403366005261,1
1011399,0.4495297255041734,0
1054177,0.6130782657355827,1
1067852,0.7713287465549097,1
1028419,0.8231809282341576,1
1070333,0.8215307984956511,1
1057939,0.7826628363405229,1
1068150,0.689796206795916,1
1049389,0.7853514434913105,1
1020001,0.7832914901214436,1
1032947,0.8516847778051807,1
1053251,0.8695133225293609,1
1025975,0.7786347799859888,1
1033643,0.6348583592597677,1
1010535,0.6649240553887963,1
1095110,0.7758037430540848,1
1071154,0.8087344188745335,1
1097056,0.7216550882343322,1
1083465,0.5640581735846654,1
1008371,0.8547203657154983,1
1005416,0.5162603522343855,1
1081118,0.7281529289994798,1
1062713,0.8920841933562792,1
1017297,0.48036317961289704,0
1033414,0.8477897424785391,1
1028979,0.8588467208826981,1
1054822,0.859236692454379,1
1021087,0.8664153370155045,1
1082572,0.8651412884497826,1
1028570,0.871374687484786,1
1003553,0.6517058408858212,1
1020487,0.7881080127846684,1
1054859,0.8215055615223579,1
1080279,0.8536436750800184,1
1045798,0.7349135290752441,1
1068236,0.8316851391888287,1
1087350,0.6745633452125317,1
1082243,0.7585734380046548,1
1071295,0.25674696445969797,0
1026030,0.6785625612690682,1
1066476,0.7943421752101225,1
1097547,0.7868861703084898,1
1067082,0.8460236162560247,1
1084628,0.8698948325642116,1
1099587,0.6105857333792878,1
1026467,0.8694527036917759,1
1018544,0.8628107779802755,1
1073987,0.8338957249538927,1
1094471,0.861057749364809,1
1012208,0.6178813659317117,1
1039507,0.8675636333549247,1
1061817,0.7974528967550442,1
1080959,0.8388439839762059,1
1080460,0.6794144213617694,1
1065393,0.8007355431050477,1
1070039,0.6818270539840436,1
1084880,0.8615189332680847,1
1089514,0.8222466608733986,1
1007674,0.49837926224023393,0
1000529,0.422286745567639,0
1044811,0.8023103065389507,1
1055654,0.8540343998600778,1
1008503,0.6872178529176458,1
1084816,0.6291482966400046,1
1002741,0.8234367073906345,1
1026793,0.39717642138375314,0
1005719,0.7974928121061153,1
1032728,0.8131658701295249,1
1044614,0.8492959805257749,1
1076789,0.8502704652923561,1
1055838,0.6718492395699425,1
1085987,0.8416394975385131,1
1025347,0.8365653746370939,1
1060832,0.6960883399329192,1
1086159,0.6001073495524438,1
1048565,0.8453407847898617,1
1028041,0.8625740451963095,1
1001856,0.8914938073885086,1
1021750,0.5246907398239659,1
1069197,0.8037663425144979,1
1047193,0.6033058719146137,1
1021645,0.8947267559963978,1
1088656,0.6886774826265032,1
1077610,0.8165154041898376,1
1090133,0.8231855992968382,1
1086949,0.8866429867482937,1
1010024,0.6735742897403827,1
1026835,0.8119580891590911,1
1023325,0.7715381744363529,1
1006325,0.6444414189145266,1
1046909,0.7444236697543948,1
1054275,0.5461044330215887,1
1078208,0.7695048391490928,1
1055219,0.8673746141905547,1
1057360,0.7017999409233411,1
1081784,0.8494917316126579,1
1039946,0.8426059150056379,1
1042557,0.850553152062185,1
1062254,0.3707549650493332,0
1048182,0.8263965932754506,1
1094612,0.8394556755873682,1
1026843,0.8007068869781219,1
1021557,0.8126170577782379,1
1006181,0.46817190155714283,0
1090375,0.8745348558699988,1
1070924,0.8550039763156236,1
1020597,0.8159667055070574,1
1072238,0.5828836411823994,1
1011326,0.6325682513198428,1
1048524,0.7031513245645669,1
1048901,0.7990438028416453,1
1078437,0.8359030463515076,1
1075078,0.8226380449826886,1
1006854,0.6605794733276623,1
1001405,0.6527507275552298,1
1080359,0.8587727243469271,1
1089286,0.8320276722739887,1
1092645,0.7992066594862606,1
1008507,0.8534763548782934,1
1044544,0.8051578299942795,1
1080220,0.8315168866386542,1
1011664,0.7562704335714814,1
1082617,0.8976513598890976,1
1012706,0.6831616171201562,1
1048448,0.8173498686918617,1
1034497,0.5606575306559861,1
1048609,0.7600701851143687,1
1094422,0.4333436565217999,0
1049348,0.8321982575404016,1
1075971,0.7179819224602386,1
1098397,0.7706191805464803,1
1040852,0.8898553548003943,1
1093834,0.31209070977606856,0
1035562,0.541214228887632,1
1074209,0.6574184132071469,1
1035497,0.6805041515800601,1
1035505,0.862458453031344,1
1035698,0.8252230430534482,1
1050025,0.8624751063004118,1
1007192,0.4355472615457134,0
1024750,0.8626189247990441,1
1096003,0.8725885024500689,1
1026325,0.7539117624155496,1
1060939,0.9065891186894415,1
1079215,0.8151215155837344,1
1010392,0.8147560458393848,1
1068977,0.888550723595685,1
1057974,0.8448833213179046,1
1096325,0.7605035472977543,1
1045237,0.7753052067031256,1
1000830,0.6553649410360821,1
1022376,0.8122069749958452,1
1047020,0.8576255489570545,1
1015007,0.4703401754679279,0
1018863,0.6863711452848769,1
1051115,0.5992837525143648,1
1018149,0.8708818294202787,1
1086948,0.5853526963865644,1
1057952,0.820685859743535,1
1052815,0.7809949465496876,1
1010170,0.8388191259461314,1
1024054,0.8337123158607066,1
1044145,0.8878613734668462,1
1034823,0.6636678503373531,1
1084633,0.7029821273299452,1
1096903,0.619705573051877,1
1075683,0.6206808445584768,1
1079721,0.8459952847199522,1
1035190,0.7049208039076527,1
1046121,0.8396407652828937,1
1082487,0.7035345605791474,1
1015858,0.853363087461489,1
1089247,0.8308681551563596,1
1031421,0.6045733086225048,1
1049418,0.6822968546548887,1
1065764,0.7264409013424644,1
1058975,0.8460027037098752,1
1045281,0.82992991675462,1
1007656,0.5594217271808736,1
1043248,0.4485185124557327,0
1071723,0.8215043559360068,1
1002631,0.8290114326525508,1
1001904,0.8512986579141897,1
1013497,0.6948717183113048,1
1060029,0.8715215277104719,1
1051122,0.8585079525293294,1
1081107,0.8364794987614724,1
1084779,0.8788659643061013,1
1088715,0.5851863129885514,1
1093292,0.8597302404553254,1
1091743,0.5625830981532001,1
1072818,0.8193474632293694,1
1093584,0.6781662364284056,1
1077433,0.8773943395929396,1
1007272,0.3548668628499112,0
1078932,0.6005336394654145,1
1080889,0.7889242224734797,1
1018485,0.5471260292784426,1
1017452,0.8649133057702729,1
1062685,0.8451771128197926,1
1027467,0.6664108461348621,1
1030473,0.8338107616197665,1
1028344,0.8721269818306213,1
1080811,0.8230418053101333,1
1098586,0.8601562836383329,1
1027787,0.835928710976236,1
1047945,0.8266431657477102,1
1023199,0.5903617564467022,1
1024045,0.5104752579248529,1
1075561,0.847141613372097,1
1035102,0.888745389618846,1
1019534,0.8532388561871428,1
1083304,0.8749752198266296,1
1073309,0.8107902264198151,1
1005779,0.8503332317589655,1
1064175,0.8007985663716432,1
1004572,0.4575627207054821,0
1063613,0.8631238067953055,1
1054066,0.8129298727420011,1
1046501,0.8710387752445331,1
1053599,0.8782279831983055,1
1093799,0.8749053513472269,1
1096996,0.7905445417895359,1
1066614,0.6987703076249288,1
1085712,0.43925710183274613,0
1005152,0.532389176912447,1
1083470,0.883142255060699,1
1014053,0.46452388259105276,0
1091847,0.2761434446426064,0
1062847,0.8242140671992934,1
1029037,0.8892810597418633,1
1011655,0.6478053929867927,1
1090738,0.6500361049893234,1
1015064,0.7216158562484087,1
1051412,0.859167353315029,1
1085958,0.6940348868342825,1
1012981,0.5576116878503106,1
1031480,0.3843043574177813,0
1079220,0.6661940161720182,1
1087054,0.803696661198173,1
1030268,0.8597870704209373,1
1032804,0.8445130141846847,1
1088561,0.7440340414406396,1
1014075,0.8440998756848476,1
1082135,0.901287292839047,1
1053352,0.8483064235186702,1
1034212,0.7600112231468372,1
1057098,0.49650364932848423,0
1039003,0.8483474903796747,1
1087832,0.8298441754035928,1
1060678,0.7855896938134629,1
1064429,0.8090993175181809,1
1052442,0.49379721303696916,0
1052176,0.8894528237056014,1
1000026,0.6163653458299125,1
1037512,0.8680337740258499,1
1039959,0.7923497949317814,1
1062159,0.8224756982579154,1
1038367,0.8607338840654991,1
1056604,0.8320706302571931,1
1047775,0.835279964653716,1
1017866,0.6262369270712504,1
1030637,0.8216635515975943,1
1050053,0.5860483512411356,1
1008761,0.6658558279716527,1
1010468,0.34322351060432377,0
1077966,0.6146661647450745,1
1088048,0.7000355037416492,1
1098556,0.8134962400252687,1
1009446,0.7787272245001914,1
1042721,0.8535960644571645,1
1012719,0.831845968505505,1
1074865,0.7027187141835907,1
1006087,0.5596410649092494,1
1078580,0.3573505984709331,0
1085278,0.7975700991999902,1
1076150,0.8348996757235586,1
1038270,0.828267339050396,1
1083967,0.8636156697677688,1
1024988,0.7340754674276581,1
1084174,0.48022123348388174,0
1068425,0.8088388307741919,1
1008960,0.7952429501690248,1
1017873,0.593362035357976,1
1075879,0.8722586814317032,1
1049809,0.8237211689291001,1
1039045,0.8765011483339356,1
1032538,0.8144275567213161,1
1038588,0.8323719756049045,1
1064103,0.8167666860651417,1
1032586,0.8466206415947066,1
1079548,0.8374490029347624,1
1048546,0.8605627986953359,1
1018495,0.6715489135790974,1
1071062,0.786744268304893,1
1081308,0.6966768372864172,1
1051569,0.7866903926105069,1
1091749,0.6116866623507198,1
1042363,0.7131351945437934,1
1093816,0.8724529928289962,1
1040492,0.8675567466331127,1
1023567,0.7355337090366841,1
1039529,0.6917799429309792,1
1051347,0.8732656754707898,1
1056424,0.7848404988434353,1
1000905,0.9096689144791259,1
1059017,0.6070548639132693,1
1027773,0.8215036528280398,1
1055823,0.6811963097059501,1
1056764,0.6505830412322465,1
1088975,0.808897243690723,1
1070318,0.8845067694955295,1
1054054,0.8266972500619434,1
1025602,0.6264367313510818,1
1062981,0.8930831497429538,1
1008290,0.8782239788798197,1
1056497,0.7986454860958158,1
1040530,0.8471554488535571,1
1069466,0.8381505550769472,1
1023663,0.5926630295044849,1
1082597,0.8369227784932779,1
1044744,0.8201743614783067,1
1082249,0.8497275669155089,1
1022651,0.7764339408681077,1
1074238,0.8332348910503828,1
1014105,0.796756454818131,1
1088939,0.44643870090961885,0
1007520,0.8873659966279585,1
1072379,0.6527037684749166,1
1065710,0.8410984367432748,1
1057237,0.8711269438679109,1
1071073,0.8043801605980805,1
1010257,0.6974090165057781,1
1085458,0.7063932944816119,1
1042458,0.8515361294721892,1
1053985,0.5913714103267254,1
1064993,0.8201380982665931,1
1014170,0.60356309746569,1
1005583,0.8408528839037674,1
1085351,0.51993832858761,1
1034737,0.4991236582701691,0
1040330,0.49451536601811324,0
1002822,0.733754338033,1
1090508,0.6940093673813131,1
1076736,0.7383043616428653,1
1044291,0.8809065440938477,1
1025156,0.85029747915671,1
1080493,0.7874518150763669,1
1077292,0.8393176547891166,1
1018137,0.5703412953381727,1
1082455,0.8508305457964218,1
1093836,0.49894308762164885,0
1061270,0.7268532896565523,1
1081946,0.8445868470373256,1
1050712,0.8452390960697641,1
1055437,0.8288357920856348,1
1099642,0.7551268139790233,1
1087826,0.9038163085587035,1
1058525,0.8203702285528954,1
1010284,0.8348706739206431,1
1031662,0.8828128842079903,1
1019983,0.738896258561446,1
1093588,0.5444859455085393,1
1082575,0.8547920834844889,1
1093906,0.6206782119707374,1
1022720,0.8019147847268646,1
1096457,0.5411740144486759,1
1091249,0.7494223462341388,1
1079892,0.6341894823104354,1
1019701,0.8584076262016205,1
1048123,0.8673579809763322,1
1017775,0.8737515265061968,1
1094653,0.8751224470332676,1
1084026,0.8686244144012866,1
1048625,0.8167141967243954,1
1035846,0.4657310848015064,0
1067947,0.8985237831553302,1
1076417,0.8370424287752557,1
1043829,0.8203746154145031,1
1063454,0.8589515123160107,1
1080777,0.731695667588907,1
1020351,0.8255130673538589,1
1034820,0.8785328692075844,1
1063879,0.8181037852258084,1
1089793,0.816798605835816,1
1025787,0.7690058624266288,1
1052874,0.4833523249953698,0
1039539,0.8168882494402279,1
1087966,0.7703897378023181,1
1041563,0.7144983304049766,1
1076410,0.868737771164002,1
1049035,0.8046089496839687,1
1096055,0.631106746545682,1
1059559,0.8574109424661395,1
1046912,0.8364239689055082,1
1009411,0.5164924135571035,1
1068178,0.8194032459933015,1
1054738,0.8889130191296133,1
1047229,0.8506669097276673,1
1096555,0.6741501746448595,1
1085664,0.8691283196666891,1
1049845,0.8247709808920379,1
1023343,0.5365723675829969,1
1056410,0.7257692202425902,1
1092604,0.6332865573377541,1
1065330,0.8084366327233511,1
1005563,0.7051527383061851,1
1067936,0.8696048570438518,1
1029578,0.8494472052025067,1
1062579,0.8818714031628179,1
1098042,0.6208346619951137,1
1005072,0.6207248787420504,1
1021024,0.8199413346297467,1
1040862,0.8471086972891002,1
1024372,0.629615886980796,1
1015653,0.7110314071117615,1
1031148,0.9010397108426176,1
1075553,0.8743356481254514,1
1072543,0.8423484392357427,1
1075668,0.7371629133767257,1
1006220,0.8541947172682808,1
1099429,0.5360018013953977,1
1014794,0.8632727822179515,1
1049413,0.8631548999345806,1
1048709,0.844772973308152,1
1028791,0.8500300646216733,1
1017105,0.6482414223154269,1
1033492,0.8378333417691862,1
1083222,0.5474789949356608,1
1024243,0.8519088500264956,1
1031341,0.8484977980672689,1
1083594,0.8468782511755318,1
1015283,0.893138651529771,1
1034854,0.556948871529543,1
1009625,0.5025545055690105,1
1093773,0.8648283997195981,1
1080479,0.8498075982335264,1
1083658,0.7214330889137917,1
1022700,0.8378768441759822,1
1001806,0.5286750814680944,1
1009546,0.8789350793958832,1
1033823,0.8444884859602213,1
1012983,0.6712185378842916,1
1018739,0.6136968510891384,1
1069595,0.8224848249362557,1
1081113,0.772386099601502,1
1006183,0.6825120834071882,1
1077214,0.8247632840640433,1
1007799,0.6518430984883351,1
1083156,0.7682265391003427,1
1052616,0.8883834455621102,1
1055929,0.7575615123476898,1
1031461,0.7654426097182719,1
1034005,0.8609046505235121,1
1040230,0.8476690718472754,1
1024141,0.7227336697228195,1
1053167,0.8233396847095609,1
1082136,0.5482887951975808,1
1047048,0.7867749473657524,1
1071935,0.8033563523515957,1
1088244,0.8469472949591992,1
1020952,0.8038187539901046,1
1053868,0.8821183441088006,1
1070941,0.9055610013352042,1
1050956,0.7957965075957047,1
1018733,0.8849701385938252,1
1078548,0.8323151254935083,1
1029149,0.8424591956777026,1
1051782,0.8610708987694243,1
1066581,0.565181159708253,1
1018843,0.8472818206589883,1
1037895,0.7787893873190344,1
1026972,0.7903424372771288,1
1030755,0.3870315269373618,0
1030777,0.8565373855386885,1
1013677,0.5385512369701402,1
1016619,0.6067158526476282,1
1098653,0.4560986424512775,0
1045180,0.8429040899102729,1
1097378,0.4523427375074549,0
1017208,0.8022909652573944,1
1076972,0.8019985350340743,1
1006059,0.5429083171999477,1
1020787,0.8681675065575892,1
1057266,0.806781241065056,1
1026001,0.5290668238206914,1
1012410,0.8132213858315169,1
1048458,0.8868208987908908,1
1062612,0.8875618155832337,1
1038555,0.5120145244478893,1
1007571,0.8345390031678374,1
1098246,0.7023682629625508,1
1065877,0.4109323175206886,0
1030439,0.8269957193642805,1
1065116,0.5198726230306641,1
1002856,0.5827518625329206,1
1013111,0.7110212875644404,1
1068899,0.8422052403818496,1
1031547,0.6278584263388043,1
1043843,0.8225698284643103,1
1065071,0.374678952766099,0
1037310,0.774230701106197,1
1058027,0.8352706265323836,1
1041978,0.7269599544345249,1
1051070,0.8777424295861482,1
1061932,0.7867761020089608,1
1000092,0.8472580683284452,1
1001950,0.7674174454379413,1
1086890,0.7439384736636049,1
1045756,0.851256154390541,1
1045390,0.6170633152371359,1
1089281,0.9096392989798687,1
1093630,0.6091777401407921,1
1045678,0.8230857365167175,1
1082717,0.7684756830860656,1
1075839,0.8085781338839705,1
1061737,0.5345418504950123,1
1020044,0.8068589853563763,1
1099678,0.5782031107671933,1
1018179,0.6172325591233324,1
1024722,0.48342240964996197,0
1097558,0.6909422571859809,1
1030368,0.7891400388271778,1
1036845,0.86552053298287,1
1078769,0.8548774071977663,1
1028749,0.8055016446855289,1
1041304,0.6712861982958753,1
1062999,0.8739384111889498,1
1086383,0.8745831889228783,1
1007768,0.8449659214308538,1
1031119,0.858872387180777,1
1099400,0.6791982697249238,1
1081998,0.8504392682212341,1
1045062,0.8902384448188541,1
1075233,0.7708504487419505,1
1082058,0.6384462372387861,1
1041794,0.7697176192542279,1
1041587,0.7975764606286205,1
1054256,0.6847152999669687,1
1020486,0.5226260615198688,1
1060952,0.8071603096388134,1
1048128,0.8790999242695803,1
1096086,0.8270453356659093,1
1038021,0.8481184563578972,1
1015137,0.8580405237163089,1
1082730,0.8546517483428435,1
1008553,0.4889229544095625,0
1024106,0.8345285777021455,1
1021202,0.8470650719542203,1
1070004,0.5851300961387647,1
1044770,0.7641042492871736,1
1048377,0.6471304890089896,1
1025179,0.8581445710199114,1
1026555,0.8348005361103186,1
1069842,0.6563931832878944,1
1059555,0.8600918589381261,1
1086044,0.5468523989739744,1
1078749,0.23925190798288096,0
1030144,0.9053907013076988,1
1076640,0.8708505307957168,1
1046190,0.771107829386982,1
1030265,0.861175980836445,1
1042817,0.8575900480152091,1
1050479,0.8230394437453168,1
1053429,0.8040770000843674,1
1038887,0.8585410642945346,1
1043037,0.7862854289499391,1
1081447,0.8010019381973567,1
1077951,0.9037125050937156,1
1090884,0.6924816929187811,1
1002784,0.6059749171730404,1
1000329,0.8754018556796412,1
1019410,0.8612759081734138,1
1007540,0.5905479688568407,1
1046920,0.8675801865008061,1
1086686,0.8471263569383733,1
1060036,0.7923782183961553,1
1075755,0.87204767558547,1
1016447,0.4714455681274788,0
1070107,0.4566419662517841,0
1001745,0.6427854023452438,1
1060781,0.8898864321142846,1
1040693,0.7514147280045566,1
1060401,0.8004109079466062,1
1091396,0.732002916933455,1
1014845,0.7249410607194945,1
1072863,0.7651251212799673,1
1076298,0.8669485531260558,1
1024094,0.8249695284543795,1
1054607,0.8281864882180636,1
1057716,0.6435460304351431,1
1098427,0.6776893486107987,1
1069262,0.7169590963113102,1
1048768,0.7820994425910995,1
1004576,0.8911190518206878,1
1081234,0.8434094132712313,1
1037015,0.8302333258876022,1
1071066,0.8422591482999039,1
1056236,0.7522490349880283,1
1092050,0.6910529981764775,1
1018450,0.8533132172032599,1
1063350,0.7106218074684884,1
1010563,0.6064180835767475,1
1026107,0.8876764566176499,1
1042923,0.8349465813492833,1
1076270,0.8632159980826588,1
1087387,0.8251712925947405,1
1023747,0.8623987696556643,1
1095162,0.7825544574137719,1
1006822,0.5147561114076581,1
1052077,0.6270826315680808,1
1008091,0.28284076184352946,0
1091919,0.7772491667146787,1
1024529,0.8023333332197272,1
1072139,0.8438070214130176,1
1079393,0.8520829528003138,1
1019630,0.8563576393281054,1
1067432,0.8518416718365033,1
1035136,0.6679704041804,1
1021621,0.44013665780931555,0
1030438,0.8681455864013929,1
1050074,0.8147332780838994,1
1033539,0.7314494024573438,1
1083704,0.8626459495863853,1
1067614,0.775740773944945,1
1060961,0.8187275170175469,1
1028030,0.7997189249268204,1
1056283,0.6479928968851786,1
1008079,0.8516481883658784,1
1077165,0.7721289428343658,1
1004626,0.8550318500789992,1
1012801,0.851266628210019,1
1094778,0.8910398733126822,1
1057510,0.8524829650074793,1
1036928,0.8407520429625726,1
1015958,0.6285183607817396,1
1003259,0.8843611476766338,1
1004574,0.5240475579268201,1
1030308,0.8196799873121621,1
1035208,0.7459719701752963,1
1067505,0.7032941720655423,1
1004072,0.4423589108312663,0
1070949,0.5398903979612469,1
1071243,0.8543002560290959,1
1043689,0.8500041720308711,1
1013986,0.4428584839048621,0
1020589,0.8650113492506109,1
1092745,0.8336945226003925,1
1078397,0.7912527948170618,1
1078212,0.8101196927746998,1
1091932,0.8123824838395269,1
1058775,0.8611281146866411,1
1078207,0.6748084923230183,1
1070722,0.8442779581023963,1
1033186,0.8565296692901782,1
1011440,0.6560380536423059,1
1046516,0.7851040935832201,1
1020034,0.8353510713565496,1
1092286,0.5706308547092712,1
1043407,0.3918614588323858,0
1074512,0.89899613015246,1
1095695,0.8688824641527185,1
1067723,0.7949827993069217,1
1051914,0.7941554104973656,1
1017186,0.7583380550882535,1
1008837,0.5573113898726079,1
1073156,0.7455691081515817,1
1057700,0.8633896224995574,1
1016938,0.6235667107057942,1
1005754,0.8265361410577157,1
1086032,0.7319094264526947,1
1014323,0.8924300301755697,1
1007354,0.8587911837603702,1
1042043,0.8364827973829653,1
1092914,0.715039426176392,1
1066635,0.7731060144867579,1
1051989,0.8482557031402965,1
1006999,0.6770687143635216,1
1001814,0.45357195029385383,0
1044070,0.866664429917853,1
1033952,0.7405770714403304,1
1028129,0.8944435859980565,1
1075722,0.8594490342115751,1
1058638,0.8585840828319958,1
1053613,0.8611835812289318,1
1094828,0.8339882560593761,1
1070557,0.7394839620571625,1
1023214,0.8082782316716101,1
1095369,0.804378504090716,1
1097469,0.8640980759576841,1
1014223,0.789130606806629,1
1064130,0.5488761830130943,1
1046839,0.8899720078983188,1
1018045,0.5208091002993553,1
1008236,0.8709722587381085,1
1002735,0.5646617209848808,1
1005921,0.37397768874078735,0
1090525,0.8313104164820511,1
1051031,0.858220068721241,1
1099656,0.7251978779872803,1
1024450,0.8227169141161754,1
1097166,0.8218967736327816,1
1068796,0.7652481874424191,1
1055231,0.8628564500721131,1
1066536,0.652361167594346,1
1037201,0.8447482910153613,1
1088352,0.8771110499779763,1
1028661,0.7615709814892786,1
1019988,0.7676962847168304,1
1097552,0.7935859919901124,1
1039435,0.42526957896409356,0
1047853,0.8710336576425918,1
1035119,0.8922074412251605,1
1056555,0.8930237225103093,1
1019307,0.8008749584568188,1
1081803,0.5443324189376595,1
1038922,0.8628019431463113,1
1066917,0.8691746583949183,1
1098694,0.8087878306211229,1
1034278,0.7245200401119352,1
1039396,0.6732949719176499,1
1064214,0.8467334953943602,1
1043063,0.8358556610312089,1
1077606,0.8384760448806695,1
1094078,0.7468656112642634,1
1088453,0.8215759200451346,1
1008311,0.46850512729613913,0
1022658,0.6090670042863162,1
1040989,0.7740946504650169,1
1084013,0.8050034583390498,1
1074110,0.8679713758994816,1
1074054,0.8626456853839402,1
1043334,0.8722227668890943,1
1056786,0.8690575449423606,1
1083322,0.773981460922431,1
1040072,0.763653730116877,1
1016681,0.5991026188710719,1
1012837,0.7780496847613172,1
1088568,0.823434529242801,1
1023358,0.7473432641490082,1
1015224,0.375075148528248,0
1002748,0.6497175074006969,1
1094084,0.8556468095495597,1
1051966,0.3647134419955031,0
1095003,0.8347737848334661,1
1031334,0.7034109335947648,1
1056549,0.847870594476049,1
1045991,0.6060145169033734,1
1032109,0.8423756560399277,1
1083632,0.8457967167312531,1
1045330,0.873639688361257,1
1017681,0.8322195687127855,1
1069540,0.8198762160986901,1
1084253,0.8022333306552589,1
1027340,0.846779960617117,1
1090496,0.7679026438213425,1
1052225,0.6912113760973392,1
1038563,0.6791013398779172,1
1058599,0.7446353659282023,1
1012186,0.8837343615926717,1
1030378,0.8288641321254425,1
1076659,0.5965250933942897,1
1041491,0.893072984951125,1
1076109,0.6825538600364126,1
1059892,0.8729947732272554,1
1085934,0.8231068019445459,1
1056266,0.8119047457111211,1
1090154,0.3262886907007635,0
1040962,0.4800203890032007,0
1022139,0.8174277826563223,1
1004771,0.8171771286784114,1
1057381,0.5420768899916638,1
1022742,0.5734370574359916,1
1050668,0.8709472382779228,1
1053662,0.689607327750005,1
1091925,0.7569927180093778,1
1035038,0.6094732626901245,1
1020825,0.7380976217200047,1
1054259,0.6759351597083948,1
1087055,0.7737827215181984,1
1052573,0.8879168453305275,1
1066045,0.7484087493259959,1
1016412,0.5856128667760051,1
1049583,0.8270491832325129,1
1021795,0.8461927270709171,1
1036344,0.661939505660037,1
1097318,0.8735197149047921,1
1061368,0.7518665756338457,1
1078261,0.8247804083967606,1
1001469,0.8820469150939365,1
1008221,0.5723986125472481,1
1057081,0.6698116863591089,1
1072758,0.668588320266973,1
1028603,0.7742802553987991,1
1058658,0.781863764158082,1
1054558,0.8624805787108292,1
1087227,0.8166418837977485,1
1074150,0.8555819599368637,1
1023785,0.8073912943812346,1
1061318,0.7586150571043199,1
1062034,0.7414594475810893,1
1018847,0.765049128547823,1
1046309,0.8712004006139908,1
1055498,0.7775759145065831,1
1014020,0.811884184635602,1
1016206,0.540337643515886,1
1007955,0.46560389945467434,0
1090319,0.7315556205442075,1
1072990,0.7712733064970608,1
1043466,0.8679997652953506,1
1051061,0.8581144165806367,1
1047515,0.8748721095922597,1
1079379,0.8226725089464498,1
1066427,0.5547975096323174,1
1076424,0.8905325958571494,1
1061655,0.8050358402298395,1
1009909,0.7255629088505114,1
1095223,0.8713575449242589,1
1034986,0.8364726868326434,1
1069849,0.77313146544297,1
1097006,0.8743518231494839,1
1080951,0.8711570124082243,1
1014966,0.6148344863699915,1
1067644,0.8719596928807913,1
1031591,0.6663326238293114,1
1082994,0.8279690563885164,1
1079088,0.8337989209432366,1
1099168,0.7497458739901545,1
1092418,0.8044207816885512,1
1031573,0.8818356663418921,1
1004224,0.8903800282913599,1
1050617,0.8737967306843782,1
1038711,0.860110857609751,1
1026376,0.8843711963408635,1
1084305,0.8912119636856508,1
1039900,0.734645769123667,1
1072600,0.5151638295682657,1
1070456,0.8744722303642511,1
1092845,0.86409649100279,1
1052487,0.6412277395719963,1
1077700,0.8330411374245781,1
1091136,0.7916868260241788,1
1057605,0.816071152603725,1
1017854,0.7109396290338006,1
1056141,0.7780852881920856,1
1020480,0.4616167068001192,0
1083011,0.8090456907454412,1
1055625,0.8469013067329887,1
1025197,0.8800402405121914,1
1020336,0.7141354188415454,1
1044886,0.774658924401317,1
1042702,0.8484637061337872,1
1072668,0.8288896027139888,1
1035934,0.4122468040530869,0
1090262,0.5563110708822071,1
1010564,0.61333989558065,1
1020796,0.5079847470458771,1
1060071,0.5430029328564168,1
1006113,0.5571408826724961,1
1078187,0.8483874569606293,1
1043653,0.8956832038321645,1
1072102,0.8746913656837056,1
1079150,0.7081070536605997,1
1091725,0.8650672668446935,1
1091123,0.48183998412912554,0
1086928,0.8309500428008957,1
1058086,0.7896617015864439,1
1022468,0.8480535412296545,1
1046653,0.8567322850183596,1
1058262,0.8280398321872483,1
1000240,0.8259239402477869,1
1036835,0.7586832512849524,1
1096778,0.3570403845294811,0
1026092,0.8504546190968121,1
1065882,0.8725434750416456,1
1085187,0.8835296022796093,1
1044129,0.6597865077817604,1
1047855,0.5991318172126601,1
1070166,0.8433861000234736,1
1036707,0.8108484493678824,1
1090463,0.8563929999008378,1
1087661,0.7608467552716981,1
1089538,0.8859116209431843,1
1013798,0.647090917444525,1
1093107,0.5998942390520834,1
1030332,0.8016883769969936,1
1046720,0.8878759002614656,1
1037674,0.5615821092619713,1
1037939,0.8656030043994309,1
1071089,0.7447089249442932,1
1047929,0.7944494867624711,1
1060037,0.8275855336668982,1
1035055,0.8165992849862064,1
1059925,0.8090854100672211,1
1057158,0.6092701778480825,1
1058623,0.8583553728316661,1
1004096,0.7056695972109798,1
1098306,0.6857278888279253,1
1032193,0.8242456240422971,1
1039572,0.8269223691622347,1
1047864,0.3470983369297963,0
1038164,0.8831047152770605,1
1001982,0.7495177582013662,1
1085550,0.8482157152806357,1
1051431,0.8286854927555517,1
1006135,0.8125189812108785,1
1092541,0.8635044035126049,1
1093456,0.4065606122691872,0
1079734,0.619818683189783,1
1024498,0.8222758076895464,1
1080730,0.8203374182354662,1
1051746,0.8006692349484228,1
1045429,0.8380993190559745,1
1013598,0.39796902603565876,0
1034781,0.8290469838388539,1
1032285,0.8719148000592472,1
1069015,0.8192811156247449,1
1048134,0.8914500739449656,1
1057097,0.8350839120999347,1
1080934,0.9017974671735706,1
1057328,0.8241677993089455,1
1085946,0.8513857100143234,1
1069226,0.881891581969309,1
1036752,0.8245166527822047,1
1039177,0.8266954233895213,1
1030463,0.8356288040332422,1
1008691,0.8038773665094957,1
1010577,0.837699687425452,1
1008477,0.7003850256049151,1
1006965,0.3669679559042825,0
1039075,0.8543997936416953,1
1062938,0.4924728565871973,0
1025786,0.752511885897174,1
1041612,0.7929649355655725,1
1050220,0.7678494068030699,1
1001943,0.8699828483343272,1
1045996,0.6870417283222703,1
1078703,0.5141155735710486,1
1075236,0.5165620887970109,1
1037889,0.8608197445152068,1
1063412,0.8713700744692244,1
1030150,0.2813979051677,0
1050856,0.8354381552553806,1
1024758,0.4103920021135859,0
1021399,0.6272908158969241,1
1059401,0.8414543986972368,1
1073049,0.9077651076310772,1
1009219,0.6356573358278783,1
1005457,0.8369348723384116,1
1093866,0.862345164147844,1
1023350,0.8793894396392529,1
1060658,0.7305957956503585,1
1034596,0.8324010328175614,1
1075066,0.5272931996786178,1
1090541,0.8182951211554956,1
1093441,0.8505305745004642,1
1024721,0.8264196138840848,1
1030553,0.7889298375442204,1
1089196,0.8878052352876011,1
1005297,0.7989447068866008,1
1073215,0.8979927474717185,1
1089282,0.8528629033465629,1
1071190,0.8550209720470865,1
1081851,0.5067619131059868,1
1019162,0.8103282240996386,1
1044066,0.871911851425947,1
1053958,0.7946321431142896,1
1043580,0.8435103690009439,1
1002143,0.38640289701497604,0
1091646,0.8677377747707632,1
1082979,0.9015390602869343,1
1016490,0.861996668142045,1
1015439,0.6069705935646341,1
1021894,0.8337536575224033,1
1002248,0.6183347053215955,1
1032977,0.7930861413724914,1
1079381,0.5732512792686137,1
1023534,0.8929302266474354,1
1008413,0.6986329650770128,1
1065719,0.7859876860575926,1
1061195,0.8756688539386327,1
1096666,0.5200312161424822,1
1066196,0.8219538137170288,1
1071476,0.8737302616764204,1
1069717,0.8147341461065788,1
1098434,0.7933003346313031,1
1096381,0.8368961990464167,1
1039720,0.7457504688646955,1
1004497,0.8520102165012384,1
1062553,0.8898698168525445,1
1018501,0.8613155469034478,1
1068739,0.8736592448846769,1
1008508,0.418502670404521,0
1009758,0.6318421885454032,1
1060360,0.837363504584994,1
1068961,0.8941128560978464,1
1023165,0.7012409509734874,1
1072806,0.6631638279315925,1
1063097,0.786333210496966,1
1058305,0.8146033895553491,1
1090921,0.8211850588420259,1
1068594,0.8656208913076456,1
1037560,0.8865965657558992,1
1065192,0.8967548492963175,1
1001900,0.5840028682589027,1
1019768,0.8827501923792422,1
1057548,0.8283801721100467,1
1074662,0.7678804725923212,1
1015585,0.5512631802642197,1
1061595,0.8101673667640369,1
1018859,0.8772715355304047,1
1017773,0.3648260225939998,0
1010456,0.8623286584953512,1
1083662,0.8192528518662556,1
1002394,0.6396651440701984,1
1029917,0.8275384664968833,1
1076987,0.7993356634535923,1
1067414,0.8618784799917254,1
1056412,0.838383383759584,1
1013727,0.6462785341240418,1
1002684,0.8392383943788286,1
1086172,0.79693301649077,1
1084182,0.7956214444612428,1
1002142,0.4624189838779525,0
1093486,0.6905891000388589,1
1093370,0.8233664847551248,1
1051340,0.8613046425621673,1
1039850,0.8309086792591859,1
1063046,0.7249069885445465,1
1008484,0.8623274849102534,1
1095662,0.7398205211682495,1
1030312,0.9026365818804765,1
1090486,0.8547656866147694,1
1041823,0.5243629758522887,1
1023328,0.9004500893801359,1
1046589,0.7992661890007536,1
1053334,0.5712920149777422,1
1095608,0.3341974701378384,0
1019192,0.8134487801883716,1
1018207,0.5975770096188923,1
1080648,0.7795083673247633,1
1091962,0.5365714091177842,1
1099714,0.8484645364818705,1
1036258,0.9100632180835755,1
1017337,0.4367017940689227,0
1024910,0.6472209995441466,1
1058153,0.8438702074724498,1
1086076,0.6531099831290211,1
1076329,0.8752302813627592,1
1089346,0.8692294882680548,1
1068474,0.8681128843137547,1
1054496,0.9022412374068294,1
1044001,0.7027060365179372,1
1020250,0.8663377747843369,1
1020396,0.5411101921213732,1
1038792,0.8685873783887551,1
1039013,0.6303813368796358,1
1031470,0.6799255502438102,1
1064835,0.7107919872772808,1
1087992,0.7042517085457837,1
1042264,0.4764210438204644,0
1036389,0.8130352456930264,1
1055311,0.8452581924928197,1
1060992,0.8349033053762207,1
1045298,0.867542776137608,1
1083850,0.8831424421426199,1
1066705,0.8205453145010387,1
1030603,0.8671439928796311,1
1003778,0.6951662058566027,1
1000078,0.5990881356394303,1
1033306,0.8267628539304092,1
1093919,0.8330978454393715,1
1073488,0.8385978312556959,1
1037370,0.8624630423565186,1
1089265,0.8395893270568334,1
1078811,0.6598056631728302,1
1072138,0.8778091332746194,1
1017621,0.49326128768364746,0
1013517,0.7231144090270746,1
1061614,0.848201048380976,1
1018049,0.546624957904564,1
1012992,0.5764704137137233,1
1049213,0.8653875234371889,1
1049178,0.3945058576611801,0
1084274,0.8225287371585882,1
1094357,0.8079657299122306,1
1094619,0.7732446070781837,1
1048043,0.8120124817908283,1
1048510,0.880366015158047,1
1042005,0.8024288210954389,1
1018121,0.8419518024450456,1
1029888,0.6160960281826653,1
1034167,0.438383132801098,0
1009753,0.6392523429423833,1
1033808,0.845164812118553,1
1013854,0.5085784764601068,1
1032172,0.8856311888995296,1
1093133,0.597362436601449,1
1060560,0.5928650764007491,1
1082863,0.871537367531453,1
1050355,0.5110235294561953,1
1030760,0.45433453571491156,0
1067018,0.6061999322769067,1
1080218,0.7991815626526357,1
1035411,0.8367510029879297,1
1001259,0.8240908907937717,1
1019345,0.8346931382267501,1
1039265,0.82919188994291,1
1004255,0.6771042576091707,1
1092504,0.8497863214327109,1
1071524,0.5860826958027844,1
1029139,0.8413946188193431,1
1092997,0.6955830811710696,1
1019422,0.8562050587270983,1
1009606,0.7327902033125689,1
1083320,0.5852881409578092,1
1019429,0.8559195461275645,1
1080238,0.7431742930268098,1
1062935,0.8095897349203669,1
1076627,0.8801305629357298,1
1070069,0.8519060755151221,1
1080606,0.8650171210567058,1
1064288,0.6931986581437469,1
1025103,0.7810022813085294,1
1012796,0.6254654604519314,1
1093443,0.6183990996096237,1
1091787,0.8725890774077789,1
1060745,0.723098707856645,1
1065726,0.8971530975394628,1
1023126,0.6242684961940743,1
1041932,0.8731415693218156,1
1046725,0.9013653847432432,1
1084845,0.8649969082613888,1
1007995,0.5029984984380262,1
1011497,0.890542731991114,1
1085862,0.3424768775248232,0
1013158,0.4892361210690431,0
1075191,0.7820042303004877,1
1090755,0.7572342060664634,1
1060263,0.6359084251855346,1
1021877,0.8574285316545617,1
1058097,0.8284125432655047,1
1039859,0.8403868587024188,1
1051022,0.8686623141782777,1
1099532,0.5016547194948067,1
1091171,0.8771487412537217,1
1054750,0.8553240496973256,1
1036384,0.6088411077169578,1
1078416,0.6397235801203893,1
1046821,0.8356781126484375,1
1075382,0.76791719737797,1
1055111,0.7718692019337641,1
1014401,0.7341615658784512,1
1078375,0.8001741501432639,1
1052248,0.7232090325148015,1
1009990,0.5729963623002088,1
1031403,0.8494564313979059,1
1044717,0.8579296061049932,1
1046848,0.6342013492339854,1
1084908,0.8760195502399134,1
1080902,0.809465083296582,1
1090093,0.797748578969018,1
1066357,0.8522551047148634,1
1041398,0.862152404707566,1
1029991,0.8724975637909446,1
1001247,0.8693019152258956,1
1045784,0.7735100765480983,1
1089081,0.8935335998083705,1
1004685,0.5319251325953605,1
1089135,0.7137341470330605,1
1077163,0.8330371970153634,1
1046254,0.81548524758043,1
1026953,0.8339204780667133,1
1049909,0.8888371297417127,1
1097635,0.5495166432060621,1
1045115,0.7516190813257648,1
1023501,0.8291827925173529,1
1013071,0.8186944673519131,1
1014943,0.8808703554074683,1
1070200,0.8263095621417879,1
1038790,0.8916661147636461,1
1006631,0.6045726640107157,1
1092261,0.817301477705661,1
1035117,0.8314675985933762,1
1055052,0.8136262210443299,1
1025162,0.829981577406722,1
1064616,0.8072601000660459,1
1066661,0.8773799053465422,1
1026504,0.6193840782188068,1
1080593,0.8189850897729712,1
1091519,0.8238160819525433,1
1090513,0.8691354155516645,1
1091015,0.8301389013083503,1
1076952,0.8708929132699789,1
1004757,0.536599098689577,1
1072615,0.8346671007146674,1
1095345,0.8753053613603531,1
1016988,0.5853554196914428,1
1083596,0.8653713466307903,1
1051477,0.7781285710603725,1
1044790,0.7251339424441866,1
1007513,0.657854279034493,1
1047366,0.8301823159203121,1
1094788,0.7208322125006907,1
1052433,0.803734951430453,1
1054595,0.8873647921689538,1
1020818,0.8238808402238468,1
1065177,0.8530578843939012,1
1089958,0.8128663497013057,1
1051410,0.6233686637097478,1
1034753,0.5159720062492489,1
1073097,0.7775845404860944,1
1094881,0.8759093588090012,1
1093520,0.6522818200689969,1
1082066,0.8226100215681628,1
1001672,0.8871082669925724,1
1077680,0.5913985051514223,1
1053694,0.6338148363363157,1
1032588,0.8219105151867453,1
1095222,0.34918710699239786,0
1074186,0.7932658267476703,1
1013762,0.6891504849356028,1
1063856,0.9043610320788757,1
1081492,0.8848750070245662,1
1059488,0.6456905319253402,1
1013863,0.6917631447401,1
1045222,0.9087303131203354,1
1079267,0.8325214728973731,1
1068759,0.8454137306301032,1
1006153,0.8394935226737804,1
1018080,0.8251617740342445,1
1000023,0.5756923102169701,1
1010419,0.5265456486153087,1
1076051,0.7859627126087215,1
1081550,0.7023076401190921,1
1050465,0.846540426417089,1
1004131,0.6678119493377245,1
1021785,0.9012725687564974,1
1022948,0.8868433737418625,1
1078091,0.8953425375749415,1
1004301,0.6037317257882236,1
1009525,0.6931163395420852,1
1018857,0.8714360674731857,1
1022212,0.8590228903368682,1
1012529,0.6955289471030509,1
1026523,0.8098838115488933,1
1031424,0.8335959180173558,1
1082654,0.8317548897491944,1
1086351,0.8799243420460494,1
1044578,0.7698317627933273,1
1078070,0.8011332100870173,1
1041575,0.8708560507261142,1
1010854,0.6685968072617329,1
1040399,0.647385350335311,1
1025695,0.8604960089101558,1
1056630,0.8523860949330911,1
1050717,0.5152045305209626,1
1028704,0.6927706247914607,1
1059386,0.8778905499217206,1
1067688,0.5689191344749529,1
1095906,0.5622491301996057,1
1035160,0.7135545781342387,1
1077735,0.849170461999082,1
1072546,0.8411470145424952,1
1088972,0.8630321446490641,1
1083445,0.6246413782620439,1
1010892,0.5520833819212557,1
1023136,0.7831768263100866,1
1020236,0.8716928941963652,1
1082712,0.833145074205299,1
1017514,0.7785303426728133,1
1043947,0.8706476982483115,1
1044027,0.89936791718575,1
1034977,0.4966075063603201,0
1046479,0.8855391576283302,1
1059778,0.6171756936420919,1
1032855,0.8580103147918079,1
1032199,0.7123854700337873,1
1099960,0.6346092565756039,1
1033724,0.8664770295148272,1
1089556,0.4277415194991018,0
1049002,0.8746401085340498,1
1089814,0.557769696151708,1
1054079,0.8377439840188236,1
1088858,0.8691207418318868,1
1064959,0.9080039702397986,1
1056053,0.7762520521472582,1
1077528,0.8840923595431899,1
1091348,0.6905330886351484,1
1041681,0.8203939086765883,1
1021064,0.8800080826693912,1
1031790,0.8739681895136198,1
1009737,0.8051661956541327,1
1069329,0.8318379858295798,1
1078858,0.8888371080867483,1
1054935,0.8016799405418914,1
1044710,0.7548613875414732,1
1080319,0.7998744840480442,1
1067890,0.8607307250804468,1
1082055,0.8536930917285355,1
1099352,0.8646456762908221,1
1093747,0.8876933959866325,1
1015539,0.8380997419312034,1
1047796,0.8949657004398219,1
1036413,0.87156609985232,1
1088802,0.7716608602749613,1
1007320,0.8105850733850933,1
1098605,0.499895023741971,0
1005013,0.6910628695608253,1
1065550,0.6555557878691439,1
1074927,0.6555175065412772,1
1067600,0.8644670503818678,1
1095359,0.8962844374369872,1
1046324,0.7241262012001844,1
1016425,0.659669964800175,1
1042937,0.8353093782612395,1
1005278,0.683828427310809,1
1086410,0.8590953083775102,1
1006476,0.6475899993095717,1
1057652,0.3014244481326291,0
1091602,0.6350338386547433,1
1025029,0.8401335803884731,1
1088026,0.8216660109231357,1
1026094,0.8971209853154218,1
1034150,0.757588031332945,1
1021890,0.7938176002271256,1
1021916,0.7703702606527776,1
1016193,0.8585548271145796,1
1010843,0.801347399009498,1
1023387,0.7444595034679015,1
1097191,0.8984175124441841,1
1067399,0.8461004516788463,1
1013068,0.6226024049678232,1
1017279,0.7820927486462469,1
1001988,0.41849717945349685,0
1056491,0.411691567696197,0
1087030,0.7905315237641097,1
1016329,0.6417742515222079,1
1049784,0.8988925133926541,1
1028228,0.9049797195253537,1
1050629,0.7125346208015324,1
1023589,0.8588977578996454,1
1080087,0.8758004657896016,1
1010592,0.585876193534056,1
1077985,0.8329654837414097,1
1011850,0.6369802574291054,1
1091205,0.789693937828631,1
1024458,0.7258890195042974,1
1005480,0.5341154429046818,1
1055133,0.8251327718859938,1
1048431,0.7745675102789902,1
1011135,0.5754582345775237,1
1001741,0.5399892608834912,1
1058754,0.8991168425514307,1
1016086,0.553149167035788,1
1079726,0.9122396647416521,1
1074636,0.8748934450079224,1
1025682,0.804240591866248,1
1083042,0.8679602798414972,1
1028075,0.7483272765790764,1
1059042,0.8566558400074804,1
1029935,0.49757680662471565,0
1033402,0.7398041590079811,1
1022449,0.7631325775083939,1
1064291,0.48606392539329196,0
1021083,0.8413795159264792,1
1091312,0.7915986636316178,1
1070024,0.8544360900677161,1
1040803,0.7956854650485349,1
1066750,0.5946378001730004,1
1019943,0.7172574108110692,1
1058343,0.8350053493187114,1
1065139,0.8606434652825276,1
1087789,0.8590436422693492,1
1009306,0.6745523761049036,1
1090433,0.7667057395453316,1
1029314,0.839710254444468,1
1012907,0.8272295067782406,1
1035773,0.8117328367548117,1
1046413,0.8696010089804758,1
1014513,0.6958626774120604,1
1035345,0.7627417685944182,1
1009123,0.6147144335810817,1
1071612,0.9073772866795428,1
1010834,0.8483040046009351,1
1048003,0.827196148929461,1
1085297,0.848210961006065,1
1083016,0.8096211585509364,1
1003054,0.6062583619008873,1
1071292,0.6804266276518001,1
1034703,0.8149513773451005,1
1078499,0.8666771568751285,1
1016586,0.9070117825423404,1
1094104,0.8702998974424168,1
1089877,0.8750613146126439,1
1005248,0.7182734477665651,1
1060960,0.811835248804223,1
1009522,0.3353015898690789,0
1006796,0.5732290814578084,1
1022411,0.5261129535701189,1
1058366,0.8107884362897061,1
1040058,0.8622787698158196,1
1057719,0.6417877090058727,1
1012143,0.5717237147088889,1
1098931,0.7464361366261635,1
1049028,0.8501058033316897,1
1034096,0.876063358351251,1
1082497,0.8148132982822119,1
1055132,0.8535834634148549,1
1055521,0.7862480694417517,1
1062626,0.8473373582059797,1
1050991,0.7980126330392896,1
1099074,0.41627343970300507,0
1066166,0.8748790978669334,1
1086101,0.72082287528344,1
1050135,0.8612632584034571,1
1067226,0.7139617453920951,1
1028161,0.8467317801160664,1
1080232,0.31380996387600013,0
1048115,0.8464809555630646,1
1004368,0.5093738065294217,1
1014465,0.5273016918849683,1
1069938,0.6866764688039052,1
1018872,0.6872001013440393,1
1030746,0.8384782281377371,1
1050043,0.814419619784226,1
1077398,0.6737403534550348,1
1026674,0.8289524916233212,1
1071436,0.8336132389080769,1
1024873,0.5671796447454971,1
1022882,0.8524201949381798,1
1051422,0.8136222386706419,1
1002313,0.6256971798312531,1
1029231,0.5466159563396435,1
1016216,0.7719411998808103,1
1096451,0.8842409839494803,1
1053585,0.8606007317040839,1
1077417,0.5827589712763241,1
1095243,0.7584429820371594,1
1038768,0.8771028956680069,1
1017814,0.8312631490559778,1
1090200,0.7925221337151811,1
1050579,0.8750845117320152,1
1080261,0.7752070102155717,1
1087646,0.5529226981257108,1
1078818,0.7733714249952862,1
1068062,0.8369820347124254,1
1031238,0.8277175055820662,1
1033844,0.8996677442125484,1
1091022,0.4181707256012702,0
1044937,0.7446610149993783,1
1098474,0.6538060326768985,1
1051680,0.8577431260970181,1
1067281,0.8874900681986961,1
1039821,0.8451915259275529,1
1045244,0.7866813160231959,1
1011992,0.43621131648073036,0
1055915,0.8540838828834354,1
1070848,0.8313728541115623,1
1038771,0.7706283732524225,1
1030845,0.8351750615316705,1
1019243,0.8464593914065489,1
1070207,0.90190493127397,1
1017270,0.8266704146539073,1
1003706,0.8980022062057677,1
1027726,0.5820327049005676,1
1035615,0.6092270091759491,1
1046953,0.8058383621043562,1
1012879,0.8900193846191008,1
1021105,0.6224348614941934,1
1003661,0.8281116848684902,1
1054774,0.8602004079145458,1
1024067,0.5364372098299972,1
1042713,0.760533176587912,1
1065264,0.8397916211036608,1
1049936,0.47028779953998,0
1010127,0.7249764166101028,1
1041188,0.8384841124100701,1
1003302,0.47535943704195316,0
1003522,0.5799414699692793,1
1001540,0.6967407651213876,1
1079492,0.9101298927443361,1
1079182,0.735683702646973,1
1092783,0.8517077631944213,1
1050920,0.6381606104555039,1
1087365,0.7782941950579549,1
1028601,0.8310620364464998,1
1085341,0.7851462114318909,1
1095586,0.7961025994398017,1
1082865,0.7758599489445454,1
1000909,0.5042667819754381,1
1066587,0.8215302700845102,1
1040577,0.69839951227146,1
1002840,0.22527529861276535,0
1033625,0.8758740744852221,1
1073648,0.8334271440207566,1
1091952,0.7228787412356613,1
1097637,0.822202499311587,1
1087777,0.873097710603423,1
1080899,0.8106890060859442,1
1019486,0.8512685665684498,1
1069959,0.8669715576358895,1
1081012,0.8729913192410969,1
1058695,0.60691855142999,1
1013125,0.8522585230932973,1
1057590,0.8437442642335666,1
1014496,0.7652758542753273,1
1004135,0.28673918816237326,0
1091369,0.7332304252151238,1
1092746,0.5904724325648089,1
1023956,0.7667120389496836,1
1012793,0.8276076993420338,1
1062090,0.845692107593677,1
1098553,0.8426960387512663,1
1042037,0.8572534425476591,1
1094894,0.7928181442834562,1
1083025,0.8986336962445873,1
1029099,0.7983614411810798,1
1029866,0.8765786083468254,1
1079706,0.8449042284062628,1
1058974,0.5684340263814059,1
1002221,0.5408161677405441,1
1068524,0.8587169385696949,1
1012494,0.5291628077004787,1
1069778,0.8734579268552513,1
1078333,0.871800906355339,1
1039125,0.8652211204287638,1
1040902,0.4585689673070903,0
1085930,0.8566681097111001,1
1078408,0.8025439984267028,1
1060427,0.5489996513633913,1
1023124,0.7722732322213018,1
1075697,0.673670685781023,1
1069264,0.8305030614321792,1
1022142,0.8602376473390347,1
1057797,0.8703249366853885,1
1055084,0.8799977715733767,1
1079744,0.8678122190024403,1
1075876,0.8383446914710045,1
1068662,0.8970978955696972,1
1031180,0.828324500321978,1
1026790,0.7919369931205222,1
1029292,0.8605882892282639,1
1079453,0.7940589840219586,1
1034577,0.5788605735099815,1
1079559,0.5672721455438154,1
1036686,0.7147252086740299,1
1017799,0.5735911087698398,1
1058099,0.8447790549302837,1
1099409,0.6137229431269817,1
1028326,0.7469003476716037,1
1019277,0.8237291935674393,1
1097412,0.48974216046996016,0
1066021,0.6212206804929172,1
1090784,0.8182745754623029,1
1070829,0.8814348765444798,1
1021418,0.8997267663104174,1
1014162,0.8190308884745486,1
1006837,0.4991025647060364,0
1082988,0.8724049403110716,1
1074544,0.7719067068518095,1
1043177,0.8083713426358415,1
1045365,0.8345494989603517,1
1017805,0.47726466236731896,0
1021124,0.575781342679868,1
1001204,0.5311426615435223,1
1059603,0.905395899973007,1
1065306,0.8373136596209804,1
1029618,0.8459993821457388,1
1044528,0.8417986898407521,1
1095167,0.8754599255568626,1
1039046,0.8608776363176257,1
1065864,0.8396950905209326,1
1030828,0.8768848086417664,1
1019118,0.8038934574809451,1
1047960,0.5310212882192052,1
1068851,0.7587871898797183,1
1042636,0.6641512000011058,1
1049283,0.33635294655017905,0
1019762,0.8482785884959206,1
1065278,0.8736909194648677,1
1080226,0.8383343826453934,1
1031841,0.7977578865633721,1
1066178,0.82207935252266,1
1057701,0.8527464288255033,1
1016444,0.7763239327023561,1
1073279,0.826976459182213,1
1075584,0.8263882955614837,1
1003415,0.4005653695052868,0
1015983,0.5378202059472363,1
1002238,0.8186376811383431,1
1020791,0.9091702886553802,1
1004449,0.666831620109998,1
1070956,0.8771280946420225,1
1024315,0.5356798778523991,1
1078595,0.8616706700419957,1
1019452,0.8182051615020541,1
1057239,0.784878775079042,1
1027172,0.8555648402486884,1
1018350,0.8861772853403367,1
1009938,0.6554549117671595,1
1018619,0.8168458052355673,1
1066903,0.8631595549541698,1
1048832,0.8066158894116175,1
1077655,0.8705479512510484,1
1008164,0.8640068661202013,1
1076978,0.8296614254121618,1
1016704,0.607511379577942,1
1075941,0.8763900468961243,1
1038770,0.8427457044613758,1
1081306,0.5168843915864743,1
1012463,0.6508469066978553,1
1003519,0.8576899529008504,1
1070375,0.8072054753936134,1
1037959,0.8169840694890352,1
1043893,0.8729697522001351,1
1025796,0.5350090129354614,1
1096901,0.6094011326623129,1
1089948,0.8453378692943573,1
1030521,0.809629328678874,1
1055000,0.8900703496525685,1
1057597,0.5376347151221007,1
1031221,0.8868397051834825,1
1076348,0.7161947337137579,1
1027228,0.838555626636196,1
1037226,0.8288872904321377,1
1064897,0.6685293830634613,1
1096010,0.34755958105053436,0
1069116,0.8687873342580256,1
1000399,0.6531346893585457,1
1087372,0.7248588924679775,1
1080702,0.8607729763279127,1
1058008,0.8512847994393813,1
1041246,0.783887341800803,1
1053876,0.8417757108187833,1
1060464,0.8400012578801974,1
1050866,0.8546290701103035,1
1012348,0.626640557577661,1
1054629,0.7448562691995505,1
1030111,0.8582328370513492,1
1059697,0.4792700897995277,0
1003565,0.5092614767645824,1
1030386,0.5450832749237396,1
1034129,0.8780609431852151,1
1054430,0.48313072831326825,0
1066203,0.9033972437891828,1
1026485,0.824645378860823,1
1011897,0.5239348274336434,1
1014100,0.5157000602792735,1
1062545,0.737639185369015,1
1067264,0.891557217305098,1
1043332,0.713593085127597,1
1075955,0.703605146523084,1
1021411,0.5910562363695945,1
1049094,0.47591401110499765,0
1048146,0.7433216307805549,1
1048895,0.8228579694349101,1
1007837,0.8560431428936307,1
1037317,0.8373834246282916,1
1056327,0.8307416056003218,1
1047383,0.8048532176603901,1
1030621,0.7301695442128667,1
1008900,0.6967891355518686,1
1092196,0.7394761200883102,1
1010593,0.6624207713616885,1
1013445,0.8597849406683424,1
1010610,0.8434802545068898,1
1044230,0.7928557954216391,1
1022098,0.7610002812711155,1
1013760,0.8263666849867319,1
1006832,0.6377146116519179,1
1094641,0.4118613140771885,0
1070284,0.856843956294041,1
1027866,0.8774253955842092,1
1023110,0.7811853940630732,1
1010444,0.5379633025250966,1
1018502,0.7238007471484778,1
1070027,0.827677475930247,1
1099926,0.5963374357510675,1
1059798,0.8165184897634683,1
1044449,0.8522794155983804,1
1016929,0.5539926421425007,1
1062906,0.4940429194685047,0
1035650,0.7703479775009898,1
1078643,0.7105617677294493,1
1086057,0.8262788527091104,1
1043230,0.7112056564816966,1
1093353,0.766623602331554,1
1012839,0.4883606944185334,0
1085530,0.49538077232109223,0
1052546,0.8126691900441643,1
1036270,0.7135974698904624,1
1012483,0.5358578211141469,1
1078752,0.763082507292932,1
1087253,0.8427444430940998,1
1050462,0.7852353314595767,1
1060758,0.7124143338175619,1
1095182,0.8305710212730527,1
1078610,0.7628983712489125,1
1048618,0.7860973767513174,1
1070327,0.8251334782011361,1
1003933,0.4986040136193773,0
1039522,0.8004220149191585,1
1003055,0.6896462374236276,1
1061837,0.7002600486422524,1
1046746,0.8912051068814205,1
1009659,0.8694059352955915,1
1083274,0.8483825706416837,1
1085652,0.8464478231564353,1
1032368,0.824249917596305,1
1070015,0.8138882399561339,1
1025518,0.8991304994496423,1
1039214,0.8135652217527323,1
1078886,0.7797100028515704,1
1060866,0.5041514999968819,1
1097769,0.5550740040651614,1
1094852,0.8484895088679159,1
1082115,0.8620045429860148,1
1055310,0.8618540271026074,1
1067365,0.753870669352701,1
1071629,0.7266836467875137,1
1029507,0.8573486215592846,1
1064473,0.9007159822377283,1
1085015,0.8266274212943048,1
1086798,0.8826801659130213,1
1053626,0.7556878429961424,1
1052280,0.8952652374820952,1
1023690,0.6428958893083961,1
1088410,0.7804440010422117,1
1064025,0.8179110644079552,1
1011962,0.6458371335752185,1
1013703,0.3255322438990576,0
1069363,0.8373321334257234,1
1020803,0.8656272994444512,1
1017439,0.6935992697744856,1
1010218,0.8423651601817438,1
1094865,0.7330061766564916,1
1033644,0.7943823360689295,1
1053615,0.8846287427169727,1
1006103,0.17966800998407886,0
1022724,0.8090121401826631,1
1060610,0.820428791186301,1
1004438,0.8697143680578735,1
1028391,0.806082165369346,1
1041308,0.7225277910025063,1
1048314,0.8534880797329338,1
1034538,0.8362299323307786,1
1012654,0.5551357407892127,1
1047467,0.8208486796949095,1
1077909,0.8439780388713587,1
1066065,0.8616758737421824,1
1013608,0.8602672811264891,1
1090574,0.8839965717877268,1
1011143,0.5275795156702714,1
1016319,0.6142305885383587,1
1029073,0.8316721736625143,1
1014750,0.6026250154025246,1
1073893,0.6991821919778919,1
1068075,0.8999700053214312,1
1028466,0.7829585450752777,1
1025128,0.7985510802584421,1
1016613,0.47977309413095304,0
1063508,0.5483769796453358,1
1048687,0.8748026407742614,1
1019987,0.6386848131946222,1
1059921,0.6903779818015651,1
1082125,0.7749474802721836,1
1021052,0.773458589762934,1
1013081,0.6485414410020325,1
1035877,0.8624958398727336,1
1040588,0.8580693363577707,1
1093176,0.8066714366795507,1
1054788,0.8102146183500881,1
1085867,0.772358706643254,1
1055836,0.8729489411166775,1
1037461,0.8601534437251348,1
1029685,0.8157528548342998,1
1037744,0.4723802583505659,0
1065104,0.8019350204957115,1
1099433,0.7473613446832169,1
1036813,0.6475987447595055,1
1001809,0.7427729950749493,1
1061673,0.8440887233576647,1
1091736,0.8394432335455442,1
1090540,0.7393283358488985,1
1064975,0.9037542053566054,1
1035937,0.8557359479116488,1
1074734,0.8568230384262431,1
1053199,0.7410735393382142,1
1020238,0.7116656810794403,1
1002564,0.8733729621388854,1
1096948,0.8161059510116395,1
1043225,0.7189185420828158,1
1041089,0.6830645979444597,1
1095531,0.8160398381308425,1
1012391,0.8390612091777171,1
1077786,0.88731413725522,1
1001477,0.5716512920597772,1
1016385,0.7697776958482527,1
1085792,0.7516147385623183,1
1067510,0.8042209327677643,1
1002267,0.5429627210963448,1
1065343,0.8791054997093549,1
1024391,0.8637254427407376,1
1032444,0.8405577062241787,1
1077678,0.7916538344044532,1
1036779,0.864026247150261,1
1056550,0.8746850646636303,1
1039442,0.7836619432849418,1
1059830,0.8830591151608435,1
1055246,0.8765570597972325,1
1019256,0.8442766090514198,1
1036351,0.5566656417360297,1
1059251,0.8416559975911815,1
1045347,0.8494703592092274,1
1077515,0.7678651799546615,1
1056969,0.82278239964569,1
1084249,0.8464313974102353,1
1046916,0.7694014157728998,1
1096881,0.8563835534347607,1
1027308,0.837291278763385,1
1002933,0.8319175849554377,1
1099977,0.8629473610300711,1
1011826,0.7142448030853844,1
1016796,0.5895577192775415,1
1057347,0.8005829368583167,1
1092656,0.7388226246972822,1
1083164,0.8699080908737521,1
1021011,0.8717818236846332,1
1003248,0.4089546388963052,0
1007057,0.630188348701312,1
1004387,0.719966092976392,1
1057367,0.7940280518680306,1
1021810,0.8810203844193568,1
1030423,0.7915400542934776,1
1061855,0.6646822225122209,1
1077480,0.8734134119028522,1
1001023,0.5579237034269636,1
1053912,0.652501481343767,1
1017155,0.5163606596041629,1
1039897,0.8314023953816784,1
1030575,0.8322883311961244,1
1039079,0.899432603399651,1
1076936,0.8431507494575822,1
1051885,0.8189211564856863,1
1017280,0.515707103402202,1
1017309,0.8611414737776836,1
1055801,0.5039718814941162,1
1094064,0.7625157390423066,1
1058977,0.8436789857302752,1
1032976,0.8537262635683041,1
1093924,0.7547820622687458,1
1000940,0.625626175930935,1
1029634,0.7662044263823581,1
1003230,0.5495010497663734,1
1067988,0.6734219041445924,1
1098233,0.7025120174536142,1
1071351,0.8840794048091135,1
1007042,0.5149343783370247,1
1008103,0.8196791553618916,1
1064816,0.8773709366277419,1
1076078,0.8096452403491247,1
1044187,0.8487961266994571,1
1072805,0.8766212247701372,1
1084587,0.5840429205263741,1
1034072,0.5594865023519117,1
1093219,0.8662089150955372,1
1013180,0.5403156821980363,1
1073921,0.906343212314611,1
1044127,0.8797607046265757,1
1093421,0.8770017040942236,1
1009930,0.8279074937954287,1
1000336,0.3925130083243349,0
1056595,0.8574316470132712,1
1005316,0.8401388297030251,1
1093285,0.859920651928765,1
1056049,0.7292238188637816,1
1068723,0.8585358814195826,1
1005239,0.7911318805476716,1
1073107,0.7010801347072919,1
1039014,0.8510835880716662,1
1072786,0.7888057606923753,1
1044380,0.80949639624084,1
1064986,0.8427675744545066,1
1057848,0.7270783964522817,1
1013114,0.6620859752194395,1
1076896,0.8167189158745298,1
1099005,0.5745330595883186,1
1084473,0.744218877299782,1
1010008,0.8776305497749195,1
1050358,0.8350529529299698,1
1043388,0.8211493325499052,1
1002473,0.5232935716495847,1
1056119,0.5063290703053389,1
1037483,0.8393817070401971,1
1030064,0.832149938772078,1
1012721,0.6477148766751685,1
1056704,0.6599150245236723,1
1033091,0.8819804388211584,1
1008026,0.8813190172466354,1
1059159,0.8264864361846896,1
1000434,0.6924014574833581,1
1072111,0.8161988458847257,1
1014695,0.8482919899407592,1
1049128,0.8253753807799301,1
1090368,0.8762440936880007,1
1049007,0.8650909970636992,1
1030053,0.8706937749560576,1
1080713,0.8663421203939808,1
1061610,0.8104332787204809,1
1068944,0.5546814332970299,1
1013155,0.5435794775196524,1
1031051,0.8445743509476527,1
1040527,0.4764356687489237,0
1033664,0.7085881368882102,1
1085607,0.4901051802042164,0
1022226,0.7091480609157897,1
1092409,0.33048470957033416,0
1069909,0.8420436501589077,1
1038268,0.5166259718693209,1
1001133,0.6480381174980651,1
1020600,0.828287432626602,1
1097448,0.905686298115691,1
1079523,0.8584967386208477,1
1051154,0.8447510050449688,1
1019374,0.7458442419767681,1
1018932,0.8417465899595953,1
1076173,0.848751567539588,1
1033948,0.7938590940936817,1
1017760,0.6586772150602087,1
1039390,0.8728046126533547,1
1094769,0.8894775543216862,1
1056659,0.8638263798240935,1
1097193,0.8276361730335756,1
1057045,0.8851762256834395,1
1029599,0.8421539497368462,1
1021511,0.3214059186478373,0
1087718,0.8058776159289668,1
1011472,0.8945949800569949,1
1077181,0.8308385324596661,1
1097589,0.8731282810449977,1
1014847,0.7720177885822608,1
1003116,0.8030226088635487,1
1099101,0.6317689535574688,1
1040562,0.781640501185462,1
1076238,0.9005658961538099,1
1006125,0.7135667284803637,1
1098288,0.7246161625784846,1
1004148,0.775430204646911,1
1065500,0.7769807087106027,1
1087879,0.7401713895374861,1
1047390,0.7969887381628568,1
1065667,0.8323663125268268,1
1035447,0.8132564000849347,1
1026085,0.8583212415677829,1
1057338,0.8349931785501146,1
1054851,0.8653546826360846,1
1084039,0.7760726549615188,1
1092173,0.8488567191569105,1
1046675,0.8549689443929391,1
1037725,0.4806499315512731,0
1036358,0.847064060108299,1
1070335,0.8375438691610885,1
1064191,0.690226273401193,1
1069182,0.7635346532152619,1
1090149,0.4015322372990346,0
1003041,0.40449391153626424,0
1097866,0.5529027661509301,1
1028823,0.8714285755013751,1
1002478,0.7841075890017987,1
1023926,0.6967729076336783,1
1068972,0.8509130509580922,1
1032052,0.8452344540692258,1
1045251,0.8375330871832215,1
1046804,0.8111722776420017,1
1071955,0.8749279743394636,1
1079643,0.7640366142608305,1
1011322,0.6174896835101492,1
1042887,0.8114016257379587,1
1048541,0.5860351749901164,1
1040408,0.718959566845751,1
1079696,0.8655538418529561,1
1017756,0.6898488673693565,1
1005425,0.8821899946482422,1
1081443,0.8215569631218559,1
1015266,0.8539596917329643,1
1010612,0.8299144839304521,1
1050689,0.8093948562498169,1
1064040,0.8552546271997679,1
1020079,0.7700392642543777,1
1078160,0.47233468863159006,0
1078457,0.5173601402550887,1
1024904,0.7399613708555213,1
1030456,0.5174109165144609,1
1063518,0.8133457028900082,1
1056047,0.9050406423989821,1
1063972,0.881169719379375,1
1086336,0.5515438385522298,1
1070068,0.8888382100242268,1
1033287,0.7287980387114599,1
1091439,0.7905912478656217,1
1007001,0.6198263403987083,1
1061125,0.8181154322489653,1
1041011,0.8738955447693598,1
1001749,0.6204640136150648,1
1094560,0.775608253296994,1
1090467,0.8636855948407679,1
1047011,0.8402614677192634,1
1016099,0.7133388070589917,1
1087595,0.8221595873821608,1
1013119,0.6457975466900614,1
1040978,0.9022543210179256,1
1034007,0.521988025238036,1
1097431,0.8437785831955662,1
1010723,0.42613041246613176,0
1086968,0.8845340829508174,1
1094133,0.36124486003093104,0
1088999,0.6708711794671979,1
1029289,0.8849648049831728,1
1000637,0.728166827552769,1
1035373,0.5082104229409568,1
1053221,0.8426282656686841,1
1001461,0.8430549552916581,1
1020669,0.6575580105092468,1
1004559,0.533803286376348,1
1040405,0.7788998302448976,1
1065408,0.897995551015731,1
1095618,0.68001139323957,1
1051372,0.891340052860939,1
1061168,0.8795004344998603,1
1043075,0.856119964456029,1
1073795,0.7726728481483085,1
1032191,0.8350458253053098,1
1016461,0.704748081928212,1
1095686,0.8235146539790842,1
1057603,0.745146450136784,1
1091157,0.8618818752842992,1
1079258,0.8175358784226271,1
1096383,0.6443787162218678,1
1035793,0.8846522496087719,1
1037618,0.883407787556805,1
1035900,0.8202196248320819,1
1073403,0.8784788810687482,1
1027833,0.850297462601849,1
1025213,0.8455792694315951,1
1016808,0.6893688393274765,1
1011905,0.4334681094907808,0
1094014,0.8115277836495919,1
1032785,0.8289549881987114,1
1000444,0.6710739259759358,1
1067527,0.8297643286249118,1
1023201,0.6748213545443642,1
1033166,0.8797811328825007,1
1006132,0.6306453789695553,1
1080583,0.6319194585490526,1
1013029,0.8633598369628075,1
1066195,0.36786208695764605,0
1075884,0.7875180976252059,1
1005245,0.8016094441956703,1
1082236,0.733716505451433,1
1058880,0.6184231625600518,1
1033284,0.47135896202934163,0
1022940,0.6457501269931627,1
1045939,0.8160303717342221,1
1029704,0.8684398710084522,1
1072619,0.7430470505699418,1
1020862,0.8666629977174061,1
1038854,0.8646306507153237,1
1088906,0.5935495314986927,1
1099512,0.7230935065436601,1
1088034,0.8372314211931607,1
1073961,0.6045196409305652,1
1026499,0.8405665894533443,1
1031610,0.8961761422629735,1
1045662,0.6951666214444768,1
1025372,0.754937409351139,1
1079903,0.7794694261225192,1
1039054,0.5858500925905807,1
1018009,0.7867273238604118,1
1035565,0.8576486938955457,1
1035809,0.8811239651723474,1
1093881,0.6543077593759433,1
1081198,0.5518677799691505,1
1090602,0.876055298332458,1
1088784,0.8614488725346319,1
1087700,0.8399638003950867,1
1043488,0.8359877814027359,1
1050964,0.6922653202598068,1
1001983,0.6082816875513584,1
1019095,0.8754326122690201,1
1061082,0.8589435219184816,1
1047823,0.599515256232889,1
1087415,0.8630381551245309,1
1036324,0.7251212644731921,1
1083656,0.44400859511971347,0
1055285,0.8278326288937261,1
1097626,0.8403519162494387,1
1069202,0.8662561462684105,1
1010002,0.8215155720827142,1
1021241,0.6389388197647989,1
1033247,0.8449261663144435,1
1015153,0.5935516646500512,1
1080032,0.8377184652561193,1
1061823,0.8971877955504748,1
1018535,0.31112071782937206,0
1056563,0.7842031661176477,1
1036769,0.706772932319431,1
1060408,0.8572998141983034,1
1007959,0.5193843961297876,1
1004077,0.4522986421598372,0
1022749,0.5525183153119386,1
1096703,0.6901934300733116,1
1016055,0.5748847759519728,1
1024344,0.8055498968343953,1
1068033,0.823248615189493,1
1026629,0.8695361129277293,1
1040951,0.8972356141632322,1
1009298,0.8059667764546063,1
1006073,0.8769777179516645,1
1051825,0.7896967537303795,1
1014948,0.7312624825276866,1
1092454,0.8299866624749577,1
1064550,0.694674321906769,1
1029698,0.877394593663872,1
1086878,0.8813006348086104,1
1037787,0.5370090347610595,1
1040443,0.8573770893164648,1
1084439,0.8353614512935397,1
1026732,0.8527171036548535,1
1079233,0.8572568526017313,1
1013381,0.776123703124551,1
1020870,0.8897713585029504,1
1039334,0.42369559177014415,0
1022602,0.8161759870117828,1
1017822,0.6824310168040559,1
1001389,0.6206303891488089,1
1060600,0.8625401795643779,1
1094406,0.6383166413098561,1
1006425,0.6699006517893386,1
1014168,0.6164194050020145,1
1000363,0.5990807121699037,1
1004991,0.4687943813922733,0
1060966,0.7678082046583421,1
1056646,0.7775903431959589,1
1027556,0.8673278282648733,1
1038970,0.8820485167611858,1
1038153,0.677384316539239,1
1089636,0.6133256007846244,1
1083628,0.8715298326551475,1
1092893,0.8415239895770628,1
1043073,0.839713832504956,1
1007503,0.8228777331478051,1
1026624,0.8841009390246373,1
1064609,0.6832205533877239,1
1000772,0.49989812335051087,0
1009026,0.4842174042525159,0
1002247,0.8132153957803976,1
1082998,0.7295874507515283,1
1078873,0.9000158328020343,1
1082872,0.8520399812810556,1
1084976,0.6277527253857254,1
1047609,0.8527698200371367,1
1068991,0.719936548229678,1
1025009,0.8841064866507166,1
1005418,0.8445073088511336,1
1020312,0.8543549715767873,1
1000931,0.8318506548792293,1
1070269,0.5060459946239109,1
1086897,0.7839511463480248,1
1077084,0.8367250041580944,1
1071851,0.8654225156804181,1
1058435,0.9006702717578636,1
1049335,0.6740832576482745,1
1078551,0.6678388497371143,1
1041504,0.8325690347059131,1
1058313,0.8401632304415684,1
1017848,0.8687468444573287,1
1005806,0.4288803266424845,0
1026274,0.822627681048353,1
1081928,0.733272030137654,1
1020824,0.683818259638719,1
1097303,0.3347274029584479,0
1022542,0.5320984112672796,1
1023807,0.8801304228894823,1
1077237,0.6805567841257516,1
1025479,0.6119278333530697,1
1034217,0.8247022439135346,1
1051388,0.7827855081004871,1
1070767,0.890812250689129,1
1069406,0.7878610931424627,1
1082449,0.8196587095726364,1
1049157,0.8961474267140223,1
1072287,0.8537880828965106,1
1031482,0.7747773502009779,1
1036913,0.7606444294316431,1
1090326,0.7784368510107219,1
1096221,0.6652844831962548,1
1053245,0.8086610934836455,1
1056406,0.8415230635355689,1
1055922,0.6549167084029174,1
1012218,0.854363504273966,1
1089057,0.8709020838883296,1
1076580,0.868927703936957,1
1014339,0.6155089913933516,1
1059479,0.8498970112207151,1
1091674,0.7246351407759343,1
1033907,0.7519885199243025,1
1072398,0.7560198871651874,1
1096804,0.8673244328710948,1
1044983,0.8012819369963735,1
1027450,0.5444535056354791,1
1062015,0.7703877223812011,1
1040848,0.49002926441551703,0
1049943,0.6473765788804468,1
1096425,0.8957538584031818,1
1052382,0.842463826578143,1
1003639,0.6487542051398971,1
1071711,0.8706641994174031,1
1096326,0.7509918806469862,1
1085378,0.8126982828583417,1
1082528,0.7378013690448889,1
1001131,0.599606615879552,1
1067471,0.8083910672832917,1
1085751,0.8508624331390822,1
1027934,0.854100474861851,1
1012321,0.4476117773225903,0
1059210,0.8249257360597941,1
1073966,0.8140557761070233,1
1076967,0.800705233331402,1
1026577,0.8429601224478311,1
1021437,0.8006461015362369,1
1011519,0.4889962961971127,0
1069045,0.5822797652270416,1
1051878,0.8703762719361342,1
1037238,0.6352244994636361,1
1069389,0.7441147069981974,1
1073083,0.8874829432224501,1
1089943,0.8105034625505945,1
1021855,0.4854269497336692,0
1071756,0.8449168580508767,1
1090145,0.8955281656119162,1
1073273,0.7548503502757922,1
1022171,0.7287110683187823,1
1098438,0.8744722170168259,1
1074400,0.5925810947792964,1
1088475,0.8765286700438953,1
1011301,0.6666922065561138,1
1006610,0.540879643787428,1
1005050,0.607557224461824,1
1034699,0.827467774809944,1
1074693,0.7669944062664135,1
1093573,0.8172185290715682,1
1007203,0.4804075553949685,0
1096731,0.7651576123800478,1
1076554,0.7845764134575646,1
1053127,0.645099855018796,1
1066462,0.7212467305249133,1
1069789,0.8317398400166064,1
1007218,0.844976482958592,1
1008928,0.43765826341905506,0
1056073,0.8555314841715698,1
1036454,0.7770810824829057,1
1079732,0.824301954552799,1
1009572,0.7060797969095018,1
1092347,0.777846120070456,1
1096526,0.7056852367264302,1
1061362,0.7353656310844421,1
1028678,0.7613638715968621,1
1077614,0.7409417930847807,1
1008590,0.5564995785587805,1
1028914,0.8344255644911852,1
1030548,0.8201282416133051,1
1000112,0.7127447173543365,1
1010075,0.8318728333907234,1
1096648,0.8720960809121776,1
1056079,0.8338718135162916,1
1064659,0.7803283736891113,1
1091987,0.6740442250334773,1
1088024,0.8934186960015268,1
1088768,0.6762399694227792,1
1061339,0.8775984442536571,1
1031910,0.8690015405163393,1
1024424,0.8674097309976788,1
1002914,0.517266773842155,1
1078899,0.8413450751294723,1
1095412,0.7790291459996579,1
1037888,0.7671242019300496,1
1044030,0.7904797754308551,1
1051484,0.6643642774061241,1
1049967,0.8607533074560727,1
1059404,0.8722244371803705,1
1028031,0.44113610134238734,0
1087967,0.8175489479544018,1
1038946,0.8888951463676233,1
1032783,0.42617564153667925,0
1067521,0.7097668104130112,1
1023644,0.8363146835192927,1
1030385,0.8357865181949417,1
1070642,0.8789940955929382,1
1034004,0.8796164566511601,1
1013182,0.6549813906875959,1
1064004,0.8498854505406772,1
1048157,0.8208018769333245,1
1000546,0.8307003059002314,1
1020229,0.8121607767441801,1
1009112,0.6113344025246881,1
1085702,0.5273442142778819,1
1029373,0.8605972986731849,1
1021005,0.8020116756595093,1
1070357,0.8894461231521843,1
1061003,0.8892272951355221,1
1093021,0.7063428818818221,1
1096560,0.7858235323492917,1
1078864,0.8194067097542267,1
1084544,0.7693720228898508,1
1092175,0.8500820372455911,1
1027894,0.8416818155473137,1
1042580,0.8129712832634506,1
1062060,0.8015436753085767,1
1004001,0.6337180827518691,1
1093068,0.8674233367742537,1
1001999,0.8764462269727474,1
1030675,0.8714494694912243,1
1034285,0.4347967432850228,0
1023359,0.7718389591290634,1
1054286,0.7711209354985055,1
1086289,0.6539584288885459,1
1013411,0.6750161768259608,1
1030034,0.8763719472073269,1
1061799,0.8283658433281562,1
1014606,0.4185805361990846,0
1061379,0.8382664981125049,1
1023396,0.813424120279883,1
1083979,0.8767914654591282,1
1082520,0.6812801007219762,1
1090346,0.5807437357625898,1
1084505,0.8398464565104281,1
1076980,0.8790836163022393,1
1007491,0.6062029601299914,1
1030771,0.7910675187265755,1
1089352,0.7858958502709564,1
1063641,0.8903631421152188,1
1039906,0.7093650495596623,1
1037746,0.7390692504393502,1
1094907,0.8667560050107661,1
1095576,0.48371001512720774,0
1085940,0.8521901142871449,1
1044874,0.8555261604542038,1
1082945,0.873783646368081,1
1053312,0.5041905804011494,1
1065628,0.8575528863493949,1
1092466,0.8715465558504025,1
1042027,0.8355105398047481,1
1052924,0.8507770426917681,1
1074671,0.8056284017436479,1
1019994,0.8472660457067633,1
1024564,0.6759379159444457,1
1044170,0.821090208165314,1
1019793,0.5326271639053833,1
1076953,0.6272597214512043,1
1056779,0.7835196183666935,1
1041779,0.7893574110135277,1
1046521,0.7835705375610194,1
1040068,0.875832614293071,1
1059676,0.6866572693069526,1
1070126,0.8613135998632836,1
1065570,0.8567751776594638,1
1092284,0.6858249979214566,1
1060815,0.8660350039161032,1
1002441,0.6137544359527227,1
1041296,0.751671339331027,1
1089532,0.851639129991932,1
1017129,0.5405920798860997,1
1091313,0.8545999313016026,1
1069074,0.832371570157038,1
1071905,0.8698732954255314,1
1020085,0.7749121427624065,1
1088447,0.7907236002063921,1
1094509,0.822033356945371,1
1019524,0.8871863295335316,1
1049779,0.7545719028236904,1
1031122,0.49234206969798294,0
1062650,0.8631743927514267,1
1092342,0.8681168533721771,1
1055723,0.3527816038245056,0
1083779,0.8564849056531355,1
1053558,0.787385781477892,1
1012385,0.8107774025311135,1
1088883,0.6612192776125719,1
1046855,0.8973382439763606,1
1051262,0.835534922226194,1
1026772,0.8757122612199701,1
1069873,0.8177614300529047,1
1069627,0.8149151491369135,1
1097854,0.5294277496253965,1
1086111,0.6927598207387491,1
1042821,0.9019810772598807,1
1031876,0.776624375698188,1
1055616,0.7448956716335325,1
1050153,0.7804694202251204,1
1028393,0.8965611467422138,1
1087778,0.6363249036699211,1
1000268,0.5662342909644803,1
1071890,0.810973797749789,1
1024828,0.49816979466194844,0
1038808,0.6678300584020712,1
1091353,0.8898000937505056,1
1020912,0.7490926142873785,1
1037600,0.7903641882839142,1
1092014,0.792768177690018,1
1076966,0.8927420471084517,1
1024292,0.6419977332305077,1
1024837,0.8360262159877107,1
1055750,0.7798997940568961,1
1015020,0.5059785981418247,1
1015348,0.5861202668247684,1
1042200,0.8581241605157706,1
1026755,0.6973527818322719,1
1024532,0.5121513755997639,1
1015008,0.6776125523828809,1
1000563,0.8589912829684729,1
1032767,0.7850960719251727,1
1039668,0.8293126890342738,1
1070955,0.8565109996825628,1
1096006,0.8526878486042294,1
1086040,0.8490494276506919,1
1063774,0.8708275126862782,1
1074141,0.8322151347286445,1
1058074,0.8603526508512281,1
1082240,0.7807580244213856,1
1039175,0.6951198069025005,1
1040783,0.5663514318054239,1
1040911,0.8208933190170142,1
1085553,0.8217156352549542,1
1068215,0.8953790282816785,1
1019064,0.7933435039869743,1
1024797,0.5943172464468456,1
1061992,0.6590067895241891,1
1045074,0.5221384517074155,1
1088457,0.8107809081228166,1
1049698,0.7938246173085934,1
1041060,0.5981600613247219,1
1085612,0.8828277244005894,1
1006028,0.765721005346645,1
1044883,0.750390846052222,1
1074215,0.7653945080993968,1
1066226,0.8548103924878473,1
1085686,0.524402007369762,1
1039516,0.8308174889131804,1
1059702,0.8345406726221588,1
1065624,0.8285673003922854,1
1049435,0.834737933051692,1
1016299,0.6492912650186554,1
1087510,0.8058498017229027,1
1065934,0.7328443743577037,1
1093452,0.7637209014723505,1
1000100,0.5416915550201507,1
1018133,0.6071136321689309,1
1055217,0.8697367707525357,1
1081769,0.7896226834108118,1
1008721,0.6314711668777828,1
1069300,0.757127680272699,1
1020038,0.36232654945015486,0
1007194,0.8847673069508534,1
1065018,0.6330517614597958,1
1093804,0.7184571996038795,1
1013751,0.36007709055562226,0
1083030,0.7213431947695347,1
1052600,0.8581293617423573,1
1065557,0.896610515419705,1
1093642,0.8489311945709673,1
1056641,0.6747889148386319,1
1055499,0.6990226493181613,1
1089258,0.8684697825273346,1
1097743,0.8179826569709414,1
1062221,0.7004109612840508,1
1059994,0.818690523069217,1
1045312,0.8818219258131568,1
1015911,0.8499882599124139,1
1025407,0.3767987950914843,0
1025240,0.7946686051155567,1
1067280,0.8608551342951694,1
1038429,0.8109217127111781,1
1064925,0.836818256460443,1
1004197,0.8729545941838355,1
1063906,0.6860254190769376,1
1023208,0.8526079134997647,1
1089767,0.8549604461577511,1
1013882,0.8704347844439222,1
1086836,0.8744764632350864,1
1042304,0.3819196707742225,0
1015589,0.590667790175372,1
1020311,0.8469096257589894,1
1016225,0.7484465156786518,1
1047793,0.44983913362980205,0
1021594,0.8289199255454139,1
1062646,0.8694286570579544,1
1081810,0.8240888247981805,1
1082245,0.8584014886488829,1
1010508,0.8848595315448317,1
1032723,0.8678900709452095,1
1096085,0.8572910467910339,1
1055734,0.879677454757027,1
1082178,0.8421073487479284,1
1067346,0.7831070252339344,1
1040998,0.8146206874559636,1
1090928,0.6620510005385695,1
1026922,0.7995596691885523,1
1019545,0.8061296666233503,1
1061204,0.8907282139528141,1
1050450,0.7964080344128751,1
1067755,0.8188212190307605,1
1006256,0.3693858754517398,0
1089365,0.8433605144517583,1
1029797,0.7621389104404673,1
1057272,0.8149783093138906,1
1086107,0.3921223202418764,0
1049025,0.8351718977626028,1
1006857,0.8988225896828891,1
1078318,0.8513975386106022,1
1064154,0.8489944344826432,1
1009127,0.5776764156730806,1
1098423,0.6415155562849856,1
1077533,0.8436010184119318,1
1086213,0.8181389914604082,1
1089520,0.6347061193053927,1
1021477,0.8550315437359198,1
1095733,0.8145859277416513,1
1081347,0.8116809395472282,1
1048085,0.46618264196311615,0
1097659,0.5699121987770766,1
1022484,0.8395868785852865,1
1045322,0.7938930688917921,1
1009520,0.8589346612236719,1
1094762,0.6639467488011004,1
1004044,0.6770691237883076,1
1084754,0.7166687543320618,1
1004864,0.5511450806306507,1
1024005,0.7468591383001462,1
1007385,0.7213359427531363,1
1092694,0.856644838465923,1
1014554,0.5412624431868632,1
1003589,0.5704847790311829,1
1055441,0.3880212748369969,0
1060261,0.8538002561815271,1
1049317,0.8390540957366053,1
1052694,0.6740336055526828,1
1047650,0.8243172648068949,1
1057301,0.5605483749174714,1
1028924,0.8555789523974574,1
1017311,0.5631791870505645,1
1058836,0.8261534925615001,1
1061699,0.8499789343274865,1
1023839,0.7408348514927078,1
1015486,0.5387342579135981,1
1071469,0.8896408085849787,1
1051864,0.8583650006894156,1
1047956,0.8476349032083161,1
1021700,0.7342966580522801,1
1040478,0.9043410541103775,1
1083317,0.6664343853392581,1
1058786,0.7300592740097844,1
1079055,0.819535071777629,1
1069245,0.8129093176518886,1
1021972,0.8853604359487354,1
1069376,0.8248564431149211,1
1030902,0.855949112470509,1
1098765,0.586992582093562,1
1060095,0.8039338703562149,1
1057746,0.8411399120360398,1
1003412,0.38471641757251956,0
1021165,0.8808401745011349,1
1039909,0.6772010416972287,1
1025207,0.8398325525055645,1
1036121,0.7528616770922582,1
1054712,0.7327390536345681,1
1083400,0.8601376311197307,1
1032122,0.5347131317016608,1
1018818,0.8862005832147198,1
1019521,0.8752230934517543,1
1020325,0.6213297369263889,1
1072686,0.7099807998054782,1
1032495,0.8884254077345582,1
1007660,0.42742017670888705,0
1091669,0.42568556401916435,0
1086030,0.7715972403096228,1
1071323,0.886671467738053,1
1080434,0.7728162725577068,1
1082990,0.5301591876066593,1
1035420,0.8610328345410527,1
1093146,0.5326634940251158,1
1098700,0.7531829126045831,1
1009557,0.5389096019212983,1
1055746,0.8779800882307294,1
1024192,0.839857488715749,1
1087155,0.7448194646735741,1
1070272,0.758648521114155,1
1046315,0.7878666038533026,1
1071425,0.8300435557348248,1
1063286,0.44602454327521623,0
1079867,0.8373230048480146,1
1031189,0.8176436154746904,1
1074789,0.8769177509679826,1
1018000,0.5559776665633681,1
1032602,0.8754387197565888,1
1023164,0.802770997778014,1
1069783,0.5758240404680346,1
1052145,0.47938873229671325,0
1061500,0.5484630257402487,1
1071329,0.7842094281144538,1
1004643,0.8171112232822948,1
1074559,0.6639279910769684,1
1066494,0.5206241292278682,1
1041792,0.7621607525692922,1
1088413,0.8110135559486966,1
1027032,0.850985718556888,1
1021324,0.8137692187192422,1
1069194,0.9047462124769916,1
1010095,0.8048272283016629,1
1086660,0.8684440199068404,1
1027191,0.8058746627362467,1
1090473,0.8072428665920512,1
1088273,0.8525098587478721,1
1034188,0.8325877075720922,1
1067567,0.8104583330430674,1
1022170,0.6677748323598318,1
1022419,0.8305422498812598,1
1045118,0.5644083973517695,1
1079736,0.7887204845572978,1
1084011,0.7014231612669617,1
1039611,0.702948587385231,1
1095571,0.7388095082071181,1
1018745,0.8554524010823866,1
1026259,0.7594620812404109,1
1014312,0.4480456929211719,0
1057678,0.6323572051664282,1
1025069,0.8218380134402411,1
1078485,0.8738499138583532,1
1064110,0.43803758077868726,0
1090633,0.5654318342940019,1
1050788,0.8662806079979083,1
1060017,0.563846877518598,1
1031347,0.8311271758941401,1
1049772,0.824883318078457,1
1073317,0.46425790055945393,0
1083546,0.8691734682401455,1
1017816,0.8800848918078783,1
1026989,0.495456129670277,0
1039576,0.8034226516133743,1
1054097,0.881798381130982,1
1098166,0.875662130371845,1
1040333,0.8307295912228994,1
1077297,0.8709964268880055,1
1039096,0.3560451100432298,0
1004020,0.9005703977864778,1
1080722,0.7892453121759158,1
1081777,0.8404187006406254,1
1069723,0.8729052123375645,1
1092856,0.7924701477974242,1
1023915,0.7649307682020309,1
1022000,0.7843277556639241,1
1037450,0.8392007452937553,1
1054656,0.7428526683762313,1
1047379,0.8754535181425515,1
1034734,0.6785465657103487,1
1041283,0.8109706074416698,1
1083441,0.7985522691158092,1
1074921,0.8396042319281138,1
1094507,0.8620107384378015,1
1051780,0.8331777195999256,1
1073494,0.8068600380441281,1
1024634,0.8804613625098612,1
1099334,0.5722950048443427,1
1077734,0.7669159286881702,1
1089706,0.8327606035586045,1
1042268,0.7765541171577912,1
1002555,0.8499546089157938,1
1096416,0.8574174799137795,1
1031034,0.8314343229478119,1
1094115,0.8612987575045302,1
1078345,0.7959842841953085,1
1098121,0.6416278973385094,1
1010627,0.8549624625375427,1
1075726,0.8157358076747552,1
1096342,0.508702667908581,1
1021736,0.41320311160219464,0
1042230,0.8569959513141227,1
1018507,0.841534488568743,1
1061557,0.6459682463131206,1
1036872,0.880552444766939,1
1075055,0.6628391156879087,1
1011616,0.8334900131334477,1
1060563,0.8795158351389122,1
1053100,0.4656330198748749,0
1059650,0.6817532460159303,1
1030751,0.8772891712531133,1
1079824,0.872447252446915,1
1032868,0.806339630119561,1
1010846,0.5165966328706679,1
1087222,0.854240825516656,1
1033976,0.8239663982167706,1
1061830,0.8670589494640943,1
1095165,0.826276520366589,1
1047557,0.6813270708160831,1
1025337,0.7488160846049183,1
1065613,0.6645821999947178,1
1083650,0.8546565318119019,1
1002893,0.3580103958781421,0
1068211,0.7534275253674805,1
1070111,0.9061328587162115,1
1091118,0.8530859938338509,1
1066620,0.8227378737347775,1
1083007,0.8174517396307948,1
1048008,0.8269369679007978,1
1032598,0.8633074514333602,1
1000574,0.2840667701375422,0
1098918,0.6338945476387912,1
1045844,0.8169847168415111,1
1072484,0.6452496127637141,1
1046908,0.6123904451272696,1
1023340,0.5392757550489413,1
1016920,0.5142501546626636,1
1062522,0.7489901787945499,1
1084988,0.37682111808738505,0
1027136,0.6885659385588463,1
1034917,0.833230521065105,1
1002577,0.5464796881104933,1
1050091,0.779499996713672,1
1092824,0.8974178286479325,1
1039120,0.840077116126613,1
1093526,0.8220354622472001,1
1028088,0.817125418862662,1
1080985,0.8539783035165409,1
1029860,0.8750855814090023,1
1089114,0.778643003781353,1
1042769,0.88772761271558,1
1071201,0.8197456968283262,1
1041186,0.7418509539974661,1
1031952,0.8453793896997861,1
1085724,0.8641964248742288,1
1056955,0.650006510886706,1
1014791,0.8586109713683329,1
1007951,0.8478714878588525,1
1088836,0.7886513386606268,1
1091786,0.8355150483730406,1
1018387,0.836999956181447,1
1046507,0.5994656734671713,1
1034796,0.7929028651764356,1
1048662,0.7999886910537319,1
1071663,0.5618788808545944,1
1059001,0.8574644991515636,1
1075092,0.87276512082916,1
1043114,0.8289606594262323,1
1074472,0.8425376395175145,1
1014276,0.563411814930125,1
1076423,0.8597681111846864,1
1085395,0.6370559727924715,1
1052069,0.8033522821745354,1
1085294,0.7663962478845994,1
1076563,0.8379124628483667,1
1065904,0.8590867759839581,1
1045405,0.8474869306885688,1
1025016,0.8381618267427655,1
1029703,0.8416745734387049,1
1005535,0.5008898176396095,1
1055638,0.4875928932055912,0
1098447,0.8616192112046287,1
1049408,0.7136373053203615,1
1031177,0.8276479115502196,1
1020525,0.859842193418944,1
1020887,0.8446578923590998,1
1057094,0.7701807444556102,1
1000454,0.5294049265708238,1
1043000,0.6999814964649873,1
1010193,0.39283415365991153,0
1050227,0.8574842038613893,1
1021199,0.8444555183122994,1
1039673,0.2896619340179088,0
1084752,0.8250617968895182,1
1098519,0.8686092399257779,1
1094958,0.6836623576008861,1
1089213,0.702733632093726,1
1003342,0.6259391800515093,1
1081491,0.8325691911357631,1
1037465,0.8514648198890797,1
1085719,0.844310441272567,1
1055884,0.8275615795519831,1
1019195,0.8147340243798435,1
1016332,0.5580306048046766,1
1005039,0.9006039244404053,1
1002565,0.8541738405146654,1
1001737,0.7657050909886759,1
1099693,0.8377589838394937,1
1077201,0.8513414707968865,1
1030791,0.878573365543875,1
1067241,0.8207171795446145,1
1095502,0.8936057941760434,1
1031256,0.8780543188341056,1
1046240,0.7826442324511188,1
1018521,0.55922743972431,1
1065868,0.862095780462863,1
1026098,0.7249170450530342,1
1055168,0.9078583694179561,1
1032966,0.42715734504072467,0
1007789,0.5100413241571506,1
1007324,0.586905060683296,1
1020295,0.4299783590690745,0
1044219,0.8893081815664219,1
1077894,0.8666689649520807,1
1054459,0.6874683424082785,1
1073326,0.8954011139808563,1
1001083,0.59327088114969,1
1004220,0.6996110492551965,1
1006695,0.40898628042977675,0
1005216,0.6859589379703994,1
1001042,0.6110114789267024,1
1030457,0.8407176119598424,1
1002668,0.31002120738652,0
1019304,0.742327227574393,1
1058192,0.8830475000655251,1
1050542,0.6355883172647028,1
1078269,0.8534682176374776,1
1095147,0.6247996497181476,1
1020716,0.6840213339346158,1
1015524,0.7827019205495734,1
1098219,0.7106315715570163,1
1023074,0.612806743269026,1
1044945,0.7596656177495371,1
1054183,0.7638514053347774,1
1003261,0.5966347472897299,1
1064048,0.558816379988867,1
1058258,0.8556194273740507,1
1018401,0.6109033378182059,1
1005620,0.882179654324878,1
1091329,0.8283022688479951,1
1057958,0.8523775003244544,1
1073278,0.8118600768444698,1
1029306,0.8140965736827394,1
1088164,0.8608818384442619,1
1083407,0.7096095730228119,1
1030246,0.872512852226554,1
1015863,0.8824111965023874,1
1047962,0.8248778521565245,1
1070341,0.4629037200865745,0
1032848,0.8249483936056243,1
1029217,0.6737231719168895,1
1012133,0.4017107195991498,0
1023739,0.8215052802316877,1
1058755,0.8728844632343314,1
1022505,0.5879104814642847,1
1003403,0.6095970054600671,1
1098318,0.6405706285057549,1
1023166,0.8440914009763684,1
1059918,0.906772229268229,1
1089370,0.5686495572275749,1
1047878,0.8610780646860957,1
1009074,0.8435527456777081,1
1039562,0.8360008954924082,1
1094131,0.7652364244248745,1
1033302,0.7975441762365767,1
1040226,0.8618788718545621,1
1082129,0.7095207057229029,1
1056337,0.5434608069836641,1
1045338,0.5994845705200404,1
1098106,0.9036634581418737,1
1067987,0.8551181636072577,1
1008067,0.772332881148872,1
1024975,0.4044583219636596,0
1048993,0.7804362903341792,1
1030899,0.7674365859103657,1
1087766,0.8380260414931896,1
1072993,0.8455828091816817,1
1023246,0.4729295391216557,0
1090224,0.7105019957754599,1
1071034,0.568166465565958,1
1010057,0.5670999613619395,1
1049498,0.8718497507637651,1
1016248,0.8103005293798158,1
1078850,0.7199825723183415,1
1007905,0.5812871561027254,1
1055421,0.8489789976989252,1
1056016,0.6825036239069239,1
1050325,0.8174925304269028,1
1082170,0.8030141362075587,1
1089224,0.839683245521467,1
1038709,0.7677413181765167,1
1012323,0.6467546423330514,1
1038297,0.8382000529408892,1
1039042,0.5729605975918405,1
1031984,0.7996138915407189,1
1063687,0.734369115178974,1
1079481,0.8889631244356302,1
1047990,0.8873600278182051,1
1008736,0.35983689833237287,0
1092497,0.819116833194692,1
1096573,0.8549516959502989,1
1093477,0.7577124108969218,1
1024097,0.5210244055733827,1
1089963,0.7947458965912415,1
1065045,0.7357030830123699,1
1054096,0.8603354073885461,1
1033411,0.8441261832877315,1
1056587,0.8556499526013209,1
1077154,0.816081226665407,1
1063500,0.8801294918764566,1
1060293,0.8140039676740234,1
1057771,0.7420812805072122,1
1022318,0.6386521329051545,1
1052655,0.8242403013464109,1
1088270,0.5960010884952597,1
1082340,0.640124394568601,1
1069304,0.8147413070338452,1
1021630,0.5469311457702921,1
1091648,0.5920235588436527,1
1077960,0.8339472955357614,1
1017659,0.5181527510853012,1
1009634,0.6465844161000693,1
1090213,0.7028279675452963,1
1075388,0.8269960645949285,1
1007821,0.5557721842047213,1
1013766,0.5752583208489266,1
1061569,0.6520724526758788,1
1096309,0.5367529196750971,1
1066209,0.6365684497448518,1
1042034,0.8872878661028097,1
1088552,0.5393645918578541,1
1042238,0.742950488788716,1
1011107,0.8109663819521908,1
1095977,0.809820584170684,1
1040635,0.7748772819427348,1
1039103,0.824450673723382,1
1047138,0.6869128048135796,1
1096343,0.5491588019442167,1
1005967,0.8580551142875417,1
1080316,0.8111360595153262,1
1017173,0.8229244565213719,1
1071842,0.6246166376346584,1
1024843,0.8130348980869996,1
1021034,0.8421444283289642,1
1075625,0.36831133094818325,0
1031332,0.8008992914205685,1
1066567,0.78082212999847,1
1022718,0.8343988531840008,1
1054380,0.526768582332919,1
1089405,0.7730943091236593,1
1030599,0.8338836136936839,1
1022311,0.6902044921435238,1
1015682,0.6292847496547628,1
1082532,0.8748168314623805,1
1009207,0.5111741058805019,1
1047758,0.5652585615260505,1
1094537,0.8560272231179913,1
1076269,0.40996763901422395,0
1059600,0.7995328652645436,1
1031466,0.827446186863059,1
1062821,0.8456328655548417,1
1001604,0.8425618732948603,1
1018881,0.8959908590099582,1
1084943,0.8687974783724978,1
1000687,0.6947714293531196,1
1071030,0.8423085891788344,1
1006475,0.7352409878672133,1
1055416,0.8752510312836486,1
1059259,0.8606389366975722,1
1072875,0.8458008667360561,1
1005120,0.6419268043622082,1
1065132,0.6866786642525535,1
1055290,0.862319598738638,1
1089887,0.8629707698028406,1
1050558,0.5456957325207779,1
1072492,0.7936131272549121,1
1085442,0.5358224080670675,1
1042347,0.8414077015856537,1
1043437,0.8302370388081749,1
1067080,0.8377805014091338,1
1001226,0.6653623241067449,1
1051288,0.8305086738393145,1
1046294,0.6464681753387372,1
1020823,0.4843018816391251,0
1052005,0.8310517834987613,1
1014801,0.5577359359100856,1
1072728,0.8044520247832176,1
1047450,0.8598111910997805,1
1002775,0.6392438450469297,1
1062798,0.8359772489249491,1
1005293,0.6589498867708684,1
1028652,0.8458641761209095,1
1074893,0.43381020688228444,0
1035784,0.8116288814424765,1
1096109,0.4347487072955691,0
1065985,0.8058292449934454,1
1094160,0.8926096549437963,1
1045626,0.8566134262703549,1
1058496,0.8700685314597465,1
1011963,0.806138688036622,1
1012738,0.5480584702365141,1
1090370,0.8471787426898826,1
1067823,0.8788573658982276,1
1053002,0.6714902010619256,1
1026214,0.7542378374924388,1
1012640,0.57261433538615,1
1048859,0.7038069222453716,1
1012386,0.42468824820850526,0
1040993,0.5299789437340268,1
1058739,0.8789251406079431,1
1066545,0.9003555135862197,1
1011644,0.7841480270977127,1
1089102,0.757024773846058,1
1056748,0.8277765688023572,1
1079980,0.839451944565442,1
1090569,0.8497878983207536,1
1008628,0.3880137048085226,0
1017812,0.6793876191575714,1
1028032,0.8503157524551416,1
1015545,0.8590170227490576,1
1008011,0.8800723839781249,1
1063792,0.8195086962186688,1
1092820,0.8585597476628458,1
1042128,0.8270197075106779,1
1043737,0.6925587655027049,1
1034960,0.866078289037334,1
1086656,0.8544671181007222,1
1094249,0.785875443356885,1
1065802,0.8309867471639574,1
1069661,0.8628873462685809,1
1062211,0.7010916772432932,1
1036794,0.5661783409817572,1
1061585,0.581568555544925,1
1005016,0.7685460955729377,1
1084833,0.8356441587036352,1
1077711,0.8913298040463808,1
1097112,0.6892885606972725,1
1072950,0.8554062787477459,1
1017290,0.8702121603940073,1
1083649,0.831089689439752,1
1080827,0.8263359534654308,1
1016691,0.8673198609422038,1
1093674,0.5915309660716324,1
1070197,0.4459688754229068,0
1016195,0.5784381887895895,1
1035622,0.7017016292055906,1
1099159,0.6535721015699592,1
1002281,0.7156868033688801,1
1045910,0.6970861640251507,1
1087904,0.8804288218113082,1
1021195,0.8619176608862432,1
1004022,0.45172020850946176,0
1009065,0.6532172315509582,1
1011298,0.8364764456881696,1
1006385,0.7331135120106331,1
1075969,0.6856603411108755,1
1044470,0.8594093031475705,1
1052552,0.8308664901871191,1
1057580,0.7307943460436308,1
1032358,0.852450126764146,1
1096402,0.593573904758886,1
1024422,0.8763764300848474,1
1085310,0.7254688415369848,1
1027698,0.38529499632156716,0
1057162,0.8758942618642208,1
1055135,0.8808035965928953,1
1038349,0.8184207513821475,1
1025629,0.8710455982199149,1
1005229,0.49108991022377063,0
1060201,0.8272109342709756,1
1027585,0.8307849030701566,1
1015563,0.5427672212066739,1
1071391,0.8064428013907639,1
1024120,0.8460257900966238,1
1022662,0.813559327292143,1
1049037,0.8286852492029444,1
1076819,0.8227903654981764,1
1030875,0.4210503994436798,0
1037868,0.8915912934687933,1
1071085,0.8793310788050538,1
1013907,0.7926630542496759,1
1062575,0.7749178683104517,1
1027923,0.8603965406567962,1
1036019,0.8637138007669938,1
1082770,0.7608912798469227,1
1076295,0.7091257104705534,1
1048334,0.8450693959686054,1
1003399,0.8811936349296351,1
1053943,0.6812871232653669,1
1083050,0.8258212504137716,1
1058332,0.8709928097739129,1
1096172,0.7143577703169846,1
1083355,0.8721493418437326,1
1029883,0.8341633158120663,1
1003243,0.612926598463265,1
1098695,0.8609367454936241,1
1070121,0.6477669436048822,1
1066162,0.8745623606277817,1
1056304,0.8772687702962325,1
1089992,0.8462175049208912,1
1040739,0.6178445337050031,1
1097356,0.6195026985898086,1
1015868,0.7786297664535108,1
1020359,0.904559115699394,1
1054603,0.8161206640225567,1
1024400,0.23942230888889882,0
1040286,0.8933185189206978,1
1068834,0.8185059325130349,1
1035232,0.6181981695103176,1
1093412,0.7388844401231159,1
1080768,0.8636520724379705,1
1087056,0.8168827983516418,1
1028380,0.8228466048573105,1
1088235,0.7597493366044498,1
1011157,0.6447519561931255,1
1078502,0.8396367497205911,1
1001116,0.38599119101256807,0
1062363,0.8280514366875823,1
1039511,0.8808994714017658,1
1077737,0.8589934962764754,1
1078229,0.8296667731076537,1
1006330,0.600730386923825,1
1017248,0.40231425032072354,0
1056269,0.8217276342112538,1
1071308,0.777424003982359,1
1089738,0.6012354428721229,1
1046468,0.7647959397651815,1
1090424,0.8510383313881021,1
1066697,0.7811234494703175,1
1063983,0.8748827798841217,1
1081537,0.7524478529886792,1
1047260,0.8842148814445677,1
1000878,0.8178699030852681,1
1037612,0.8816219758340653,1
1090544,0.3664928166581238,0
1075069,0.9035335061064145,1
1062619,0.8285905366897693,1
1085663,0.7899483806551203,1
1093860,0.7977766107188806,1
1094152,0.8458774466933702,1
1014808,0.4179863764036721,0
1001500,0.8549267650421656,1
1035151,0.8557530517026128,1
1008279,0.5504270114391774,1
1009161,0.4470240679926441,0
1023289,0.8862174263504181,1
1076079,0.6633470315031338,1
1007084,0.6797586327356955,1
1029248,0.9001676462862221,1
1030012,0.8478854707887737,1
1029305,0.8545148129699415,1
1018720,0.6956170441503122,1
1075459,0.842860045004521,1
1054659,0.816909409775932,1
1074791,0.8606472043706592,1
1031659,0.8391893447059413,1
1039392,0.88568526090434,1
1088726,0.8535046732405672,1
1048190,0.7698332770180437,1
1072006,0.8579832543545838,1
1005343,0.4505000832217639,0
1060660,0.8404566417500818,1
1054330,0.879064616685546,1
1074060,0.8404639420982989,1
1081160,0.7424300187687983,1
1060365,0.8170994900800688,1
1021583,0.7751932636505268,1
1017694,0.48446529915905107,0
1010825,0.7803132435780568,1
1023434,0.9075449517015637,1
1053674,0.7985931102797176,1
1054186,0.84215826132643,1
1059770,0.8483550351752535,1
1002540,0.8212074362767464,1
1027581,0.8505626187063225,1
1075696,0.8254624445854023,1
1070379,0.6605054692824875,1
1085431,0.8456383399279198,1
1062437,0.8204473175233759,1
1008615,0.5961702433253151,1
1075345,0.8556759622062169,1
1086861,0.8301789941390758,1
1093302,0.35161239655415216,0
1095200,0.5247926301398327,1
1058431,0.7455101867921498,1
1034507,0.8417167075313753,1
1077572,0.8719817378115082,1
1087302,0.34227596990293735,0
1050080,0.8228612603458534,1
1014111,0.8657982911765125,1
1025621,0.5883607662434516,1
1002004,0.35209292793058067,0
1021111,0.8397863584742257,1
1048426,0.7950369810535972,1
1022133,0.7814056997996235,1
1011617,0.5113694314624042,1
1069451,0.8764665677283162,1
1040038,0.6702989311040222,1
1055207,0.8557910588949181,1
1058116,0.43759086195158714,0
1053853,0.8887155172442197,1
1026818,0.7087909181806732,1
1047726,0.9056138028047097,1
1051662,0.8499937035612163,1
1024659,0.8107785188824957,1
1071271,0.6889553438746441,1
1057960,0.8588319263527103,1
1071596,0.7538164512102092,1
1039671,0.8220807570288574,1
1087738,0.8414915433008697,1
1058587,0.8155852258068329,1
1094611,0.8477468347024776,1
1094697,0.8778664534995999,1
1052769,0.8650566445531295,1
1002285,0.5885917243161682,1
1052793,0.3367758569396142,0
1061053,0.9024985166984525,1
1039519,0.9051260471752747,1
1091455,0.8122337021151506,1
1040550,0.8520453290779418,1
1091281,0.7402570730169794,1
1007583,0.8688947022622422,1
1053646,0.854570804806279,1
1017340,0.9030019964580757,1
1049475,0.6731875595681068,1
1044947,0.8376602731977814,1
1084704,0.7869383798369384,1
1039523,0.8844748340202137,1
1073561,0.8559730349047461,1
1070484,0.8199352704757245,1
1051558,0.8238837567972556,1
1035188,0.5891882287292944,1
1038072,0.42125001448889193,0
1056010,0.8359603496741504,1
1081243,0.8940219512432384,1
1083830,0.8514026895921503,1
1071869,0.8739724154768648,1
1009257,0.3612354958797023,0
1044655,0.8766100297782866,1
1006734,0.9002374573081129,1
1082316,0.844872539063568,1
1082461,0.8672734157875096,1
1002767,0.8455065708584435,1
1090606,0.8449529198541649,1
1098164,0.764789601244561,1
1071854,0.8228808739589833,1
1042644,0.8424985814643948,1
1041143,0.8180508294033335,1
1053119,0.8075676071784537,1
1072194,0.8798184180106385,1
1065234,0.8633534353337786,1
1095795,0.858130094211329,1
1024576,0.792287711366566,1
1021015,0.5598913722078741,1
1098084,0.858605532966986,1
1006405,0.7987853441309444,1
1076371,0.8075036830776172,1
1081042,0.899061536985189,1
1041228,0.82855711064581,1
1021497,0.8666271077750232,1
1052700,0.7969257244252662,1
1007424,0.8343523050373176,1
1065580,0.8541851503565124,1
1066772,0.8699644439095013,1
1078922,0.5914626544848305,1
1018895,0.8089770319814753,1
1097836,0.4497414201700845,0
1047395,0.7976176057576441,1
1074429,0.863054323964654,1
1061223,0.6095450995128763,1
1032895,0.5654898468963643,1
1096452,0.394725394518652,0
1030919,0.8707927632938498,1
1049507,0.9092118514500642,1
1058157,0.8225916618850597,1
1051731,0.8459603331566615,1
1041466,0.5751740734292645,1
1052773,0.8366764130426849,1
1008716,0.8393793976745646,1
1065528,0.8346068939011435,1
1015598,0.5549339681985537,1
1099875,0.8364462799426189,1
1025531,0.6978032233904117,1
1032073,0.8391575038120347,1
1006775,0.40809111322988145,0
1097212,0.8683915183219933,1
1045878,0.8391072008489342,1
1089859,0.8415444484829666,1
1083112,0.7619397347443004,1
1020710,0.6527814698686898,1
1040949,0.8414312943030567,1
1056122,0.839419753412902,1
1010582,0.4432757047711306,0
1082223,0.8037414842999474,1
1097261,0.6669405303995348,1
1070749,0.6514285361141463,1
1075982,0.745638658722898,1
1020366,0.2760456562369868,0
1038549,0.8275631253086672,1
1022301,0.7492381481009986,1
1077271,0.8485080732859842,1
1055205,0.8645597563951428,1
1041065,0.8295896615943816,1
1048047,0.8332890899144723,1
1092749,0.686689737710679,1
1046008,0.8066094048541168,1
1053408,0.6452762739504425,1
1053963,0.8501264066870268,1
1078793,0.8494091272710074,1
1030991,0.8620580697645274,1
1038738,0.8494493913710931,1
1097263,0.8720066628235067,1
1052856,0.8289697081866929,1
1052334,0.897801583893923,1
1002315,0.6618593529289475,1
1013319,0.37817003175637987,0
1020816,0.872276881126913,1
1074343,0.8368465373077466,1
1082273,0.9050108930800752,1
1047763,0.8504266427006874,1
1048649,0.8221270820093008,1
1027492,0.8961879095367121,1
1004751,0.39045490952936207,0
1086821,0.8646409031847436,1
1086895,0.8262165974599189,1
1013711,0.7958556763373341,1
1034745,0.8732162225384049,1
1047018,0.8553703370761201,1
1020388,0.7449648256065039,1
1069675,0.8132583501321645,1
1006222,0.8265153172301274,1
1093704,0.8173315673058651,1
1089625,0.8559083525392815,1
1028822,0.8154267864225998,1
1094575,0.744821738939184,1
1080213,0.8567478173621873,1
1070720,0.7046427816507287,1
1025557,0.8089347214453215,1
1074949,0.7327554855278986,1
1020650,0.8741034858364929,1
1050370,0.7603841555280664,1
1046107,0.8530125937563539,1
1093509,0.835132694166598,1
1066762,0.7525775351976891,1
1074284,0.8213167793525986,1
1073160,0.6074738864073113,1
1017999,0.8949345642292226,1
1008775,0.5039063224192462,1
1047305,0.870204625702094,1
1051682,0.6645916585781264,1
1043094,0.6771493137577447,1
1053261,0.8488702079422533,1
1016312,0.5517068877259139,1
1094934,0.6824311124372685,1
1007785,0.5743749261955489,1
1074348,0.8229329041866967,1
1078578,0.8773496370104977,1
1064142,0.7952332297836429,1
1017343,0.7951089154863011,1
1075064,0.7648108845058562,1
1041678,0.74676590647183,1
1063741,0.863166243100444,1
1081238,0.8345801032148993,1
1044436,0.5513670033130347,1
1034516,0.8338096472877098,1
1015592,0.7719936759622482,1
1094310,0.8574045260816601,1
1051783,0.8389479648519461,1
1059534,0.8410704185984632,1
1009799,0.8708037657810918,1
1069272,0.7228956980116071,1
1052349,0.7762135221687417,1
1013179,0.6616644238603537,1
1033372,0.5265267355671076,1
1045443,0.4096629584809946,0
1052763,0.7890564139215561,1
1093685,0.8160991328230977,1
1082411,0.8875056877471624,1
1078342,0.7542268554457596,1
1045849,0.8200832484247852,1
1034411,0.6525796217089833,1
1046031,0.8918844117607968,1
1000429,0.4620447047295165,0
1025290,0.7964200596029535,1
1035333,0.41231654269816337,0
1048825,0.47441111738375563,0
1016559,0.8605546497121751,1
1064022,0.8760285005236633,1
1048002,0.7680456743108827,1
1084376,0.8758445086435729,1
1037078,0.8224670609260779,1
1074223,0.8055651655646147,1
1084883,0.8674811893072613,1
1050262,0.8141128374322508,1
1009500,0.4104164820580858,0
1018796,0.7889229081641792,1
1063731,0.8204798784581983,1
1061260,0.8588769946300874,1
1096029,0.6407274294475793,1
1019389,0.8697218308382271,1
1074176,0.8307572200632617,1
1082912,0.5107911006460121,1
1073683,0.6371776800447745,1
1085967,0.8692140237961616,1
1030401,0.6076616158975161,1
1063029,0.8830835925837017,1
1090081,0.6869382034300966,1
1015174,0.8892597797066185,1
1083626,0.8976128260648164,1
1043539,0.6071917197533024,1
1003350,0.3293364396956224,0
1080602,0.7422435318414247,1
1077099,0.8586171202731046,1
1049920,0.675927873329423,1
1037435,0.8711462310659349,1
1034030,0.8048118720473169,1
1044373,0.5723122033888792,1
1036438,0.8712403363283774,1
1084058,0.8993776922997024,1
1077878,0.8316874712989478,1
1097655,0.9004003342203657,1
1031009,0.8419087359018571,1
1084570,0.8197800206934078,1
1094855,0.7213830528369815,1
1009717,0.4262291302843226,0
1016436,0.8566744804526494,1
1014330,0.555164754360151,1
1099077,0.5129688789273239,1
1068356,0.7121244598633022,1
1016272,0.5374788903345022,1
1027408,0.8034191939564971,1
1058351,0.8194838687063426,1
1039660,0.48509672294565875,0
1044406,0.831091707910898,1
1054393,0.7873167851623467,1
1043107,0.8641502466750967,1
1081811,0.8765815586532303,1
1078036,0.8817530560955219,1
1028523,0.82082683459017,1
1070512,0.6874639471573555,1
1021572,0.6684993893711311,1
1086893,0.8053135679300416,1
1072164,0.6227113386345755,1
1089013,0.5367860601966394,1
1086560,0.8257104124638012,1
1057615,0.3332881185867917,0
1060564,0.8589321097818936,1
1086610,0.642111322920505,1
1091808,0.855740754745158,1
1047334,0.8622389127272369,1
1076575,0.8740187926675628,1
1029711,0.8935404175804622,1
1038993,0.827125367773442,1
1013219,0.8571124284544983,1
1077938,0.6974482171323687,1
1017944,0.4980750752939074,0
1040822,0.8747198132770495,1
1048934,0.6261110621467642,1
1006013,0.7027727537965722,1
1068757,0.8338707036170208,1
1048236,0.6174140235295064,1
1092201,0.4843001252903239,0
1007858,0.7562850729006481,1
1031321,0.8110588087542409,1
1091778,0.4076257878026837,0
1028459,0.7912061049296957,1
1059028,0.8726388240543043,1
1037877,0.7715559476971366,1
1091150,0.8144250697494618,1
1041766,0.8955579012971632,1
1016382,0.5054270799927169,1
1024018,0.5693337175767771,1
1076541,0.8055049234557067,1
1061888,0.8460766831377089,1
1097667,0.855194054498424,1
1077945,0.8632958381278778,1
1086114,0.8123055957250945,1
1039661,0.724489395628439,1
1085658,0.8246163490144447,1
1081370,0.42943525530362187,0
1018985,0.7368521528341139,1
1074494,0.7331855711935754,1
1049015,0.8705970985073702,1
1056684,0.7321034274993374,1
1063239,0.6443880200059613,1
1017133,0.7895238526602931,1
1077041,0.8035008216506604,1
1041390,0.8430128198639083,1
1035028,0.7640186981815535,1
1051985,0.8619227535355164,1
1026893,0.7765631564321257,1
1013895,0.4471967331659725,0
1073507,0.8795724454053614,1
1068888,0.8074546768400547,1
1074864,0.8359998476136044,1
1069199,0.8601169890569899,1
1030597,0.8909775956734227,1
1061901,0.8436279115573302,1
1064869,0.4719584850432083,0
1048677,0.8236112801980219,1
1068482,0.8945225922985568,1
1066454,0.6167259754685717,1
1040581,0.895187182129335,1
1042927,0.8051920994136768,1
1011339,0.6014410836351103,1
1081375,0.8664495089519435,1
1083660,0.898329682172365,1
1006866,0.391243254959388,0
1022931,0.42593973658112966,0
1059061,0.8478204178702298,1
1000956,0.7959912806246947,1
1027328,0.8050123822380674,1
1061408,0.8748686811771598,1
1055642,0.8860457632602583,1
1019954,0.3804198596814813,0
1055030,0.8614293348826277,1
1012113,0.8611396590420812,1
1017324,0.571618812354403,1
1030393,0.8081248844407163,1
1055303,0.5412462741202424,1
1061189,0.8523845622276944,1
1029473,0.7215803194522092,1
1093844,0.8428506990435358,1
1061116,0.6027505093878973,1
1048860,0.8614181606250245,1
1039703,0.8381444870029405,1
1040364,0.8141668611950814,1
1040390,0.728266508874523,1
1072370,0.656136353150517,1
1016948,0.6411627869961741,1
1091948,0.7716628176562709,1
1002942,0.6883796302509023,1
1085520,0.8141459093366984,1
1019960,0.805206125207174,1
1031369,0.7984798605378705,1
1096907,0.8858017226995133,1
1089588,0.4905535259373871,0
1023481,0.8435702954966667,1
1049538,0.58377213292832,1
1053436,0.8854664878611546,1
1017040,0.48421009748737254,0
1030203,0.8684423887437851,1
1010989,0.7067668917026567,1
1014763,0.6975856608510662,1
1032035,0.8581009980368537,1
1099777,0.4983434475455464,0
1032088,0.8594284766214368,1
1072089,0.8020036517086366,1
1000659,0.5923589117817868,1
1091196,0.8675255811711517,1
1094031,0.837646394457708,1
1028785,0.8926083689757582,1
1009044,0.6202379674299603,1
1081716,0.8458287464122187,1
1003760,0.796254405492026,1
1006345,0.49842093393571063,0
1079201,0.8161414929088981,1
1016826,0.5812199772843201,1
1078352,0.8376077292939761,1
1080322,0.8599110731018912,1
1013795,0.7420393686138538,1
1036345,0.8579304327676098,1
1055739,0.9010790001254618,1
1068401,0.9056110784967968,1
1065281,0.6506831058375182,1
1016408,0.8119722763692673,1
1075416,0.6639064323766408,1
1052018,0.7977625192971143,1
1066123,0.8146902859593472,1
1055085,0.8176368733175227,1
1001718,0.8907142111350103,1
1011398,0.5570640514212536,1
1035152,0.7769244847720344,1
1072886,0.6845590875792402,1
1015491,0.6516337391302778,1
1073222,0.8290428581535485,1
1001408,0.7815910388858875,1
1083838,0.7637066454542829,1
1097546,0.39421168091291503,0
1073146,0.845376642131542,1
1082687,0.7290261435519937,1
1065534,0.44644640095561716,0
1073441,0.4302345753536163,0
1048627,0.879303904310996,1
1068731,0.811402538147889,1
1023837,0.7692912955755891,1
1021860,0.8171165196996145,1
1026338,0.847098875426503,1
1092062,0.8724481386025514,1
1065112,0.6069265016177309,1
1023362,0.8498073295087153,1
1013452,0.8487747158287954,1
1096724,0.8470336543795028,1
1054246,0.8928217574849573,1
1086225,0.5948157683400663,1
1049620,0.8398699887897951,1
1099662,0.7008526152784441,1
1066851,0.79140816560419,1
1021512,0.8358569167907014,1
1039614,0.8784456580558736,1
1088243,0.8488055092870265,1
1052787,0.8299118191733887,1
1066289,0.7079709383316981,1
1084018,0.7715216683571339,1
1095720,0.687924844423314,1
1005812,0.5324643887670693,1
1045528,0.49590412661189154,0
1026405,0.8850948956733957,1
1003876,0.395128083103726,0
1096828,0.8282309806143614,1
1033130,0.43628822573517,0
1049293,0.7389993835530859,1
1013996,0.5408259168854206,1
1063382,0.6057275455774612,1
1012663,0.905917069573682,1
1025360,0.8497221011012562,1
1053800,0.8119098607409834,1
1045886,0.8672240086974097,1
1022737,0.5939352361478989,1
1058335,0.7925375424670104,1
1031540,0.8432951072462382,1
1084241,0.6946302958285313,1
1063507,0.9113992376306528,1
1031718,0.8796187370008681,1
1004670,0.3474150785307165,0
1065608,0.7933121355062325,1
1042880,0.8924475427573545,1
1052801,0.6296687641167023,1
1045088,0.8957279713583814,1
1004760,0.6605748608370874,1
1031412,0.5605033344116341,1
1081529,0.7134831542876033,1
1083909,0.8650649464698157,1
1082089,0.5705444093714792,1
1009045,0.5888168578351596,1
1031164,0.8202558309696001,1
1061506,0.8514978516099823,1
1097232,0.8593686003731885,1
1089229,0.5941816265494253,1
1093949,0.5908339259425487,1
1023476,0.5249566021497334,1
1022291,0.45257710584789934,0
1019647,0.5825278984814038,1
1074760,0.7167386204455453,1
1003717,0.891306311930897,1
1096487,0.8546338529233102,1
1011212,0.6685622782367754,1
1039590,0.8035722277871188,1
1088721,0.7449332996547895,1
1008018,0.7879685891787401,1
1094197,0.7922703450614274,1
1071901,0.8326697985645969,1
1073073,0.582605171094142,1
1024968,0.777407133664572,1
1057348,0.8099573000539444,1
1081567,0.8238666279868881,1
1095810,0.8938769047030896,1
1069024,0.8646488619258981,1
1003048,0.8584270407969176,1
1065342,0.7737015884996816,1
1050059,0.8629094445080687,1
1002678,0.31995904031701367,0
1068773,0.895349683130325,1
1030276,0.8097210752911088,1
1085337,0.869783437133516,1
1089730,0.8129718408337535,1
1057311,0.8661588377482609,1
1004364,0.8573008405625488,1
1080105,0.8191092629944878,1
1081031,0.8289098683508545,1
1056928,0.8267612530328468,1
1068398,0.7978036446704339,1
1028637,0.8558541738743266,1
1006804,0.6908166878836293,1
1031404,0.8459767943023789,1
1093036,0.8664092800576773,1
1039585,0.4087411356927039,0
1008920,0.6445740188938117,1
1008409,0.6551584104714703,1
1012199,0.7917606322924177,1
1057389,0.6705418100811913,1
1003463,0.49090782501524166,0
1098640,0.6749917154210169,1
1068553,0.850721402630793,1
1020494,0.8060518388621644,1
1022647,0.7871567726426751,1
1061509,0.41779900861872027,0
1084889,0.8768617942072191,1
1081896,0.7867508814877738,1
1079394,0.8576674606659365,1
1059989,0.6513393534536662,1
1070482,0.860369149192118,1
1049361,0.8557763677103243,1
1005047,0.6146596708767581,1
1028904,0.7199791392887207,1
1022629,0.8949943793397845,1
1042149,0.8580428897555897,1
1041426,0.6657763493037511,1
1064699,0.4594299287544375,0
1039346,0.8525363485486492,1
1061984,0.36719549286982023,0
1050568,0.7603178012430309,1
1084512,0.8596557206487019,1
1087213,0.9060966862826948,1
1063557,0.9000833479822633,1
1069886,0.7881906782441039,1
1004271,0.6988924996599268,1
1022800,0.8145580822678362,1
1073726,0.8512805250343162,1
1054472,0.857770288373622,1
1089674,0.5551179672849069,1
1082659,0.8477726983552152,1
1078550,0.8457512314498977,1
1051537,0.8233461957333307,1
1084477,0.8487262894924862,1
1025785,0.8495128843042012,1
1054390,0.9017572096009209,1
1099444,0.48965133016735923,0
1066358,0.6072453951619927,1
1014068,0.8579746183701855,1
1032949,0.7388484486721809,1
1025258,0.8821388583255365,1
1045986,0.8586828026487652,1
1042172,0.8460457310522806,1
1059597,0.8512555453010597,1
1005928,0.589607213829438,1
1027519,0.8860763483920172,1
1003337,0.8471541127147258,1
1054790,0.9095739699722885,1
1044283,0.8625601281679894,1
1003195,0.8590449835722195,1
1045899,0.844546356446632,1
1098827,0.6959769381818157,1
1095244,0.4446514481751813,0
1007023,0.49671112768512204,0
1072575,0.8376945418921667,1
1038777,0.5722863798479217,1
1034357,0.8631302888703153,1
1060956,0.8427357699244306,1
1017628,0.4087595200666258,0
1017528,0.5618252927963124,1
1052772,0.789357458286598,1
1053822,0.8781317285443322,1
1053758,0.868551530149025,1
1041430,0.9041947489171147,1
1083416,0.8073600041845864,1
1032390,0.851007355781588,1
1024184,0.8922406358239436,1
1038592,0.7837775732632806,1
1066767,0.8021493373653431,1
1007376,0.867356447222156,1
1076267,0.8272122766623611,1
1059047,0.8082830765361325,1
1095930,0.5947464381598959,1
1097986,0.4069302234944426,0
1059292,0.8765472920603273,1
1076868,0.8091895704765519,1
1052247,0.8139567932898085,1
1011218,0.45293351649390784,0
1095246,0.8412402985424688,1
1044987,0.5799505861801872,1
1028546,0.4306557449502158,0
1077493,0.7485287286965183,1
1032909,0.8508321172901087,1
1036105,0.832712367403723,1
1058440,0.653762395728962,1
1069285,0.828353889302471,1
1052959,0.875593822059567,1
1003105,0.4316270750964903,0
1076355,0.8679251078513804,1
1046329,0.79678186459151,1
1099683,0.7713672677317165,1
1028847,0.8294477302836446,1
1000765,0.8248888189666364,1
1097186,0.6126752831212074,1
1044056,0.9053967145771292,1
1087447,0.6263450851831015,1
1021977,0.8105004814227067,1
1052702,0.8736380307290548,1
1024698,0.8541640040554822,1
1001689,0.8865474342772222,1
1075711,0.8542055354208551,1
1058913,0.8867500619513019,1
1029001,0.7543085208962923,1
1033651,0.8534847656876272,1
1090938,0.8282442769242351,1
1049914,0.8453680222052,1
1015048,0.44524124504207147,0
1036507,0.800834490666427,1
1000615,0.8288268424811241,1
1029815,0.8220040485294463,1
1075013,0.7794121661580821,1
1022514,0.8449882105873653,1
1025961,0.8255061169492957,1
1004547,0.5975972105812754,1
1031843,0.5198566203999693,1
1071956,0.8066497272675005,1
1028253,0.4777283179081209,0
1055113,0.8517270520879893,1
1087895,0.8181080653355616,1
1094593,0.37470638598500694,0
1097848,0.40960081510112156,0
1025620,0.8630187494148269,1
1094566,0.8520053390731216,1
1097400,0.7910821343243122,1
1055813,0.6517952853224205,1
1090170,0.7832014002453028,1
1020129,0.8069880124960815,1
1055248,0.7194664033320854,1
1075497,0.8580962181168821,1
1059101,0.8489454218285394,1
1028779,0.708876599423992,1
1055234,0.8171919014646342,1
1003802,0.8444253298520453,1
1091678,0.534782852509807,1
1090655,0.7734417604962716,1
1085170,0.8574938747297147,1
1061562,0.5681189302501679,1
1013262,0.45381818123746104,0
1072170,0.8196105815333926,1
1006717,0.8662010621074935,1
1022745,0.8191200255965095,1
1051612,0.8139768774046086,1
1007843,0.8468989921657557,1
1044880,0.820225759644171,1
1075916,0.48274969741024204,0
1076944,0.7699774842616149,1
1093954,0.548486615966434,1
1056693,0.8523361647193308,1
1098917,0.5756552146859412,1
1000706,0.7311178552571659,1
1011094,0.6419564239099813,1
1001151,0.5431964689771653,1
1009212,0.6082566449311956,1
1033433,0.7649864777953547,1
1014700,0.6615123122010037,1
1062940,0.7872155264490801,1
1019925,0.8330139679814342,1
1036763,0.7599101326919933,1
1005899,0.7853220975615031,1
1077907,0.8432157314856374,1
1012568,0.8357364910631292,1
1083053,0.6217644301851664,1
1082789,0.7478248371215016,1
1079195,0.8944368170945497,1
1038950,0.5999401875009182,1
1071083,0.29491465936517036,0
1071495,0.856045348317995,1
1073948,0.859350588299112,1
1072079,0.85880397296252,1
1089838,0.8856944795605695,1
1015717,0.8810807636022986,1
1021142,0.4909795150990363,0
1096033,0.6729407697061377,1
1090576,0.8396346959380125,1
1000513,0.8419459913642612,1
1003307,0.5654860736600548,1
1007290,0.7292510866909252,1
1099474,0.7419050193723918,1
1049476,0.8355762964065198,1
1095381,0.829790564763085,1
1029937,0.393925027199702,0
1005234,0.9081541692612232,1
1051909,0.8177902930998517,1
1076643,0.8714241610133778,1
1020368,0.8588806607777998,1
1045951,0.8451604909858191,1
1036361,0.8372224069492745,1
1024651,0.7722301344608916,1
1043547,0.8589243987201283,1
1051491,0.8310733499938513,1
1036508,0.7745160085678778,1
1012945,0.8779398842355336,1
1042879,0.8509223538674051,1
1065405,0.39058229440474984,0
1078730,0.7895721226143386,1
1074276,0.8275789782867579,1
1033906,0.7865443736722302,1
1022050,0.7912696325884431,1
1043032,0.8954226132993626,1
1097217,0.854404427510703,1
1063624,0.8759019341767497,1
1051331,0.7651797572293352,1
1065168,0.828365599082273,1
1004793,0.760252113514724,1
1016575,0.5100652092895142,1
1076431,0.6398729949454913,1
1055964,0.8583547110078151,1
1061894,0.8358937772141467,1
1007321,0.8734973062400968,1
1026461,0.7863027852632846,1
1047741,0.8657164597707786,1
1053777,0.6608522321201045,1
1046937,0.6805402865794462,1
1015212,0.4289392801202246,0
1095366,0.1846554956477498,0
1012821,0.658087312436549,1
1036711,0.8743470490471988,1
1010539,0.8831346462826638,1
1072308,0.8524719358045516,1
1062665,0.8867832290532275,1
1032355,0.8412019719321582,1
1068727,0.8164125097094052,1
1038321,0.7549551632371752,1
1039380,0.8728154601219974,1
1026444,0.8626781547112788,1
1004049,0.5778907819095023,1
1014052,0.8724703995246488,1
1077290,0.620074924134636,1
1093912,0.8956246917091104,1
1089321,0.8557287115261998,1
1093125,0.8696980423391022,1
1073524,0.8270422807318842,1
1009817,0.8447238999213901,1
1002040,0.7606736501321768,1
1068322,0.5744368071610022,1
1096656,0.7739479365527637,1
1092391,0.764233673044103,1
1092222,0.8835946456555411,1
1028392,0.8148311108429463,1
1030084,0.824205556037593,1
1080271,0.752947745842903,1
1020518,0.7907569653575612,1
1073226,0.7410610377510344,1
1093147,0.8417665544588037,1
1000728,0.49841754645786,0
1015253,0.6040288872283923,1
1004053,0.4382801971576664,0
1009573,0.692140811674405,1
1044193,0.8815530303413585,1
1055826,0.6385363891366511,1
1054942,0.8683809366887518,1
1039975,0.8547877517880299,1
1062341,0.8852754786510298,1
1068579,0.828456755409788,1
1062747,0.8859835622400851,1
1089426,0.8618421787329081,1
1020310,0.8457512950149592,1
1008445,0.42433600938577104,0
1032224,0.7305762492481189,1
1032555,0.7949287482293489,1
1073426,0.6474302964325332,1
1067286,0.8686818790743986,1
1086271,0.5949704029598651,1
1093839,0.8175170989122764,1
1050800,0.8218311042510996,1
1072876,0.8679332313898163,1
1060546,0.8690945788424707,1
1052768,0.6513082021482841,1
1030408,0.8733118654728822,1
1072853,0.8806967468646298,1
1017482,0.6106705687027087,1
1093283,0.8506647642793134,1
1012865,0.7664981473443513,1
1045601,0.8248649668069709,1
1051717,0.8900148302436226,1
1095660,0.8298250425607482,1
1059092,0.8289762663552835,1
1039622,0.8647977707071445,1
1030168,0.7949358387664103,1
1043677,0.6178337073870022,1
1069855,0.8739425073892562,1
1094670,0.7004780398489263,1
1077305,0.7473265658837617,1
1036945,0.802828497127177,1
1017664,0.8677703734354224,1
1068077,0.5155000531362167,1
1012271,0.7575356699904499,1
1095325,0.6275721741964192,1
1060197,0.5404977539090263,1
1033279,0.761827025832713,1
1091853,0.878700066665849,1
1093070,0.8736152717021543,1
1051992,0.7938683600951346,1
1019570,0.7195731141956708,1
1024064,0.6846041956798627,1
1036231,0.7945656671610772,1
1016242,0.657136254976338,1
1036888,0.7760434854565815,1
1025971,0.7877258053477199,1
1006764,0.8366926697715193,1
1055157,0.8802359876544582,1
1047409,0.5776588529511629,1
1000257,0.44013473253371055,0
1092230,0.8527082210959265,1
1073052,0.8680483041968938,1
1029645,0.8623608496131645,1
1075762,0.8058949632473872,1
1011313,0.8292621255831069,1
1051565,0.862474065428561,1
1003557,0.8632101881165755,1
1048888,0.8391543636380487,1
1016982,0.7990322868358037,1
1050873,0.896976021114062,1
1088519,0.8078201908865333,1
1074035,0.7431582360648605,1
1025691,0.8754336088773298,1
1021509,0.8156452297730984,1
1033743,0.801523929244529,1
1020144,0.5876576710241281,1
1085684,0.6903138606072886,1
1075887,0.8443368569736079,1
1034890,0.53410735852381,1
1015230,0.7563844876190625,1
1008240,0.6971665508223683,1
1091289,0.7877316843552685,1
1078084,0.8010518086976952,1
1096935,0.7114312910047697,1
1072873,0.8198063302816897,1
1069897,0.8762167977650516,1
1005329,0.5602932429055777,1
1041865,0.8501325631357933,1
1060898,0.848502735022486,1
1029183,0.49734261237892724,0
1089611,0.786178634802825,1
1080282,0.8528086460292676,1
1030844,0.7320904688078765,1
1069040,0.7952856436248825,1
1031948,0.8175221991363525,1
1064768,0.8646316361834945,1
1051938,0.830955629845673,1
1073539,0.7985281640912469,1
1013767,0.6628214936307154,1
1029406,0.8577547891067453,1
1033380,0.812044276599949,1
1094870,0.6977086267164808,1
1067292,0.7151653166093069,1
1088054,0.877699008767703,1
1031279,0.8548735082054125,1
1048632,0.8825420245413673,1
1094167,0.8348847830934603,1
1009848,0.5927934338556823,1
1056643,0.8411397810677386,1
1036380,0.7215556515580623,1
1065152,0.8145624439438901,1
1004348,0.5582078671465651,1
1003671,0.8238675502187093,1
1079049,0.806252919637431,1
1083737,0.8455797804209044,1
1002262,0.6225991058919398,1
1052525,0.6591481929353953,1
1071175,0.6200611198112117,1
1054151,0.7238533035999646,1
1063416,0.7953265280607912,1
1070205,0.8030525535730526,1
1058416,0.8846604432554155,1
1000021,0.43389467380913416,0
1090460,0.8494677834627795,1
1070741,0.8640421757991646,1
1031567,0.5832361627402208,1
1083666,0.6757996452404109,1
1091385,0.7662081904391411,1
1039205,0.8446359771682741,1
1004678,0.5541979642877761,1
1053383,0.8172967435890144,1
1087000,0.8681959846464791,1
1028762,0.531098849373905,1
1098657,0.7263992550082373,1
1000278,0.717783262392025,1
1071827,0.8324502758242315,1
1070827,0.8043945311690662,1
1010893,0.8552035311384422,1
1002787,0.8335276370567692,1
1086214,0.8428227488420769,1
1075582,0.8040938223516206,1
1087001,0.8237665285272592,1
1034202,0.8582581552126484,1
1017366,0.8635172354749435,1
1026295,0.8603236745699456,1
1086453,0.8267961078540276,1
1077511,0.8208200256685885,1
1048727,0.8756292894774018,1
1027790,0.8160021977751695,1
1046830,0.6367265937741666,1
1096509,0.785801695285088,1
1030134,0.8643581266024046,1
1010463,0.6412573906986735,1
1068076,0.7974772425725346,1
1038408,0.8428896459963058,1
1028102,0.8334149647665087,1
1029028,0.868142993504829,1
1099418,0.8210611245037297,1
1097988,0.829703636389431,1
1092880,0.6065923079269334,1
1001933,0.5019271688290835,1
1082843,0.8416038386130168,1
1029354,0.841994240639563,1
1050614,0.8206506908420518,1
1090947,0.8321719857624318,1
1042705,0.7320476305922349,1
1057374,0.6219332105332188,1
1047007,0.8159475306165813,1
1062113,0.8089371033375589,1
1049621,0.6478074535867046,1
1004722,0.5883815392255553,1
1079423,0.6906050882311692,1
1081723,0.8972348912314735,1
1000359,0.6008875370779262,1
1078357,0.8100193018695542,1
1086596,0.7556167762275967,1
1032369,0.8734695464652736,1
1031762,0.8303651881327159,1
1003322,0.6119062791951164,1
1099243,0.5831054749301096,1
1071931,0.8219948585086043,1
1038660,0.8590863778746535,1
1039666,0.8139700156616527,1
1099199,0.8847380054707052,1
1073399,0.8344621869627159,1
1035632,0.5897710338591704,1
1012920,0.7835993282119665,1
1075284,0.8551169766979235,1
1088848,0.6719733216724614,1
1088618,0.8012262995073599,1
1062560,0.8271982837292261,1
1047352,0.8599214943963068,1
1041694,0.7911818033455567,1
1084662,0.8515923747026022,1
1038350,0.7947059022680446,1
1034002,0.8350842056290095,1
1021971,0.8493656046290612,1
1018332,0.5716200722029458,1
1054080,0.8550863347323765,1
1042774,0.7851167622041852,1
1096264,0.6404073345109699,1
1070717,0.9072012984605323,1
1016678,0.6129429153398066,1
1075471,0.8118345465797095,1
1087525,0.829899515916225,1
1002648,0.8465964712014853,1
1037009,0.8690192777221349,1
1010885,0.6800158941299561,1
1084093,0.663491400680913,1
1063585,0.7308460141736942,1
1062056,0.7695202607096263,1
1020780,0.6512807921425685,1
1037784,0.3488603111590946,0
1030797,0.8911825169510479,1
1000996,0.4492140750055342,0
1082724,0.8134400556610396,1
1043498,0.8629709742220448,1
1099902,0.5987097070696342,1
1018747,0.8251398008155709,1
1042077,0.7253712365142547,1
1000227,0.8514335789904645,1
1013698,0.8258546248854595,1
1015309,0.6025186977219825,1
1080853,0.8249523448141414,1
1021358,0.8366539152490812,1
1010236,0.8297521157466365,1
1084222,0.8756361958787315,1
1046337,0.8618183187907704,1
1065144,0.8411020749252381,1
1033914,0.8186271982318201,1
1047151,0.8657140486317232,1
1055785,0.8034395298680357,1
1058922,0.45048198395540107,0
1016318,0.8056906103714397,1
1018542,0.8131467722745527,1
1093937,0.8499050298470634,1
1012790,0.8998489797655901,1
1080613,0.8019031037473272,1
1017672,0.535752592585145,1
1052139,0.8088401748022255,1
1063095,0.8281924057257659,1
1033762,0.8393839430944382,1
1063398,0.7782212625789107,1
1023070,0.7944703081343134,1
1011904,0.6204029062099564,1
1065600,0.7632422949556888,1
1057608,0.6763791453241242,1
1001134,0.5937757309511793,1
1081578,0.558349387505093,1
1025812,0.8385268026583068,1
1028968,0.8479027453757632,1
1094733,0.6318222369526042,1
1035231,0.30501436557622386,0
1063658,0.8533272391753737,1
1064440,0.839283037362558,1
1011441,0.740605136841626,1
1045777,0.6411500719756588,1
1082871,0.8098953801071768,1
1095451,0.815994470849249,1
1093179,0.8697730254010888,1
1072824,0.8318380229947252,1
1013030,0.5199992398950452,1
1044138,0.8652787658989312,1
1074127,0.5650698843165401,1
1015429,0.888198958283311,1
1018562,0.8530792553695637,1
1007989,0.5259332874813101,1
1049590,0.5924937268706677,1
1060149,0.6550691460376543,1
1042834,0.8150644158708162,1
1064420,0.8051596063780175,1
1066698,0.8905271252435082,1
1036477,0.637537692298403,1
1011946,0.5094010397822453,1
1053297,0.7687559747169745,1
1028525,0.838060075774809,1
1094506,0.7966864937529636,1
1084761,0.5545567962663741,1
1003115,0.6571104984801439,1
1097095,0.8724611830318579,1
1057555,0.6612962430191672,1
1054726,0.6002463029386288,1
1037312,0.839779553765457,1
1020552,0.8986783881687024,1
1067478,0.6986883377198155,1
1060514,0.8555792340584458,1
1018689,0.8108975643385757,1
1029956,0.8141968146610379,1
1079330,0.6886772784883691,1
1050480,0.8666246371034816,1
1097458,0.8518284706546996,1
1060393,0.8031975650134824,1
1070425,0.9020196287134556,1
1002731,0.48394642275233085,0
1040481,0.8603517456769366,1
1006030,0.5508691855033288,1
1097828,0.6583967934213416,1
1012928,0.6430502848214368,1
1058681,0.8035312059460304,1
1044849,0.837458942860282,1
1093623,0.8549323524593853,1
1015864,0.8619234703214818,1
1076381,0.8542423079961089,1
1052590,0.636491567291135,1
1078233,0.8954372966202397,1
1091525,0.9079198146981332,1
1073598,0.8202353541321069,1
1047615,0.6993586041477985,1
1047119,0.7782270607540717,1
1014978,0.8486121123508029,1
1056682,0.7068597484391077,1
1050536,0.8497396464090144,1
1007271,0.419455178460493,0
1033342,0.8552954294137686,1
1068461,0.845978987271989,1
1091053,0.8445363107030218,1
1071834,0.8084142476419919,1
1011912,0.5233708889273209,1
1086301,0.8275660930799608,1
1062524,0.8963388937077087,1
1014263,0.7007969765504097,1
1089489,0.8216647207606862,1
1097307,0.6554210084874499,1
1032499,0.812687819744023,1
1060626,0.8425301054836546,1
1062915,0.7190078179216526,1
1037019,0.671695183552923,1
1076064,0.8713540872846919,1
1089485,0.8059521065453424,1
1099988,0.7057282170165564,1
1073183,0.8481029788028744,1
1059728,0.8432343811915789,1
1084096,0.6699476074490188,1
1080330,0.8838865489921686,1
1061883,0.8290036223836446,1
1085717,0.77100366885824,1
1025588,0.8408160471201493,1
1021610,0.7499707851096098,1
1000167,0.6186814025785089,1
1093288,0.43164962180260713,0
1052366,0.8784165362660395,1
1095830,0.817556318134537,1
1033100,0.8724773404201612,1
1001510,0.7554664169298787,1
1061128,0.885037445287845,1
1058375,0.8498902974541624,1
1049985,0.8522088901271457,1
1079270,0.8250208246309151,1
1051974,0.8145978579673089,1
1022821,0.7038557851424644,1
1073593,0.8575525654744678,1
1059208,0.793315175070847,1
1082192,0.8723073328968196,1
1025127,0.6501130041109916,1
1007417,0.6886154871813728,1
1089143,0.6662911838064514,1
1053542,0.8194469674170243,1
1002905,0.8486806683157977,1
1000805,0.3792925468279084,0
1035501,0.8593186441389176,1
1086087,0.8171461524375081,1
1014475,0.7195575732883274,1
1037410,0.8194464130229527,1
1006715,0.8066936892643508,1
1062093,0.7434435590430197,1
1016751,0.7296846890255075,1
1057262,0.8758156722534062,1
1046965,0.7798068195290739,1
1054956,0.8477122855863356,1
1075500,0.8012889130981942,1
1008585,0.748907114644253,1
1088181,0.8506349992267164,1
1037722,0.332274805162802,0
1004369,0.7071742966957345,1
1091193,0.8138454494852319,1
1048357,0.6211987464676141,1
1043121,0.8737513593115078,1
1000452,0.6957599844118534,1
1088153,0.8924022601706334,1
1083595,0.887949734407882,1
1070028,0.8320781061016447,1
1042835,0.9103057934513087,1
1094856,0.7496330341537399,1
1055999,0.8429799541264188,1
1040471,0.8873873057211735,1
1099719,0.6847333617219901,1
1014233,0.7002102159446768,1
1066460,0.8191502193270043,1
1059359,0.8840064565903639,1
1029959,0.8919429749586351,1
1045453,0.8955099032933078,1
1064649,0.7252221865424366,1
1093165,0.7153027117237194,1
1081774,0.8604941066518633,1
1026451,0.8024486194522426,1
1085834,0.8562234077381025,1
1087886,0.8754298916321777,1
1086396,0.5599996977310842,1
1024644,0.5610710665507456,1
1075254,0.8272021037817244,1
1079842,0.8222713829704192,1
1037643,0.32091269847762394,0
1000666,0.7984321727843262,1
1089513,0.671558139130602,1
1049245,0.8826130113554259,1
1097713,0.6351547258235635,1
1045415,0.8718477241508228,1
1019694,0.8497413824895742,1
1066540,0.8567148023436852,1
1091259,0.8249284101266421,1
1045779,0.8176370829811985,1
1046601,0.7688552378901822,1
1043133,0.801661445280567,1
1002611,0.8591308053085781,1
1001558,0.35107990206066936,0
1098243,0.4874473922693131,0
1020916,0.8863466300247271,1
1057256,0.866046980011252,1
1083579,0.816549441503273,1
1077146,0.8392019733157507,1
1065217,0.8976741063590035,1
1070468,0.7096082944123804,1
1014115,0.5154431800716599,1
1094277,0.8594379686596079,1
1026547,0.7515860780208683,1
1034396,0.7711644668038565,1
1092955,0.5021299538873312,1
1054985,0.8964337492712646,1
1051006,0.8527201837869847,1
1084668,0.8729962790221789,1
1031879,0.893034071411452,1
1027984,0.7991083484210674,1
1099297,0.862083253282638,1
1026606,0.7617688782009446,1
1056468,0.7915595830540818,1
1052216,0.8829831774786914,1
1046888,0.9032291717719962,1
1051760,0.8696091833701175,1
1005066,0.8046190465331339,1
1062883,0.7317370307397556,1
1051478,0.8792317218340683,1
1037789,0.8423505088674133,1
1078885,0.852560835420754,1
1048432,0.8912676312641521,1
1051973,0.7749625301758236,1
1021478,0.8331889672075623,1
1049459,0.8611585365373178,1
1064785,0.6881634623974008,1
1086226,0.5848077389726849,1
1007777,0.5957776799451117,1
1032668,0.815448349039112,1
1040440,0.2910046748762606,0
1069000,0.8280624300917989,1
1004589,0.5791707042042253,1
1049341,0.6667538222037955,1
1098137,0.837183798510374,1
1048702,0.7459180795593208,1
1056333,0.860706128322531,1
1077649,0.800434912390792,1
1030821,0.8328239942623166,1
1079936,0.48508072200029295,0
1069114,0.8800381563308357,1
1035695,0.838658599370266,1
1063927,0.8157430978881587,1
1031545,0.8349299426593757,1
1012760,0.6098900226331649,1
1003297,0.4879776602361252,0
1093404,0.8896609412342745,1
1070579,0.8152299905279324,1
1022425,0.8736897248363517,1
1038558,0.8779187693838839,1
1058540,0.630121213482963,1
1043132,0.8573055119415813,1
1081837,0.8409483225427736,1
1068364,0.9054747936408275,1
1015910,0.6541427897701886,1
1044450,0.8204551111445562,1
1043278,0.8358126602142947,1
1093420,0.854623750750759,1
1072797,0.8630103324782774,1
1068751,0.8055243230549406,1
1001753,0.8140770747887687,1
1048093,0.7841067966233152,1
1046907,0.8777495391412904,1
1036414,0.84954124131781,1
1002494,0.6015721278145189,1
1092622,0.5862757394051548,1
1091203,0.7992080408088345,1
1083750,0.764388443733018,1
1020879,0.8773377048919508,1
1035957,0.8131348671420553,1
1070919,0.8681870380375359,1
1005987,0.4831076337800746,0
1092292,0.8494547196808008,1
1086134,0.41807332296970834,0
1073827,0.8198477698704894,1
1077235,0.7841749760055242,1
1037876,0.8636261160844736,1
1085301,0.6816071368623627,1
1081178,0.8312768193896102,1
1051683,0.8682556740090368,1
1039480,0.7591425431065492,1
1057194,0.858333213735481,1
1072670,0.853946574250381,1
1002123,0.600636024233912,1
1068242,0.8622820507070156,1
1042805,0.8657022865662789,1
1015131,0.7114266482520898,1
1011587,0.8292611766033557,1
1020045,0.7946058908299064,1
1034684,0.757237084554278,1
1034761,0.8258466005133798,1
1009846,0.8313944807186001,1
1062440,0.7490099579372409,1
1066089,0.9061293397109328,1
1026004,0.857764603026443,1
1025729,0.7820065357413699,1
1099618,0.8150457171074601,1
1063587,0.799540448626995,1
1080362,0.863280794261582,1
1003363,0.7969473334317326,1
1019740,0.9089057581749189,1
1015922,0.6460074685858318,1
1042897,0.646576823994057,1
1099641,0.7345456188819105,1
1090716,0.7040956417334985,1
1078715,0.7601169132068358,1
1026840,0.6768005387370669,1
1055768,0.5482784872587667,1
1079928,0.6558690377995714,1
1009580,0.45687585443068907,0
1055610,0.8120643548224228,1
1081971,0.8667205803413474,1
1009697,0.6487275666849293,1
1081465,0.8557817191461667,1
1016717,0.8713572052718537,1
1027336,0.7947105168556664,1
1062508,0.8276353166684686,1
1046141,0.8331349072440248,1
1013382,0.6551019505156547,1
1013840,0.5422718632212314,1
1065313,0.4998745503873996,0
1088755,0.8593780755433335,1
1017165,0.7148349429612386,1
1007847,0.5033166182971273,1
1085415,0.7713140446104693,1
1078081,0.7653063925165281,1
1011860,0.8898948259909097,1
1062401,0.768817149871233,1
1015009,0.871131507735296,1
1041177,0.844577758847141,1
1097433,0.5961783564134433,1
1061521,0.8440645401867249,1
1060477,0.45839514745661475,0
1083256,0.8572099011073674,1
1012526,0.5038754401730343,1
1017289,0.40205749492096277,0
1053355,0.6257329579238543,1
1019676,0.805605975056313,1
1015515,0.5713945729782881,1
1044910,0.7369979115392329,1
1065529,0.523874424442161,1
1096498,0.7643162194705759,1
1099102,0.24540224725647033,0
1062591,0.7967026635779805,1
1046539,0.7841667283661719,1
1086450,0.8521075551773953,1
1099371,0.4744622363683396,0
1058558,0.8200405833154571,1
1039914,0.568516665831571,1
1015161,0.5395473305103535,1
1071751,0.7505240660981428,1
1051429,0.7796940772984835,1
1035696,0.8613768756593968,1
1097766,0.44780133834099584,0
1027967,0.6526934962209118,1
1061005,0.8831263882574023,1
1085258,0.8727178954868453,1
1093106,0.7143349663504238,1
1095368,0.5964619798631338,1
1017442,0.45380641060938387,0
1058329,0.6880021181469492,1
1064694,0.8504134269059855,1
1056835,0.8345148087445465,1
1032575,0.8736068147964952,1
1050513,0.8575989824559848,1
1077552,0.828601076626426,1
1083637,0.8439947173088571,1
1010347,0.32770721213004167,0
1010360,0.6221417369711615,1
1091405,0.8634179097115567,1
1004899,0.35343394238292103,0
1017590,0.5708957433614775,1
1004285,0.8508505902732236,1
1078165,0.6313386436483529,1
1032475,0.7639449889774739,1
1069101,0.8641504536152628,1
1042418,0.8366316261650654,1
1024833,0.7988955224573342,1
1086023,0.6557476323580873,1
1098450,0.8852556050960907,1
1004673,0.845739619798007,1
1055427,0.717064376998535,1
1066079,0.8762836107885659,1
1082234,0.8317047456099246,1
1039919,0.8746393280058485,1
1001897,0.7721222873510541,1
1083497,0.8090738274741879,1
1074451,0.8456240550838358,1
1073166,0.845623899258546,1
1071575,0.6951116142669842,1
1083309,0.8263648424618923,1
1066727,0.8468782159307562,1
1095269,0.8869763375157254,1
1011424,0.8076005353807195,1
1001605,0.6936255559164441,1
1052895,0.854118252589774,1
1043729,0.8029031519767891,1
1010949,0.6051942715071946,1
1030214,0.8177725443775665,1
1086509,0.6893655674206733,1
1016454,0.8233453706636893,1
1048396,0.8143539264944952,1
1054220,0.8106930343789774,1
1025089,0.6327808870323499,1
1035380,0.8029017639809015,1
1033478,0.4617197960387635,0
1030026,0.6282615619679556,1
1057167,0.898115878841358,1
1024936,0.8570812073373799,1
1084128,0.894507926615041,1
1087110,0.490247213168995,0
1033021,0.8747754491140707,1
1012251,0.5405342963323453,1
1080241,0.7865484768345076,1
1060491,0.8100392813976983,1
1047811,0.8400151209673865,1
1002111,0.8362809917534282,1
1013268,0.6498484146493031,1
1058295,0.6756160807635329,1
1096575,0.8474971656874705,1
1009071,0.748638088713273,1
1072236,0.6485375811742006,1
1003108,0.8651978088057889,1
1071844,0.8320334518702495,1
1038278,0.806292784543816,1
1099024,0.4298442451241358,0
1071262,0.7913064803467333,1
1096107,0.5980081981272947,1
1041539,0.8647203570634292,1
1083574,0.8571322834593404,1
1087010,0.5332157023843165,1
1067785,0.8137300410942709,1
1012161,0.6642182977137213,1
1006577,0.6125007317814429,1
1070368,0.7967296400139945,1
1090625,0.8636892621497131,1
1083783,0.8464400397778138,1
1011069,0.6475530069821334,1
1052153,0.6724725094646693,1
1067922,0.8485437914762948,1
1041184,0.8508412051964188,1
1060551,0.6897873199859171,1
1063374,0.8941010094534497,1
1077060,0.6104191481815854,1
1083359,0.8519271243988572,1
1029171,0.8713065121862749,1
1006058,0.682613882871338,1
1083353,0.8616632678817784,1
1037323,0.5981151677489647,1
1091243,0.7068105196870507,1
1033870,0.8524025471293175,1
1090350,0.6425555423185574,1
1050222,0.8633476349122512,1
1028809,0.8332571795078689,1
1006984,0.8968211587023084,1
1045875,0.8275630539344304,1
1045185,0.5276000375545487,1
1048961,0.7320455226238826,1
1065411,0.8528150331397453,1
1043778,0.6767374348894191,1
1040865,0.6546881124565167,1
1065601,0.8411878539876919,1
1031740,0.7833840951189996,1
1097709,0.8027109335658761,1
1077589,0.8600882480957825,1
1077090,0.7546953552587169,1
1007188,0.6671762763753029,1
1012129,0.6076015274822794,1
1030695,0.7913142615856118,1
1084768,0.8191932640689017,1
1094213,0.8469612883132552,1
1043906,0.782709121586459,1
1017519,0.5827833773348308,1
1013528,0.6266380114083618,1
1015901,0.7036240189667425,1
1066747,0.8970941408201575,1
1061382,0.8750157289382432,1
1060680,0.8676038608984978,1
1081390,0.6343984269470556,1
1090400,0.7248610685442957,1
1037831,0.6438818109398459,1
1023184,0.5086554473722418,1
1008186,0.594012667589471,1
1073282,0.8267056850644816,1
1015395,0.6186272760024989,1
1059257,0.8495992940215507,1
1007166,0.7400858366283323,1
1053242,0.8371631629202604,1
1044194,0.8092168425135786,1
1021863,0.7893486125846068,1
1091978,0.8719346480535453,1
1041718,0.8506353425646304,1
1065620,0.8446941716066484,1
1009736,0.602653934399769,1
1035018,0.540684359119297,1
1069366,0.8800680432639889,1
1050412,0.6637699547808504,1
1025755,0.8413516350178116,1
1014359,0.8597553358567843,1
1074146,0.8888762280257984,1
1000734,0.3324728763350889,0
1015155,0.6583706618843083,1
1053175,0.8416763699445136,1
1062996,0.7348120453210676,1
1066869,0.8806360364220523,1
1047203,0.47592788944601105,0
1040086,0.3388154293089553,0
1084429,0.6217615658424759,1
1005773,0.49029860823054094,0
1064330,0.8680481053040807,1
1006861,0.5730257060572591,1
1041527,0.8438397120179252,1
1010638,0.5849073584939121,1
1005514,0.8685350008051813,1
1058845,0.8400400812293678,1
1040400,0.8997155283750556,1
1003585,0.8299370763076783,1
1043496,0.797649531716307,1
1068881,0.7964634748767281,1
1087903,0.7836163684812275,1
1070315,0.8664595080024582,1
1088421,0.8537833895349671,1
1094923,0.735589471362519,1
1009581,0.7573663089151655,1
1000478,0.31584076119351057,0
1056761,0.2863407819040394,0
1026704,0.4428621443065526,0
1086692,0.8449035958463558,1
1066366,0.8282670500024425,1
1021261,0.833316583411921,1
1007673,0.8527083078340705,1
1086149,0.8349937322344236,1
1019863,0.49531491593845417,0
1031197,0.8911402319629154,1
1011063,0.5096125699742278,1
1059334,0.8524919073160006,1
1068720,0.8118583887557242,1
1004209,0.8660809685805255,1
1072982,0.8791358243635614,1
1045215,0.7108250765203095,1
1073337,0.862653036955891,1
1040540,0.5642088937565654,1
1072361,0.798126087753691,1
1088281,0.7799826919124893,1
1069579,0.8205035389614651,1
1067087,0.8634931942881323,1
1078586,0.5925601354856379,1
1026887,0.8294367316038328,1
1021726,0.8085459244981715,1
1028175,0.841592794279539,1
1042626,0.8190007064577155,1
1073460,0.8035129466747521,1
1062253,0.8681141906501849,1
1054777,0.5858061292584661,1
1000936,0.7368556234793714,1
1013313,0.8413255989626675,1
1002078,0.8666137259084394,1
1080661,0.4878991385199301,0
1026086,0.7891849916417117,1
1011818,0.798968010539155,1
1005121,0.8411353077025012,1
1079045,0.35060406148887285,0
1036996,0.49394419782066906,0
1000547,0.847377942656391,1
1045510,0.8649458745772775,1
1070724,0.8885891809560541,1
1068183,0.6617031673731364,1
1042442,0.8381698354518929,1
1052662,0.8085554586082652,1
1005210,0.48110366425497375,0
1018209,0.8660126133136014,1
1059543,0.8045811348130599,1
1070793,0.7893601948639132,1
1036116,0.6004548846520623,1
1026653,0.8249587183687671,1
1005333,0.5053013428744638,1
1050770,0.8362883206197376,1
1048716,0.7959265146106347,1
1024403,0.726638792051581,1
1052892,0.8526933550234761,1
1047727,0.8367889939401605,1
1002967,0.3720605766486128,0
1031318,0.7493365945059962,1
1051777,0.8502017453749793,1
1009085,0.8454975486883333,1
1079621,0.85239225520075,1
1085477,0.7995787451609409,1
1043584,0.7974254366345245,1
1066686,0.7360809197006828,1
1041576,0.8792646517518597,1
1084632,0.8302484733603325,1
1024993,0.5509115032301243,1
1051838,0.5935389237392859,1
1017655,0.6391758886284894,1
1016177,0.7684692648336054,1
1019115,0.8052530213751982,1
1092325,0.8972751695177492,1
1073678,0.90176713254407,1
1016163,0.8958231281895559,1
1022400,0.6562852708984311,1
1038938,0.44748939211263494,0
1062899,0.7705676974713944,1
1075742,0.8260141622825279,1
1086327,0.7981812552056117,1
1088008,0.8408078119688489,1
1035942,0.8748980146750237,1
1061694,0.7938029584159146,1
1044486,0.8570284796773421,1
1049019,0.8410430462911007,1
1070758,0.8385193991179578,1
1024367,0.841155485398093,1
1001326,0.6818930020874185,1
1069416,0.8594075800294502,1
1076183,0.879036211106493,1
1079879,0.7914667812501955,1
1017106,0.6131143410810153,1
1061705,0.831526061949438,1
1047574,0.7342479503010558,1
1050203,0.8924922557369668,1
1073254,0.884772091861705,1
1074912,0.6451479323342187,1
1088769,0.4947367888404569,0
1008781,0.5648230839933656,1
1069016,0.5389119192356968,1
1076697,0.8843884149447849,1
1082959,0.8606945225623589,1
1049847,0.7067102742631156,1
1007625,0.8787599495544246,1
1018083,0.8675778369722819,1
1004327,0.8202240200603564,1
1071755,0.8283479308468734,1
1004237,0.640113294456304,1
1030774,0.6675267646961919,1
1090480,0.8905077877411314,1
1094985,0.8654258775180466,1
1088051,0.5216316765457994,1
1045629,0.8124786202346043,1
1009473,0.7986018880645912,1
1046558,0.31426669345275293,0
1005626,0.7127632234322795,1
1034645,0.7821285116500963,1
1011084,0.6355095572845951,1
1077829,0.9078766081355635,1
1027941,0.3652715338898362,0
1067768,0.8487053286858575,1
1072533,0.882403286472015,1
1098382,0.6487772751340475,1
1056417,0.8096108879247541,1
1011465,0.6922332198867731,1
1018742,0.8823820199777374,1
1090735,0.6535259477611578,1
1051843,0.854814539507152,1
1066816,0.8189994478811687,1
1049428,0.7348551808659628,1
1005920,0.778463280732259,1
1029330,0.8129398643566688,1
1053717,0.7473947994627659,1
1002083,0.875681839108354,1
1059322,0.8532203736435927,1
1047658,0.8338670441188757,1
1026712,0.5791133018319016,1
1045550,0.8269624686775249,1
1004342,0.8575319017591899,1
1074187,0.8251027279525336,1
1087376,0.6766635843035019,1
1002075,0.6401635419225613,1
1008702,0.6365550718725856,1
1065883,0.855922766376798,1
1073474,0.8788209524344325,1
1045634,0.7628504997738808,1
1091052,0.8688419478941696,1
1077350,0.6796962717385618,1
1050359,0.7992013034574758,1
1075248,0.8676370045482046,1
1065681,0.7970033283545999,1
1070040,0.7796855590613575,1
1081712,0.8881782046876692,1
1004740,0.63640781240907,1
1067575,0.8497469263998932,1
1051118,0.8386126770633393,1
1054157,0.659164628529823,1
1049278,0.4638965793357234,0
1018165,0.8232341665901101,1
1064457,0.6061929079092724,1
1007697,0.5705785535942992,1
1076764,0.6189825604819865,1
1051734,0.8242128777234925,1
1072487,0.8646399302354678,1
1065863,0.7799398825337375,1
1095817,0.8788911853311759,1
1020305,0.8518419480384717,1
1015741,0.8655341177352419,1
1077712,0.7598510388243496,1
1095006,0.6674562042680285,1
1019791,0.829782639406703,1
1004988,0.6949933066049943,1
1038548,0.875122298780799,1
1034286,0.7017143903236802,1
1056069,0.6343217223419846,1
1012040,0.5171152121071833,1
1088785,0.8135886769129578,1
1077684,0.8856918217153429,1
1058197,0.8562190760851224,1
1072829,0.8710822362765788,1
1054230,0.8332985623642921,1
1041405,0.8843279073830508,1
1095941,0.8823941240084058,1
1023592,0.8516466789444863,1
1006545,0.3441793187835567,0
1044369,0.6585773470427778,1
1003353,0.5433248573596802,1
1025217,0.5254919119741533,1
1061038,0.7966877955126148,1
1031837,0.8091931468176472,1
1013420,0.37049615034950645,0
1061804,0.6395651418949496,1
1059123,0.5419310236822537,1
1056642,0.898725586057098,1
1098675,0.8697649623052122,1
1071004,0.8406256307085673,1
1020675,0.5319840428885002,1
1024700,0.8165619874191359,1
1084969,0.885646067630747,1
1017986,0.547886274651574,1
1057905,0.7299698919213145,1
1017523,0.681354848384265,1
1071815,0.8784117164485463,1
1084102,0.8343383799990397,1
1006348,0.6018716334731166,1
1064579,0.8977606435909418,1
1013923,0.857934423051138,1
1029290,0.5903568844276502,1
1022231,0.8360689363487963,1
1044055,0.8362205033912029,1
1063332,0.7348673358767552,1
1088700,0.8588934966586678,1
1097718,0.5165564269952677,1
1079856,0.8317849018443849,1
1097256,0.6915729294490964,1
1003996,0.6250072353675633,1
1081066,0.7748291349358338,1
1002544,0.8352950114135285,1
1073125,0.888460215546496,1
1071368,0.8639598949902362,1
1036330,0.8638116526939252,1
1062338,0.8874564079901629,1
1092496,0.8395294940335293,1
1093842,0.7935845434854257,1
1023726,0.8431124071793529,1
1049147,0.6458030033067569,1
1004488,0.8142582525811433,1
1082564,0.8371541534571115,1
1093533,0.8684079587205961,1
1014576,0.5302687705308411,1
1031017,0.8173582219467026,1
1091950,0.8276625433025951,1
1021903,0.6528858137315768,1
1098072,0.3757548174640335,0
1024369,0.5515580966333504,1
1064571,0.7631784511226676,1
1062375,0.37327631164969693,0
1029019,0.8432774552136113,1
1038625,0.5020266494247388,1
1035948,0.6042119508994267,1
1033446,0.8589316576117327,1
1038030,0.9039048325673725,1
1045134,0.8305221998151808,1
1005498,0.4472979149948517,0
1035324,0.849770892788256,1
1036692,0.8486256513447178,1
1011559,0.8029876530889859,1
1015674,0.5311914201499567,1
1050145,0.8282123422443968,1
1021917,0.7274427188885841,1
1027294,0.49475610332319453,0
1015600,0.5242725732901645,1
1019286,0.8745618745606596,1
1092049,0.8396304859933175,1
1037608,0.8543194595549752,1
1061097,0.8514140561232237,1
1011759,0.8473608669484303,1
1011931,0.23983506436283475,0
1030221,0.8335201732887604,1
1002562,0.7497377107396075,1
1060691,0.8810792849460191,1
1029269,0.8868292254551466,1
1002781,0.5814411391983568,1
1003619,0.7520966024697999,1
1092603,0.7859284015182361,1
1061300,0.8586963217532236,1
1035042,0.8524208661143017,1
1043759,0.8154622549232287,1
1003368,0.430599315679766,0
1041200,0.817213587929032,1
1085000,0.6146634936178539,1
1075175,0.8795849490320925,1
1075035,0.8249764232548285,1
1055597,0.6799968317563496,1
1051233,0.7850780885921602,1
1029393,0.883651068895851,1
1009750,0.7891851361475755,1
1047288,0.8369252893680108,1
1053191,0.8536281842392227,1
1093332,0.8853524979636646,1
1037838,0.8228707737655075,1
1023390,0.7973287650526272,1
1005440,0.40161500477836654,0
1026896,0.8623089789801883,1
1010550,0.8234942534120401,1
1031501,0.8932394759368496,1
1097127,0.8103609980361888,1
1083084,0.6997009072576782,1
1023435,0.5528019720207907,1
1005144,0.6474516563326824,1
1006339,0.8317989501376013,1
1045624,0.8333424229755092,1
1022984,0.6219469680747577,1
1027912,0.866635242709358,1
1040268,0.6773464266426176,1
1098127,0.6202921303327403,1
1063036,0.7095845019555451,1
1003637,0.5160696911140213,1
1018426,0.8423968854592054,1
1027882,0.8858283321277624,1
1058056,0.62670411088338,1
1068406,0.8287266342493953,1
1072795,0.7185336321531314,1
1055293,0.8873850813729751,1
1075409,0.6906115528654262,1
1077017,0.7453438729612376,1
1067920,0.8970885875350684,1
1000314,0.38662825761778646,0
1072028,0.8526431498551054,1
1066411,0.8482998082734831,1
1019922,0.8639680620340122,1
1027209,0.6128065393717174,1
1013413,0.5641395657526529,1
1072281,0.7970018175306318,1
1076312,0.3488238680076092,0
1064722,0.813501381266375,1
1024516,0.2038669436114739,0
1042824,0.8386827779985329,1
1069601,0.7476495194884308,1
1074138,0.8655129832735007,1
1063144,0.824052505196269,1
1041305,0.37778693290286236,0
1008905,0.5362015157650403,1
1027775,0.5090099705718437,1
1000954,0.5183593055382515,1
1028554,0.8297924920237755,1
1066122,0.879958548798022,1
1044469,0.8624385445166358,1
1001518,0.8273308754505106,1
1023638,0.7789518473787398,1
1043428,0.8376281063772978,1
1089279,0.860626719299231,1
1059226,0.7213889304810084,1
1087962,0.8247703929207749,1
1051615,0.5860828487893838,1
1027880,0.8560586298669527,1
1005337,0.8053058892328853,1
1067745,0.6611078840559569,1
1016202,0.7977843564958547,1
1058180,0.8816680957335219,1
1045092,0.8435791456772049,1
1062955,0.8011704578693484,1
1037182,0.8465971823736652,1
1075405,0.8101483251061247,1
1007808,0.5841255136898732,1
1001199,0.6374963954486813,1
1018416,0.5691560292029579,1
1091296,0.8851232294739524,1
1040815,0.7394107040673652,1
1082087,0.895971007087745,1
1095260,0.8788477718538029,1
1076712,0.8343538663131221,1
1099989,0.7637286789301695,1
1051857,0.8475071411172723,1
1065349,0.4466807039760436,0
1098053,0.8653036713832383,1
1056547,0.8236018013342644,1
1024134,0.6125649406239569,1
1085578,0.8253641473309612,1
1015972,0.5378377628500673,1
1044896,0.8582844179711799,1
1081585,0.7700754640439892,1
1054076,0.8279473547354657,1
1047825,0.8406587143684566,1
1018861,0.726460995848735,1
1086199,0.512481533095706,1
1091905,0.7579939445156431,1
1032201,0.8340770089308646,1
1059367,0.8369715728425423,1
1033901,0.6439743764152218,1
1087798,0.8072505804475334,1
1063940,0.6001155253761469,1
1006990,0.46287987837982475,0
1071273,0.764358735871471,1
1010489,0.7710500679283825,1
1078585,0.7536530320986708,1
1018692,0.8132119727172291,1
1038087,0.7475277580136239,1
1022195,0.8715394603440615,1
1097765,0.3754918883263305,0
1035209,0.8168087427936194,1
1097827,0.6086971222250377,1
1070360,0.8025461018341021,1
1000074,0.8544594880549808,1
1081020,0.8879908560743897,1
1086449,0.791772472127741,1
1053060,0.7206831976899974,1
1069229,0.756994903573978,1
1077570,0.8092286466041246,1
1092043,0.7910629108458807,1
1013956,0.740868233364773,1
1092085,0.8326278584490939,1
1094479,0.888790361532562,1
1098010,0.6564970360412803,1
1070547,0.5620632080597011,1
1001161,0.6602680004375753,1
1003260,0.37260316421686435,0
1015041,0.8435829957801708,1
1048025,0.8525861134133358,1
1044921,0.8373019039907517,1
1005354,0.8866677133123195,1
1012800,0.8763580174428036,1
1066722,0.8743722481528168,1
1003701,0.387040533906528,0
1042175,0.5523375473454968,1
1011516,0.8558514485316913,1
1099876,0.774063049420543,1
1032547,0.8696407017623945,1
1031978,0.8092603399763667,1
1088987,0.6688670858734276,1
1006038,0.49715405868326595,0
1086304,0.6991736001435803,1
1072030,0.6967516351459719,1
1004660,0.44028417591627594,0
1044656,0.890092391121224,1
1081272,0.860431031335679,1
1045174,0.8203682828310332,1
1081608,0.5062454408928493,1
1001229,0.7911918956772691,1
1069291,0.6881528445706523,1
1011458,0.45969906313757963,0
1001039,0.8227039323294814,1
1063537,0.8357956136349197,1
1024446,0.8608405575063673,1
1040051,0.637932915536635,1
1066779,0.8802093852879321,1
1068485,0.6789107046670312,1
1063093,0.8458065299576473,1
1031038,0.8507210804345618,1
1048363,0.852260660517474,1
1006377,0.49448749820186655,0
1070302,0.8208092005056657,1
1074846,0.8156886381917233,1
1055103,0.7922707958362208,1
1032859,0.8933178463831332,1
1034595,0.738252408041647,1
1071031,0.8459234864595319,1
1089891,0.8949235409714931,1
1045475,0.8463741925290643,1
1016414,0.8686340818567189,1
1023202,0.511134305150276,1
1074398,0.7828495380422487,1
1060193,0.8614468193886119,1
1045333,0.8022080814171629,1
1080159,0.5028525585319782,1
1083133,0.679105354895092,1
1073372,0.8279314541276241,1
1070677,0.8446955259931324,1
1049862,0.8718590999183624,1
1097894,0.6435291133560128,1
1057096,0.8843113192746422,1
1089067,0.8314758648208609,1
1068771,0.8828736413833937,1
1060362,0.5831094586325871,1
1033567,0.8937629641909054,1
1039499,0.843664208836345,1
1084920,0.8079378189948412,1
1067303,0.7052937192613609,1
1028476,0.8254132144434354,1
1076617,0.7961373003072696,1
1089127,0.8859686115501546,1
1023548,0.7866763374408474,1
1039984,0.49351145329909096,0
1003886,0.778023580996473,1
1096448,0.41872786247585725,0
1090609,0.6232189475353611,1
1052001,0.7292648154329363,1
1037136,0.7791573658318277,1
1096347,0.8382681979740583,1
1074875,0.8638950139809581,1
1051858,0.8247120867793392,1
1013500,0.8701596498430952,1
1046098,0.8784310732163532,1
1013624,0.44013549911630656,0
1032423,0.7272392151775794,1
1028640,0.8322671727607732,1
1031702,0.8189495918365882,1
1059576,0.7049590855184193,1
1061312,0.8101504024773263,1
1006020,0.8384008195878814,1
1036119,0.806208734209206,1
1055537,0.7702786516072456,1
1001017,0.895201112334654,1
1040872,0.8455472122007905,1
1097030,0.6824184355725085,1
1037638,0.7610766750256546,1
1006807,0.44499997729138696,0
1025668,0.8665439364869965,1
1081405,0.8050947226316577,1
1062651,0.9088694016964416,1
1022313,0.7521498068977603,1
1068342,0.7813437093338359,1
1057822,0.5631396518352424,1
1025461,0.5629136066001588,1
1042345,0.8232528473301343,1
1039961,0.7742596627751079,1
1007603,0.7697729255921795,1
1086888,0.8057464807910627,1
1038550,0.8295518746777196,1
1058535,0.5466801774712942,1
1091057,0.8084693064806926,1
1052369,0.8162395796482603,1
1048668,0.8469938198518007,1
1029775,0.8258263037649458,1
1028496,0.6910824212746247,1
1067689,0.8164349930901416,1
1053218,0.801377692186046,1
1012858,0.6356463891477407,1
1043660,0.7565517790788912,1
1037717,0.4314545104861257,0
1099201,0.4582581231187881,0
1049630,0.6086687981371227,1
1087242,0.5441369117469809,1
1039053,0.7914321282061269,1
1069866,0.583393160804903,1
1050363,0.6589245422242587,1
1041290,0.7069909160371679,1
1054105,0.8500272013618692,1
1052022,0.7992296256495053,1
1029976,0.8737564702166882,1
1087363,0.8720114947056369,1
1028072,0.7820824099201545,1
1061045,0.8751584910871866,1
1052880,0.7311334759372272,1
1069383,0.8806420735277256,1
1085849,0.7267724561857138,1
1023109,0.6264092444982021,1
1047544,0.8545144112789642,1
1041467,0.5377230035388318,1
1071447,0.8878741627337364,1
1018064,0.7479273998724795,1
1000667,0.3304632642069795,0
1026740,0.6514607475131564,1
1090379,0.6170601477376784,1
1088431,0.8734976198519616,1
1078936,0.6503269400257062,1
1098284,0.5579012027744353,1
1040406,0.8424365135276627,1
1031471,0.4907983409618462,0
1064918,0.47833985678949353,0
1034431,0.7599193721616752,1
1057788,0.6283690143788313,1
1090822,0.8731825897500863,1
1093491,0.8513036970650196,1
1072106,0.7635783939694455,1
1068843,0.8540730594978652,1
1018971,0.484788651070865,0
1078810,0.8488443746285667,1
1047494,0.8080230924704976,1
1098972,0.8949322745328574,1
1085092,0.7689357792213062,1
1007140,0.6880471935134477,1
1043589,0.8136929676781316,1
1058869,0.5701013127228064,1
1010091,0.832788994684733,1
1081421,0.684316661141231,1
1033430,0.7969321555452978,1
1038067,0.6209840507751536,1
1083933,0.7615068732561829,1
1098380,0.7120604386151933,1
1076711,0.6182233002759222,1
1026770,0.8980240098113742,1
1076338,0.8595745083239773,1
1092441,0.7395486590981389,1
1088205,0.773596776911906,1
1093709,0.4033959818845067,0
1014950,0.6503224805436758,1
1012049,0.7369313531431866,1
1026017,0.8519055998052172,1
1040501,0.7988180763095581,1
1015372,0.7145967751278948,1
1072007,0.8603767513783229,1
1009718,0.6282378910386729,1
1086080,0.8241946388749204,1
1004313,0.8144342369096998,1
1013503,0.3888786842153337,0
1034027,0.8180079895462086,1
1095716,0.8435114224072553,1
1067789,0.49486544569408647,0
1042302,0.3833237546759312,0
1067041,0.7318500670544539,1
1086379,0.8188859125599238,1
1050155,0.8664321289139623,1
1024689,0.8121926414503431,1
1005528,0.5586738281278739,1
1093641,0.7648985860332679,1
1095075,0.8384140988191524,1
1081542,0.8593461595512611,1
1086217,0.7886574809567698,1
1088609,0.8477315440957611,1
1007996,0.5963587180591954,1
1082505,0.773340431620042,1
1063726,0.8294647480071475,1
1098626,0.8735680959378112,1
1039504,0.8313054099171048,1
1003648,0.45895836356059083,0
1042036,0.8972772436474572,1
1008605,0.806377815639897,1
1056072,0.7718478222611157,1
1044640,0.85592635904175,1
1017471,0.606228662360475,1
1021965,0.8266833973633166,1
1048276,0.7994355548468149,1
1091056,0.8390127487542124,1
1063334,0.8579526857664733,1
1014466,0.7827660521346048,1
1046753,0.8910229350242832,1
1070866,0.648932321706289,1
1043917,0.6514752116650349,1
1027096,0.6629403468188979,1
1072278,0.8189188686760958,1
1010985,0.5815820333093731,1
1093798,0.7494313226284605,1
1006797,0.39601371780166317,0
1047419,0.8645997916537631,1
1061809,0.831905936229942,1
1057761,0.7987600224134411,1
1007747,0.8409669925178488,1
1063300,0.6613468925463587,1
1066922,0.41852628357763505,0
1088828,0.8243035749959747,1
1048850,0.8633919102662462,1
1020161,0.8516766608686183,1
1055130,0.8331391083690239,1
1041900,0.7844842440497862,1
1057695,0.8692819163619837,1
1056698,0.8652725629991279,1
1055178,0.6907790399521466,1
1009249,0.884336806845732,1
1039717,0.7604160516897703,1
1015562,0.6325568213423878,1
1004455,0.508289963618106,1
1032065,0.8413912257339767,1
1058691,0.89154518782832,1
1052340,0.7268615041953357,1
1054976,0.8713624015342387,1
1030820,0.8648970488171374,1
1015577,0.6233436910618416,1
1054530,0.4597209422927877,0
1048981,0.8634816794250245,1
1006550,0.8285342592676751,1
1045109,0.8037399139262603,1
1039093,0.8122528689824431,1
1062315,0.7882609903666004,1
1042371,0.778303889057005,1
1029867,0.8600011665066664,1
1024977,0.5721658817397769,1
1027541,0.7747043784369738,1
1064769,0.8347778304711346,1
1019379,0.8831934760087259,1
1073485,0.8737122404999068,1
1004552,0.8696468091451812,1
1069546,0.9005801360175851,1
1082495,0.8358077304375126,1
1000019,0.39267232373307287,0
1033406,0.776944045120064,1
1061852,0.812572059298703,1
1093543,0.8552352814795166,1
1028536,0.8149927561382255,1
1003668,0.5021180651435467,1
1076561,0.8735531239822926,1
1018981,0.8245139854003872,1
1088835,0.866066892680903,1
1028980,0.7932491112249666,1
1088775,0.891160608861249,1
1037186,0.7639405799465075,1
1020418,0.8298541341390238,1
1076003,0.839898839000221,1
1038769,0.5684309634322775,1
1075560,0.5845475065131027,1
1058482,0.862673133455406,1
1074022,0.8802742870344742,1
1087199,0.8390546156093003,1
1006310,0.8492748382481867,1
1002059,0.3910929243143809,0
1066078,0.8386700828917582,1
1005945,0.7636111866329156,1
1051479,0.7889073309508656,1
1035634,0.35895442801784855,0
1002145,0.8778325211766731,1
1025814,0.8072809454784282,1
1071450,0.8503068076664495,1
1001906,0.6764166256664984,1
1029435,0.876900381070185,1
1055855,0.8501675617607897,1
1055078,0.6346596057048939,1
1075977,0.8360575218480548,1
1066108,0.8716706529303357,1
1014096,0.4970703126619586,0
1072701,0.4998513376127182,0
1085968,0.8680528935395039,1
1000043,0.8718988443633096,1
1069288,0.8518338036456841,1
1093002,0.861808691732167,1
1060708,0.7427889312521215,1
1069142,0.643889721435395,1
1071186,0.7215035811058407,1
1072442,0.8356321814536407,1
1051622,0.8774320240913737,1
1049586,0.8729940583670096,1
1034606,0.8546947549827517,1
1059637,0.8162860351916619,1
1010641,0.6665324333155755,1
1014186,0.8580110122763878,1
1098692,0.8551309135594409,1
1061744,0.8326468454181235,1
1040742,0.838387941536082,1
1071024,0.8530463238595178,1
1080530,0.8849904379130035,1
1042947,0.8078253266742237,1
1064690,0.8594145977032963,1
1035576,0.626896725796734,1
1068299,0.6629570125937937,1
1090747,0.7891081720806017,1
1017098,0.820484425765743,1
1062378,0.8418617350644775,1
1073131,0.8387617109122552,1
1015638,0.537328681510743,1
1003288,0.6855970022950341,1
1044036,0.536314546874324,1
1048293,0.7964806684268294,1
1003476,0.755823820738152,1
1018620,0.8337833844498431,1
1050644,0.7743300498707545,1
1041403,0.47621642289210786,0
1047056,0.8656662550388142,1
1080043,0.6843515261975264,1
1049181,0.8314080826105416,1
1031643,0.804280779679871,1
1016748,0.25135343499659035,0
1029552,0.5290497861795475,1
1022680,0.8665327234686051,1
1034869,0.8202888595218885,1
1097058,0.6027602169931822,1
1007923,0.5125616274069645,1
1070362,0.7378395644467043,1
1096377,0.85602405414847,1
1062238,0.8482457736745468,1
1065577,0.8807200140229727,1
1050102,0.8272107176124796,1
1051658,0.7748745208045448,1
1035629,0.6913243127890658,1
1023794,0.8616541028690491,1
1087629,0.4588085053649709,0
1042546,0.8604622927080124,1
1091737,0.7914535064365944,1
1079778,0.7954564969147753,1
1036163,0.8048590526234536,1
1095390,0.8343484475085966,1
1077386,0.8115965418574788,1
1026069,0.85104634767016,1
1068721,0.8372032221778115,1
1029650,0.8797001281146538,1
1067170,0.8236666303345122,1
1028278,0.7496136819755793,1
1095019,0.6523702970280784,1
1017731,0.7334475319535542,1
1000135,0.5334802533883845,1
1086536,0.7416082237712467,1
1000433,0.39833364736797455,0
1063151,0.7717608500692879,1
1080183,0.5397884383279901,1
1076215,0.8351167663880967,1
1077027,0.8665886840032598,1
1067845,0.7646577505178624,1
1095181,0.839783263995552,1
1045060,0.7945130780548323,1
1061303,0.5848428710471424,1
1077276,0.8364295123418354,1
1081282,0.8733307601080211,1
1044245,0.8737131327130755,1
1038158,0.7702029108746062,1
1005049,0.2965559181876099,0
1026225,0.7215023648887164,1
1057722,0.6077854764293572,1
1060499,0.87478686672986,1
1087017,0.687764858996532,1
1053544,0.8219827991367834,1
1060400,0.8346159059046986,1
1036319,0.7665760372209064,1
1024026,0.6480315973467201,1
1010076,0.5881541913109729,1
1000812,0.6965562634463278,1
1056168,0.887138490032688,1
1086531,0.87607215793065,1
1097715,0.7082095223036987,1
1033067,0.8995704086761603,1
1061123,0.8569591668830584,1
1038319,0.8222605352713345,1
1075503,0.6735752629885772,1
1035679,0.7885664618761032,1
1000176,0.7576678609467035,1
1000524,0.5979064274665566,1
1036200,0.8090778910935076,1
1009985,0.5585492577952339,1
1012336,0.478013631534358,0
1061628,0.8700396302670347,1
1089212,0.7889706521617501,1
1057222,0.6960424195096742,1
1022401,0.6544275118890978,1
1031935,0.8477739330330673,1
1085793,0.6926155734968222,1
1078933,0.7911979165337968,1
1094258,0.7977859175106524,1
1067704,0.790875381836747,1
1060388,0.8314366056503776,1
1038475,0.8141620762942746,1
1013790,0.7179829350355212,1
1051556,0.6214338257875831,1
1042472,0.6625785859382979,1
1072551,0.8356137078293889,1
1006766,0.7491071272832042,1
1045029,0.44248433542916915,0
1017260,0.6041422353379865,1
1017351,0.6311707648670771,1
1005824,0.8522570186244677,1
1095647,0.8684684847736379,1
1062059,0.8423746473355856,1
1077714,0.7636150238974564,1
1065175,0.8408105133728445,1
1047175,0.43984178612899105,0
1039734,0.774519234806342,1
1050456,0.7839767743260388,1
1059054,0.7512746830736776,1
1026211,0.8638736842629186,1
1040097,0.8564279022617738,1
1086106,0.7264272620123529,1
1045711,0.8609028538588703,1
1071147,0.5561419639347449,1
1045422,0.7630723057879258,1
1067990,0.8253911577155428,1
1056059,0.5392461659768107,1
1031966,0.830561212617754,1
1035946,0.6880562757955448,1
1098273,0.7901994155491344,1
1061035,0.8437626862231287,1
1033645,0.6084682243066262,1
1094043,0.7934499496630841,1
1031788,0.8168905546570108,1
1064744,0.6218145931201013,1
1001911,0.8521749526493192,1
1042068,0.8005118149230412,1
1027037,0.8418390729430155,1
1099735,0.6241687110114169,1
1067944,0.8386279255193265,1
1037814,0.9009539329984353,1
1078000,0.8524720324591498,1
1066335,0.7881106934327593,1
1066170,0.907268111158862,1
1084047,0.8562172283843772,1
1020217,0.8706255146750338,1
1081880,0.8612998000179655,1
1036679,0.8415905244261876,1
1080863,0.8592610815072242,1
1096020,0.8688668607271529,1
1064963,0.7712601275396913,1
1044680,0.8315172756807213,1
1067311,0.8296224167120804,1
1092387,0.2831656916575892,0
1044775,0.6898361699476898,1
1076242,0.5083323690783962,1
1010702,0.5953120367467901,1
1019169,0.8550409067749967,1
1049790,0.8797395840547519,1
1057756,0.7601719663536457,1
1005908,0.6629286835846468,1
1092115,0.7844393217466008,1
1037984,0.5987388415924543,1
1037894,0.820641360815066,1
1006366,0.42999310497985316,0
1059409,0.8378275564347313,1
1009380,0.8687625196181618,1
1032665,0.7854747949611401,1
1093921,0.8257075309989431,1
1047573,0.7500482361875037,1
1045801,0.8643072387952919,1
1038060,0.8229185182336921,1
1014935,0.843244055222537,1
1082741,0.8167904238334394,1
1024757,0.8234614763548493,1
1060471,0.19487785833278376,0
1051729,0.8648883862096249,1
1034564,0.7621650026123219,1
1089803,0.8504897100819447,1
1044766,0.7284698049211319,1
1019110,0.8097043680049861,1
1005174,0.6017292316852865,1
1026048,0.542911789079323,1
1091982,0.8356424017129445,1
1082041,0.5238182893477398,1
1073220,0.8039968353177902,1
1039251,0.5676602566181062,1
1089272,0.8307676571336753,1
1031846,0.8408007084839701,1
1032159,0.32373699390984956,0
1035633,0.8264512838611068,1
1065560,0.8608375708734753,1
1082142,0.8320556420573548,1
1018343,0.41220317154805175,0
1046829,0.7561774688880442,1
1074104,0.8476332154588836,1
1081514,0.8429222881044313,1
1010352,0.5526942201859454,1
1021697,0.7901908173245799,1
1079468,0.8790658816398365,1
1001802,0.8335425391923812,1
1049196,0.757874275474905,1
1068292,0.8743441260486993,1
1063682,0.8802056030490076,1
1068390,0.817509492149828,1
1088930,0.8072029527168976,1
1057444,0.8323009671646573,1
1023302,0.8532645380146319,1
1075360,0.888336289955906,1
1072434,0.9086165783246072,1
1088064,0.8593929002677915,1
1029772,0.865867963887583,1
1005857,0.6176000080458692,1
1026676,0.8453122870890202,1
1057189,0.8455749255837637,1
1076653,0.8797204442438358,1
1032184,0.7895443945870106,1
1010606,0.5971799154177986,1
1040546,0.8611563457845848,1
1041090,0.827180815339489,1
1017643,0.49875278106874443,0
1011810,0.5515940540778458,1
1095827,0.6933090132245673,1
1046195,0.7166978369247706,1
1091713,0.4369180674428762,0
1018540,0.6084135284994234,1
1036879,0.8932159173802185,1
1047909,0.5361340485029196,1
1053376,0.47991554042210827,0
1049255,0.8989032695941078,1
1063816,0.7303019212854838,1
1023230,0.8650566783365051,1
1034110,0.8328677921281888,1
1034668,0.6299354612396505,1
1025737,0.8215296931129595,1
1091143,0.8057841178497065,1
1046842,0.8946209253944062,1
1032418,0.8827151000339025,1
1034552,0.8140523470830741,1
1014127,0.6919035133182445,1
1084098,0.8056039321287044,1
1091286,0.6492588539248333,1
1042437,0.8211477777459458,1
1043092,0.8575671109647908,1
1051714,0.8011201069961109,1
1068176,0.8030126556176358,1
1023930,0.8489534069775473,1
1018155,0.5821150769722244,1
1061496,0.4739431063404731,0
1030734,0.7403046112963424,1
1020807,0.8024682924478307,1
1065387,0.8698651429560444,1
1067562,0.8891751473725641,1
1007944,0.8384490041014462,1
1092654,0.6379029098888371,1
1060068,0.8740791683521968,1
1097198,0.8842717676918013,1
1058632,0.8265064142148716,1
1035914,0.8134303515924871,1
1000698,0.5608599288647104,1
1007792,0.8367090282184866,1
1004683,0.861919711514551,1
1082692,0.37870505885865546,0
1003362,0.8439187135594424,1
1003091,0.6146715711499837,1
1077554,0.849571386001835,1
1026574,0.8139516739589379,1
1033634,0.8461674777827007,1
1014821,0.690488532080918,1
1091766,0.4408849994100648,0
1075802,0.7853198226821914,1
1083921,0.8573802632481436,1
1099345,0.680237878934014,1
1008873,0.3499868530250252,0
1095043,0.7804339891051194,1
1043077,0.867582046042682,1
1002758,0.48227571258389834,0
1002443,0.6694128527772393,1
1039462,0.8466497951751284,1
1051678,0.8123040431944115,1
1089801,0.8945279334386917,1
1085843,0.4739351238801658,0
1009922,0.8498209633548754,1
1041882,0.5055556317512718,1
1078027,0.8925428008928299,1
1046637,0.8266152072344819,1
1073821,0.8488621550419836,1
1002484,0.80902690251505,1
1038745,0.8824635185857546,1
1096463,0.8139164056311144,1
1070441,0.2497998152453358,0
1017966,0.48901295074865975,0
1091851,0.7702906145331955,1
1062451,0.6767174264665335,1
1090793,0.8107573272837785,1
1033905,0.8425118316548704,1
1093784,0.5359793208253367,1
1022315,0.7448652519639689,1
1016395,0.6517675371906472,1
1066128,0.8106235757504708,1
1058495,0.8566517187257773,1
1095623,0.8676070564960404,1
1071790,0.6716562235265583,1
1094695,0.8331013663972651,1
1047001,0.8309605243555036,1
1001859,0.8777988248954955,1
1075451,0.8483405173467038,1
1018812,0.487150572266618,0
1069487,0.8129518891156291,1
1027449,0.8565755938479584,1
1029124,0.8490108922592685,1
1094163,0.8493679929029032,1
1030428,0.8175162641300177,1
1047319,0.6006959594048965,1
1032074,0.8228216332229376,1
1051082,0.54719243129026,1
1085615,0.7582062713435478,1
1081255,0.7424838966434452,1
1003461,0.33994735350887895,0
1066167,0.873327355399894,1
1060324,0.807423979725174,1
1063248,0.6428389827154639,1
1064865,0.849132535499159,1
1063794,0.8635345579563283,1
1000492,0.7619633525229884,1
1006488,0.7189963888434027,1
1010196,0.5598640783485094,1
1004355,0.5664012748327055,1
1020384,0.7464688905826312,1
1056192,0.8432473563628379,1
1026607,0.7922603814304017,1
1067275,0.8108109826441066,1
1004480,0.49679126223432457,0
1034806,0.8020215295067554,1
1079444,0.8627084081519755,1
1022109,0.8157061382142609,1
1046171,0.8471288133988373,1
1041806,0.38719508774395295,0
1046814,0.5183959439822843,1
1018640,0.8185488655441248,1
1030740,0.7532939257930206,1
1046299,0.5763449749225126,1
1098797,0.870174906654791,1
1010636,0.5170378849597691,1
1025210,0.692395228222782,1
1099486,0.5784322870372888,1
1041546,0.9036412363079401,1
1085868,0.7293972007092845,1
1075403,0.8799978713652541,1
1062362,0.8478810145090261,1
1020978,0.6605968119512886,1
1043136,0.8763233332800523,1
1055406,0.8383340150349435,1
1040159,0.8725478472941721,1
1050590,0.8031081017905299,1
1040100,0.8399080773336961,1
1046284,0.884472477243133,1
1087679,0.8245111146008409,1
1049345,0.8201648298292388,1
1068373,0.8429311353657415,1
1022589,0.7826316058989261,1
1096783,0.357098384356615,0
1057557,0.7004489514492176,1
1063195,0.8535371855153808,1
1061396,0.5970972517468242,1
1041573,0.8183621543790583,1
1027583,0.6430169331592264,1
1009751,0.8716310906031537,1
1059351,0.8954018142699346,1
1085541,0.785175056422201,1
1035246,0.4958349119988302,0
1001333,0.6132856897239408,1
1056376,0.8110826646832439,1
1092757,0.841404361870952,1
1006095,0.42696496573008225,0
1008429,0.5713109277502676,1
1078926,0.7830168604545589,1
1052637,0.8513180020250847,1
1095882,0.7592259142955374,1
1081510,0.819925452384722,1
1086537,0.8990247222299346,1
1027034,0.8598819238048349,1
1013039,0.6277178438043443,1
1049444,0.7763158535379246,1
1007694,0.8901914693251365,1
1004366,0.8692759741155253,1
1025697,0.8449697266948588,1
1099870,0.8242022400749899,1
1024215,0.9047628155262819,1
1045916,0.771442117583941,1
1059406,0.6249991192345093,1
1075789,0.8307929423848649,1
1058473,0.6762798717756245,1
1055752,0.8575221486113903,1
1070524,0.8136431846483869,1
1073262,0.8195035995590487,1
1008693,0.6359963703269172,1
1086607,0.8041747124241932,1
1065501,0.8136350855945792,1
1031322,0.8283598715263388,1
1080258,0.4888811074980863,0
1026803,0.6361627956256567,1
1027812,0.8445506880369668,1
1025321,0.7936250706067068,1
1013203,0.5322569098899292,1
1038326,0.8842862081202871,1
1095327,0.8563972592545824,1
1076517,0.8412285687179514,1
1092779,0.8304666530509599,1
1090287,0.8553190887789942,1
1095191,0.8209550633992024,1
1096817,0.7393126835730882,1
1004334,0.8177359493953223,1
1045768,0.7667733252086439,1
1020052,0.7877844433466178,1
1014071,0.4411426928499557,0
1030615,0.853083006907061,1
1082598,0.8698649084406298,1
1015063,0.8711154333642401,1
1078874,0.8338993991306006,1
1037739,0.4499258887382714,0
1066129,0.8882440383286593,1
1045516,0.8531901108272173,1
1008090,0.6157968963009306,1
1022067,0.5997531220149913,1
1069042,0.8898144568687532,1
1063408,0.8486651665462783,1
1088963,0.7022948577568618,1
1043502,0.8458867554845368,1
1058447,0.9047785089504571,1
1050621,0.7313793845224318,1
1064192,0.8404422232240628,1
1049089,0.8732341530449491,1
1044296,0.8798526370260942,1
1045463,0.8084449853182205,1
1046038,0.7494783634323736,1
1086364,0.8459580590338042,1
1061119,0.84473653716664,1
1014248,0.7281413177058562,1
1094968,0.8534930754510043,1
1030222,0.8587253766443183,1
1076774,0.8662022847840306,1
1088305,0.6697755778496104,1
1066643,0.7986067227650255,1
1061810,0.7053480957729292,1
1084965,0.7080239976414887,1
1016315,0.8616998297415798,1
1006187,0.45362758025101474,0
1024680,0.8491325680140072,1
1039748,0.8120523384712444,1
1012708,0.5586311654313899,1
1078830,0.855368757620648,1
1085196,0.47252825664751774,0
1087370,0.7582686489236002,1
1039760,0.8683274080705551,1
1018022,0.8069482904231584,1
1017699,0.7582363906016159,1
1008685,0.628599972624478,1
1059941,0.5985758464562494,1
1006651,0.3968964962853062,0
1052543,0.6911853500665986,1
1025322,0.8406295038246826,1
1062095,0.8355511574285128,1
1096145,0.5382209079893467,1
1080573,0.8112413493605528,1
1068428,0.8512624640160598,1
1033195,0.8548897889106948,1
1071427,0.8642567466867074,1
1052013,0.7950569245771636,1
1054337,0.6457910611001249,1
1055732,0.8475509493751808,1
1083877,0.8789381044600149,1
1090337,0.360664876439971,0
1029712,0.7342558991472781,1
1072450,0.8365997677344207,1
1053182,0.8546976275173119,1
1015497,0.49256505028043523,0
1078248,0.8474403875941902,1
1072301,0.8537019030171895,1
1041684,0.849699401364092,1
1080865,0.7432143451201007,1
1056462,0.7860995693228632,1
1015644,0.5997879106007334,1
1047608,0.7997252466494047,1
1095996,0.6492865062701257,1
1081142,0.8353276110302662,1
1087938,0.8385676544470662,1
1075262,0.8898967956653441,1
1098363,0.8183594205221527,1
1080775,0.45421579037774956,0
1026662,0.8068663207397757,1
1081951,0.7943874386758585,1
1077513,0.867736372370509,1
1035787,0.8684356064549595,1
1091705,0.6981103295958343,1
1026028,0.44112835655790306,0
1038674,0.8263504716032797,1
1027759,0.525064341819872,1
1025030,0.7416665217472262,1
1054117,0.812100767150038,1
1035999,0.5052192942820988,1
1087557,0.7091892581551067,1
1015413,0.8849739285220698,1
1020191,0.7169200191493433,1
1088010,0.6632006536130487,1
1012841,0.367704666406027,0
1085785,0.8343831745089126,1
1083439,0.7640788776444251,1
1010355,0.5689724318074907,1
1099129,0.6395409821094874,1
1076022,0.8296287954250297,1
1023822,0.7566995238799259,1
1022501,0.7946280005158326,1
1090961,0.6573730442210025,1
1097847,0.8417038792241087,1
1055559,0.5705265832096557,1
1078674,0.8573543723772235,1
1024942,0.7896048136883226,1
1000453,0.8348107244370365,1
1076049,0.7831024154391094,1
1011953,0.7882807499272245,1
1080080,0.7765340641763018,1
1019702,0.8387326835956929,1
1033178,0.6875707677619112,1
1023523,0.5597603139380848,1
1001517,0.6363153823581613,1
1091008,0.8678542354495237,1
1012248,0.4717720687420032,0
1026040,0.8265960265767792,1
1017466,0.6090699578796022,1
1068906,0.6299856417474327,1
1087908,0.8275239791750443,1
1028696,0.8038545380693705,1
1088826,0.8531475958225697,1
1057440,0.8452922665655191,1
1035829,0.7905022721550684,1
1037978,0.8248445588191639,1
1063546,0.5525255780148364,1
1082921,0.8456860646317887,1
1037228,0.8422955736141521,1
1069524,0.8670421135805858,1
1031179,0.7844152276431028,1
1040600,0.44968616428969094,0
1010597,0.7455195272130413,1
1061257,0.8640988905532343,1
1067574,0.8400730740608344,1
1094200,0.8046577831225151,1
1033024,0.7799519682988131,1
1051560,0.8513717693721283,1
1031373,0.8347834138579944,1
1085735,0.8455504406048702,1
1090864,0.8540624851168428,1
1069477,0.8365515324149045,1
1089055,0.4664447908895491,0
1099637,0.8186453391398681,1
1088605,0.71551122066041,1
1089029,0.8653679387901354,1
1073908,0.8426478066598999,1
1082024,0.8693315993192084,1
1016036,0.6085318587373735,1
1043891,0.8022729993894788,1
1086219,0.6166647532690671,1
1053686,0.8241817769055737,1
1057921,0.8468213154233212,1
1054654,0.866537552980788,1
1025471,0.741830564837411,1
1092203,0.8402218742623515,1
1058049,0.8775299215992849,1
1093056,0.8010771538689069,1
1019180,0.8070887004581487,1
1088037,0.8271340465478942,1
1033390,0.4436840445208453,0
1037210,0.8290370265082959,1
1057414,0.8547840020458654,1
1082191,0.8861115507285503,1
1060741,0.82320915103203,1
1096920,0.5946719722578219,1
1081497,0.8200089845749658,1
1011111,0.8258346411176676,1
1055851,0.6891887586613239,1
1076288,0.7459240504140071,1
1076678,0.8350880252337602,1
1048347,0.7840727815547588,1
1018372,0.9086950455515741,1
1086722,0.8735764304107018,1
1066549,0.8786004146511902,1
1019078,0.8078046059874417,1
1079115,0.8440426328780805,1
1069149,0.8714447958389402,1
1045012,0.8431741785833421,1
1013936,0.7982505627363362,1
1084134,0.7872730212393203,1
1075824,0.8790441530708607,1
1005716,0.8718446240982507,1
1088578,0.6162984388661699,1
1032328,0.8004875936440187,1
1031703,0.8874767166625447,1
1081787,0.8568109594819949,1
1082722,0.8037526197993449,1
1000423,0.8544046159983486,1
1022650,0.794283200415375,1
1037898,0.859321586189809,1
1059679,0.7882510711776672,1
1009063,0.8012178946095248,1
1057944,0.870745964820479,1
1036463,0.8293087172616119,1
1049938,0.8932084774682332,1
1010530,0.5902713368388389,1
1078581,0.8127152067944798,1
1060493,0.8475158932480996,1
1036499,0.7368556544309608,1
1092294,0.6344423369366132,1
1020672,0.8364678743827633,1
1007637,0.647137631737443,1
1026434,0.864131804204967,1
1038671,0.8362411197725083,1
1016327,0.8455752562737954,1
1004829,0.6151292311609183,1
1013063,0.8405194282212798,1
1009061,0.8854026010899547,1
1040847,0.35319945643476236,0
1012331,0.8502952828090881,1
1081652,0.801833375739467,1
1032284,0.4456023781818801,0
1062255,0.5679250019833021,1
1084421,0.8299373662358979,1
1098616,0.8699804266656714,1
1011530,0.7273333930081731,1
1005636,0.7241537737333341,1
1009696,0.8511511286013025,1
1016951,0.4426133171540242,0
1090954,0.7136197944828337,1
1087547,0.8446680282673996,1
1000999,0.7500908561257059,1
1020632,0.792376858023544,1
1060607,0.8477538238434991,1
1011405,0.7995434192818756,1
1031152,0.8444525715086177,1
1062973,0.8538278851766384,1
1063234,0.78426585863387,1
1097862,0.56530139580051,1
1097758,0.8703561439767532,1
1035665,0.8027230405645782,1
1088298,0.8398518854843481,1
1019809,0.5682094181060937,1
1037628,0.8626031847150799,1
1049226,0.8207590610565079,1
1086575,0.909702726614408,1
1028163,0.5678672025748884,1
1088889,0.36657093234075344,0
1025346,0.8367933530404419,1
1087099,0.8619319362542504,1
1026442,0.891815232653297,1
1083148,0.8209293391240546,1
1051294,0.8900607847833505,1
1040445,0.8657410789527655,1
1075617,0.8449186046729271,1
1029106,0.7515681678770144,1
1041696,0.8306080179165061,1
1032560,0.8216413254396784,1
1087883,0.8758546927036686,1
1062670,0.8991386860342763,1
1025949,0.49046994979706654,0
1088799,0.8235567646835007,1
1093321,0.6486791722375703,1
1073581,0.8233857330244377,1
1061028,0.8744971827568583,1
1069896,0.3690593764626173,0
1045676,0.8892223964510121,1
1001833,0.6388034653073751,1
1042233,0.8761528997972119,1
1064892,0.7933109201370897,1
1061703,0.8280453604888615,1
1035627,0.6948911118343691,1
1082091,0.8358021399787008,1
1021459,0.8743462440493162,1
1096459,0.6916792507450866,1
1004142,0.5550609688901658,1
1043542,0.6963098675148941,1
1051674,0.8559954767546541,1
1033142,0.9031056585896882,1
1049721,0.8338877798058415,1
1093467,0.8184645318785482,1
1041720,0.7816056044265575,1
1097913,0.5936184663091005,1
1095822,0.8544317501686107,1
1054868,0.7173292107801553,1
1066840,0.8067748263368214,1
1006731,0.8435905571511563,1
1039871,0.8124943799267957,1
1061218,0.8784486891061318,1
1067047,0.8784311316292719,1
1031565,0.8057241504879332,1
1003582,0.4886512754538243,0
1077192,0.8494393724162927,1
1092121,0.7108127770220629,1
1022236,0.8730051436415961,1
1046765,0.5891089134273918,1
1055810,0.4702702566382284,0
1031675,0.85680067065374,1
1038295,0.8853282784023109,1
1079431,0.899791850444216,1
1056758,0.856980986090927,1
1000942,0.630118510511994,1
1067639,0.8164187566725415,1
1056966,0.8790466449436675,1
1011318,0.7137793347886978,1
1046519,0.8366625984848343,1
1080377,0.48831375137103333,0
1059338,0.8455330292490945,1
1079364,0.8745063700309366,1
1031688,0.8156725193354026,1
1025049,0.8043627010465524,1
1040114,0.8384354238441764,1
1040512,0.8699403314532795,1
1069831,0.8580271598404954,1
1040755,0.8606513264639358,1
1077462,0.7668848848789772,1
1083300,0.9008330085843226,1
1004239,0.5345946878904811,1
1071334,0.8042296790314541,1
1053126,0.6840213028884251,1
1018422,0.8539944767137068,1
1015607,0.4294319512175814,0
1055138,0.854472573284602,1
1052971,0.6040435683571426,1
1036381,0.7173582093651415,1
1073711,0.739882629942666,1
1097451,0.855915013083758,1
1008030,0.5531440592485652,1
1001275,0.690677853432048,1
1060014,0.810235683910084,1
1053928,0.41336771745957007,0
1013841,0.8517801712400643,1
1009871,0.45187621809029754,0
1098542,0.6422046187804236,1
1005610,0.43989639215240295,0
1075934,0.8885401799539304,1
1099566,0.6234181529792968,1
1083414,0.8426316491020945,1
1091449,0.9009883365982791,1
1040077,0.8459359302131029,1
1094736,0.8394733656884019,1
1014544,0.8741984476529461,1
1008075,0.3999072071551662,0
1021561,0.7887952464520464,1
1079482,0.6944243351022785,1
1087425,0.8473814295293679,1
1043400,0.8407993742870281,1
1077499,0.8256395036702693,1
1098124,0.6172868127084761,1
1052160,0.8164305838124962,1
1082477,0.8311278448360685,1
1063102,0.8172653751834451,1
1038554,0.8783413915094258,1
1077291,0.8463127933361171,1
1054684,0.82750450216738,1
1054669,0.8354119247271876,1
1007903,0.31679484910269173,0
1038643,0.8678502690613106,1
1033000,0.8764244950313504,1
1040132,0.8509952408223723,1
1074888,0.6647491927329093,1
1031140,0.847092816446269,1
1080552,0.8423595379508629,1
1002346,0.831805764202975,1
1055236,0.8441943346107271,1
1057485,0.896627647442807,1
1056791,0.5433262420045074,1
1047702,0.7993687817078311,1
1025225,0.8510460156274983,1
1029211,0.8258146812009284,1
1025115,0.8663932546730903,1
1034249,0.7837806315548487,1
1038780,0.8978578258337455,1
1044648,0.8968571674359894,1
1037987,0.6654156465024452,1
1083290,0.8553792392712304,1
1047512,0.8564796595482442,1
1003130,0.8485192751622699,1
1086999,0.6264719320894526,1
1070743,0.7204774578666667,1
1074506,0.7932219650030379,1
1041482,0.8009750625526482,1
1089552,0.7375013206368918,1
1026934,0.6235601994508143,1
1023314,0.855701636893423,1
1015785,0.6327202938289469,1
1084893,0.7380995010853427,1
1043323,0.868441152793172,1
1099098,0.8350353918731116,1
1031769,0.8665110669373044,1
1058646,0.8455153903236505,1
1061369,0.9017842406403566,1
1041120,0.8247585044580655,1
1021854,0.8495174610832632,1
1012426,0.8400216592124717,1
1046150,0.8660803346400341,1
1063138,0.6200172409561919,1
1021915,0.8756753081452792,1
1051828,0.83721480538671,1
1038113,0.8681291973880644,1
1073455,0.8586014918685998,1
1050582,0.8424398524775986,1
1081050,0.7150432276524172,1
1010773,0.8856618229780426,1
1064342,0.865646266475673,1
1037771,0.865705011376145,1
1009811,0.810184418968276,1
1060913,0.8134690133237406,1
1018918,0.7535166513865568,1
1062817,0.8003200612198169,1
1018612,0.4233358350278524,0
1071502,0.8283018618268673,1
1055594,0.8885596647142852,1
1055377,0.8491372005432617,1
1042297,0.8231674246409776,1
1046651,0.8401557424603779,1
1001902,0.8036671615432637,1
1047828,0.7070563458988888,1
1018973,0.8781617258822064,1
1072321,0.8335436622188878,1
1012965,0.4733345030492317,0
1096777,0.8584010800839562,1
1064713,0.7623371614390356,1
1012813,0.7856783091927477,1
1071009,0.8402731677850106,1
1087495,0.45497987127812484,0
1016304,0.6925840551386704,1
1056968,0.8165530273678959,1
1028271,0.8277962844694956,1
1070652,0.6822463873936414,1
1055099,0.8529817096189483,1
1049131,0.8319566327840539,1
1060666,0.8878619067883727,1
1015073,0.3700495671600925,0
1086813,0.8569473088958265,1
1060291,0.3708258429418527,0
1071359,0.740370912675349,1
1016056,0.6283264118033213,1
1049449,0.7338663555736928,1
1017472,0.42703605915551623,0
1003848,0.5560415116727304,1
1002205,0.43861494849436167,0
1030995,0.9037038756743075,1
1093589,0.847212108888053,1
1069095,0.8731014580362405,1
1086851,0.8014433970451,1
1022627,0.7804444053415729,1
1008544,0.6655685169360832,1
1020281,0.4799508115158995,0
1096750,0.8635102787367847,1
1040094,0.6581692757517752,1
1088615,0.7770803312120387,1
1058865,0.7300640794189726,1
1016641,0.8215076967562284,1
1099948,0.8560234000303263,1
1039833,0.8714384881190071,1
1065834,0.5690091480571176,1
1034375,0.8437338264401139,1
1063747,0.8280584196136278,1
1047783,0.5640525197140673,1
1061397,0.8493741788117466,1
1089320,0.8615785480100642,1
1038906,0.8437391773619863,1
1011149,0.8773396092636286,1
1065833,0.8500823474361489,1
1004747,0.35688260164346136,0
1061885,0.8245543822485594,1
1020934,0.7482082467603282,1
1089434,0.7559766703790651,1
1092246,0.6640227541575883,1
1092870,0.8471041801795564,1
1014267,0.5389802840448822,1
1073872,0.8955789185733062,1
1090035,0.6474569894672993,1
1034494,0.8654566630849818,1
1007304,0.5822663809600299,1
1043511,0.7641522144454556,1
1060451,0.41608504668531465,0
1043048,0.781797397840786,1
1011512,0.5203010862996277,1
1005227,0.5887346330946103,1
1089569,0.7728836473003631,1
1043390,0.8657914825229825,1
1076950,0.8696983683474967,1
1097694,0.5377590760812735,1
1010439,0.42032011480093306,0
1087731,0.6364949407244264,1
1082506,0.8694548813312782,1
1009940,0.5360946484256311,1
1068517,0.8621944041061013,1
1024538,0.5695731009816358,1
1012868,0.3358530738833554,0
1074261,0.5658307104455363,1
1034802,0.5127957547505965,1
1035988,0.7458330121870137,1
1092583,0.8620488799203686,1
1074629,0.8761944196163237,1
1053155,0.7801693665520476,1
1082851,0.7688213551641218,1
1037193,0.8428537351070859,1
1011327,0.858591652358347,1
1067319,0.7771958215929938,1
1045177,0.5574426549640223,1
1045819,0.7816586946408185,1
1093282,0.5854567328187305,1
1052306,0.8591323035223987,1
1014013,0.4862480102062558,0
1062501,0.8295709038585836,1
1031592,0.8917645370375731,1
1082014,0.747832095907384,1
1095757,0.7930452914440811,1
1080284,0.8859611980132663,1
1038667,0.8792248959939487,1
1097476,0.8944297201894448,1
1070247,0.8913956358952017,1
1053059,0.8480008368474089,1
1044079,0.8760898430120095,1
1036016,0.779577550675221,1
1094581,0.8659781223587508,1
1003727,0.5350907591388695,1
1094414,0.814330999101953,1
1088177,0.834640918860227,1
1044774,0.8103154028432402,1
1087676,0.5609291021073944,1
1002927,0.8524015878046703,1
1073393,0.8494056459337992,1
1032629,0.5655337140569725,1
1026340,0.4904498228820613,0
1060769,0.6826928320188835,1
1072077,0.8712121470805494,1
1015101,0.89504614355865,1
1019541,0.8772395963959191,1
1053745,0.8006926616559454,1
1016834,0.520458013924322,1
1080277,0.8807638211647614,1
1068379,0.8620324819612613,1
1035803,0.8842377017050933,1
1020559,0.8640970033376378,1
1072729,0.7623201332169699,1
1051547,0.8867434079309289,1
1007078,0.6846813267521371,1
1068034,0.8729156376542133,1
1026060,0.7861841973686982,1
1053026,0.8075039218244651,1
1007142,0.6679467593613723,1
1019837,0.8445029027094441,1
1004883,0.5857750712369132,1
1069458,0.8693025618401516,1
1032170,0.819847314258093,1
1081538,0.524276815067918,1
1031161,0.8740043759067767,1
1011256,0.8208983144829657,1
1047755,0.4867246700972044,0
1011561,0.8650669516232898,1
1016909,0.7400852510426725,1
1041121,0.8345733956036362,1
1029103,0.8356089633988563,1
1056127,0.8572609719236982,1
1041145,0.87732914329775,1
1083147,0.7690029227834246,1
1075807,0.763077911816255,1
1039439,0.8844846155509439,1
1033393,0.4804024154363673,0
1015310,0.546326164667367,1
1061951,0.8272886609389891,1
1056221,0.7141212432385523,1
1013691,0.5968018176402444,1
1015428,0.6082260504074017,1
1027049,0.891559836903307,1
1030015,0.8302055983116906,1
1044026,0.7233301693190594,1
1082102,0.8559371232827812,1
1012799,0.8531321549652795,1
1028916,0.8689660118936918,1
1011077,0.5752473800999602,1
1067528,0.8738720667502333,1
1092932,0.8513194763849954,1
1053278,0.7969738314615102,1
1090681,0.414255415138776,0
1080609,0.8282610079229306,1
1039819,0.6796003195860209,1
1022006,0.6565083282051408,1
1024784,0.845951825799889,1
1070518,0.6688325542574453,1
1086631,0.7102091606019839,1
1096655,0.8311721705317973,1
1048724,0.815652533008589,1
1075361,0.8312829020687149,1
1046841,0.8827280983544651,1
1017038,0.6562150248580498,1
1006457,0.4134036773535704,0
1022623,0.7609416521431444,1
1072582,0.6346897824298876,1
1041979,0.7655880303887141,1
1063467,0.7790867796851009,1
1072760,0.7328309806899244,1
1005841,0.5600791227841008,1
1005020,0.7267091546049379,1
1085571,0.8248060827623711,1
1026652,0.7007197681335987,1
1078011,0.7293509894207022,1
1091959,0.5778198195276009,1
1015443,0.8479231422765777,1
1012163,0.8187150711112959,1
1077833,0.8242562655779243,1
1004090,0.7124433078333678,1
1018493,0.5111065532129441,1
1067669,0.8042036957709402,1
1051672,0.9085679460154958,1
1020753,0.407174114709374,0
1036631,0.43581816173051374,0
1089192,0.7714147746480432,1
1071990,0.7999442382764591,1
1097602,0.6101242567151699,1
1008115,0.8606861853619848,1
1085579,0.8504689720619049,1
1088434,0.7632760674067477,1
1062932,0.5939086534593806,1
1027154,0.8005424417749857,1
1081335,0.8567421551200173,1
1022923,0.8322739062839635,1
1099588,0.772792982431738,1
1025846,0.8521353217015499,1
1039756,0.6799661588757759,1
1084695,0.7172359920976698,1
1075223,0.8630002060703806,1
1027714,0.8275395240614335,1
1095301,0.6597793154239341,1
1037540,0.35189265895732913,0
1061190,0.7512880447117587,1
1023792,0.8958275254397304,1
1070356,0.8267367969073712,1
1099818,0.6269117068936224,1
1023413,0.8235836723022368,1
1063563,0.8618286052364584,1
1000297,0.4761120477261276,0
1062666,0.8921312952578957,1
1056366,0.41297635468472393,0
1081672,0.8482912222885134,1
1079909,0.8762022692010859,1
1043968,0.8674913889334406,1
1017353,0.5365468698633125,1
1060739,0.8582434727443844,1
1023365,0.7544290407267639,1
1094490,0.8102071898980368,1
1087531,0.6276456211707169,1
1083732,0.7798900971636453,1
1017355,0.8318409480550684,1
1006561,0.8259353726260886,1
1044545,0.7991796367518722,1
1073545,0.8784614481581389,1
1034306,0.8256042447213331,1
1036047,0.8059918304811192,1
1095389,0.34541952460177555,0
1071124,0.8579287596304468,1
1050752,0.8405202724188008,1
1018786,0.9016394628786291,1
1070132,0.816022202917614,1
1013976,0.8620103669434682,1
1050295,0.7100614912519903,1
1010424,0.7171625909028837,1
1081668,0.7992389435027446,1
1026911,0.8469049386190106,1
1071117,0.8892722581489113,1
1097222,0.855400189014485,1
1076448,0.8117841080600708,1
1010786,0.8645685421150758,1
1022180,0.8666882687472347,1
1098610,0.8269809965643871,1
1057355,0.7611984714115411,1
1074478,0.5714466380022077,1
1010413,0.592081160336536,1
1058892,0.7946325616126876,1
1010521,0.8162113948636716,1
1054967,0.5611852543978704,1
1050545,0.8587834918885121,1
1021774,0.8454711784750489,1
1070902,0.7887502985966425,1
1092283,0.7706529757716176,1
1005962,0.44225892544148415,0
1068144,0.4476225714808223,0
1018113,0.8704796409701596,1
1026543,0.8483570264703165,1
1056329,0.7141835091277442,1
1028939,0.8814028950759246,1
1093577,0.8762133234512492,1
1078620,0.8745333581246691,1
1045023,0.47243207322217945,0
1032405,0.8691056990933089,1
1091274,0.8312753272268427,1
1000981,0.8266877094004446,1
1034403,0.8685031627842399,1
1020020,0.6083824329561323,1
1065210,0.8910352301279962,1
1057821,0.8500848536911698,1
1099239,0.7016276864384849,1
1069223,0.8327666916910749,1
1074790,0.8211914093402579,1
1091100,0.9102196261736095,1
1056394,0.5238633515541351,1
1065685,0.8106412852300315,1
1035098,0.8711655777935398,1
1049069,0.6328956523265108,1
1098819,0.8560593804897921,1
1096749,0.6863986500901951,1
1070604,0.8465904524951388,1
1048207,0.6292246733599804,1
1081694,0.7755323344974393,1
1048056,0.8714264640150601,1
1028936,0.6116588806090743,1
1030744,0.8366596351063357,1
1051385,0.7965594273893795,1
1015337,0.6684404639704526,1
1067140,0.7955283501187,1
1019254,0.67179909099704,1
1079874,0.8545420088136483,1
1017432,0.795942881095917,1
1012557,0.3722361988177532,0
1015782,0.8069451862740761,1
1076926,0.782414390900268,1
1057614,0.8317247073276931,1
1029300,0.8977572918279659,1
1095184,0.8770748488328304,1
1086760,0.8024785650478148,1
1031308,0.863079755544937,1
1067176,0.8569599626353986,1
1086539,0.8273527351038243,1
1083864,0.8090098711849374,1
1062768,0.6508360550025136,1
1076207,0.7361816189402901,1
1039150,0.8203253787760253,1
1051928,0.7645484723597191,1
1008170,0.795417221457155,1
1070366,0.7883729955520736,1
1061385,0.8708104936047703,1
1017721,0.6543776880741148,1
1081705,0.8303887897978225,1
1082160,0.8425909192000962,1
1044425,0.879413159093018,1
1074508,0.8601800876726202,1
1012942,0.5695571776915067,1
1004920,0.859037817447613,1
1006281,0.554186525651327,1
1090007,0.8305604865886914,1
1096199,0.28001498920274315,0
1015548,0.48429174085714505,0
1014195,0.5803295684210508,1
1098150,0.6145482942017724,1
1092519,0.8598641157852943,1
1019686,0.8949215939197396,1
1001353,0.7617907320591882,1
1032480,0.7879809809751707,1
1040082,0.8365053151977537,1
1083824,0.8441568303015247,1
1060706,0.8084130121662582,1
1067700,0.8718175600663196,1
1015053,0.547956007450493,1
1071681,0.636269445613902,1
1009439,0.681563377402167,1
1036871,0.8909368358301584,1
1000367,0.4725328273332184,0
1014928,0.5984869838587199,1
1032718,0.8567541506437056,1
1041847,0.767053026763676,1
1038663,0.8469531997916278,1
1076045,0.8765553574230355,1
1015202,0.6918457409335361,1
1067925,0.8877118106229651,1
1065376,0.6955750345219118,1
1018470,0.7470094436941024,1
1055896,0.7928937068290562,1
1070891,0.8609984368812912,1
1028949,0.7443749030984541,1
1061344,0.8775816223882489,1
1035155,0.8336029469749481,1
1056703,0.8046122152106382,1
1029825,0.8364007039539981,1
1092655,0.7972157762328589,1
1046445,0.8646951984636531,1
1068935,0.8491936621611837,1
1094214,0.7469735095488863,1
1005478,0.8787844848247363,1
1028065,0.7880724138164464,1
1097407,0.8600088720267549,1
1079357,0.873735416651798,1
1037117,0.8096264348396152,1
1018781,0.356415305206932,0
1019743,0.8002589613217094,1
1073259,0.7050929245259409,1
1043484,0.9051567155435847,1
1036111,0.827347588699879,1
1060634,0.8243393579874347,1
1023364,0.8945796668176819,1
1041887,0.6213454247531351,1
1050022,0.834278140241672,1
1012104,0.8516106656068602,1
1081637,0.6841269411264351,1
1036302,0.8581443775637435,1
1022922,0.7950732943162618,1
1012028,0.5440523391508909,1
1086699,0.7406169004716537,1
1075017,0.37234987956081145,0
1039657,0.49113383584055914,0
1051389,0.8477860918420059,1
1065884,0.8555379379878634,1
1021390,0.8069235356739975,1
1068331,0.8651628211060106,1
1091597,0.8880797417180937,1
1027659,0.8534471058633512,1
1073799,0.8435787424368014,1
1015194,0.5852832364065628,1
1096608,0.7994786405981211,1
1068722,0.5251044593720506,1
1091060,0.5571110703901345,1
1052621,0.8628183556012695,1
1033593,0.7928782945515217,1
1068932,0.8404227263496642,1
1042617,0.8117637136077994,1
1048908,0.8573132430011914,1
1007924,0.8216216412798758,1
1015733,0.6691249066209698,1
1052633,0.6742881808856346,1
1068074,0.8822478049156318,1
1078511,0.6886849778033092,1
1027268,0.8115346537982272,1
1051859,0.7878728492764432,1
1038810,0.6987747779533058,1
1039143,0.8619441245464311,1
1032712,0.8802184372735813,1
1052766,0.8661802825343867,1
1081121,0.8788283895965624,1
1007751,0.527669976076312,1
1076366,0.7566583698220342,1
1035571,0.8445616262456803,1
1055142,0.6802990758361261,1
1031632,0.8112013594423833,1
1078931,0.7858639812128183,1
1022073,0.8505500864374108,1
1084071,0.8695766548399282,1
1027723,0.8428081578297094,1
1064177,0.774970137666677,1
1092825,0.8523552272326876,1
1039105,0.8718353815407756,1
1012313,0.5969542448909502,1
1020723,0.7948318019404227,1
1080217,0.793156684575934,1
1083419,0.8943324279982047,1
1045646,0.5121099641120409,1
1051489,0.8198194963782635,1
1077982,0.8266665221931295,1
1024984,0.4751154150301372,0
1088550,0.8747253462172165,1
1017396,0.9097008119302303,1
1055374,0.8165066764162253,1
1026347,0.8484779924047777,1
1008217,0.36240760916831366,0
1080412,0.8454872718551751,1
1026105,0.835686088356901,1
1014911,0.8479513350161071,1
1022321,0.8553872512126504,1
1092867,0.7582440943001325,1
1087109,0.8198519695724695,1
1045663,0.603124279868355,1
1004796,0.47456115214981487,0
1058220,0.7994346996192006,1
1056979,0.794675866436289,1
1037208,0.8325948354571874,1
1013465,0.5861143111806367,1
1055566,0.42237660143175837,0
1015968,0.6495123386191799,1
1068066,0.8486952104346376,1
1014960,0.8510832383241693,1
1003703,0.87022940541255,1
1042642,0.7627943327565265,1
1050888,0.7985138893582137,1
1061868,0.8873371825888824,1
1049926,0.6190370447887593,1
1036561,0.7314657892500525,1
1079158,0.8374894046655749,1
1011927,0.5264108204930018,1
1097668,0.562827382119075,1
1082502,0.8011487607391719,1
1079264,0.8503065720836426,1
1094532,0.8868205060781229,1
1006572,0.8414742561213322,1
1070142,0.8303040265179327,1
1005833,0.6308094836360455,1
1075332,0.8327585771919905,1
1008645,0.47917273815998523,0
1048249,0.8503164094614407,1
1039917,0.8491972405745324,1
1006739,0.46015027184700474,0
1034233,0.6813790001193877,1
1071592,0.8410785151960116,1
1017459,0.5401921152449419,1
1074920,0.7573301246226942,1
1029147,0.8444593493530806,1
1066930,0.5722997437477184,1
1018234,0.5717934312851228,1
1014471,0.89434941110847,1
1016887,0.7774522584630811,1
1079044,0.8074467576850727,1
1064849,0.7432441472821809,1
1064747,0.8886747763783219,1
1085736,0.8164483155839949,1
1094172,0.6543506402064105,1
1077822,0.8642716116178146,1
1080557,0.7877261515062979,1
1059307,0.8435529505372744,1
1030542,0.5908434018711165,1
1054873,0.7776978572687582,1
1056717,0.7056142880333701,1
1035118,0.8322748768551795,1
1022561,0.6002232445372776,1
1087081,0.8360951580186516,1
1021651,0.6889180210996069,1
1032722,0.8654127874264115,1
1074399,0.8421276189528466,1
1038439,0.6866471863519585,1
1024460,0.39617495479638626,0
1043272,0.844041888910951,1
1083110,0.8827165409656563,1
1009824,0.662722202596766,1
1011732,0.8747836469613568,1
1079181,0.7731325973817178,1
1055020,0.8486685829171984,1
1036007,0.8408034101879427,1
1020156,0.8703588512033261,1
1006957,0.464580765728733,0
1067917,0.8383482483276321,1
1026604,0.868904374836844,1
1075000,0.8313762206438714,1
1083170,0.8648723455446854,1
1098212,0.8340907531377244,1
1052864,0.6563049818932281,1
1076344,0.8208142055601518,1
1051152,0.38368005642107583,0
1083096,0.446562742377338,0
1030354,0.4363265288959098,0
1042558,0.7680773891494312,1
1073070,0.878181130955541,1
1007891,0.6958449560659588,1
1008730,0.6590985375132535,1
1091593,0.7475329137462708,1
1061295,0.7565972795195556,1
1019890,0.8641676779812654,1
1087471,0.8477167840636403,1
1021869,0.8338118001210002,1
1061359,0.8577858595207132,1
1003146,0.8615891842680695,1
1059627,0.7789980109526495,1
1093225,0.7265796816219122,1
1039993,0.7423975287187515,1
1054977,0.8936202883916543,1
1052547,0.8727611696378638,1
1008372,0.8847976964213542,1
1017553,0.6171418881814608,1
1089582,0.7200747290603599,1
1036483,0.6521530354433709,1
1062738,0.8447286567202896,1
1084724,0.7086813699689922,1
1053873,0.8481709800494318,1
1070568,0.9063849579654721,1
1032275,0.7807758793196021,1
1081822,0.8245483059213129,1
1007343,0.648000558682476,1
1090799,0.832231889244888,1
1089982,0.8657719782809213,1
1080740,0.8310824400279205,1
1009308,0.4882123727925543,0
1005031,0.3767244225057157,0
1059753,0.8538375230616723,1
1028693,0.823594352806161,1
1073219,0.7704225836779074,1
1074188,0.8616321428297617,1
1059198,0.6175412416391625,1
1011739,0.676057211483309,1
1034888,0.8635365757277219,1
1065153,0.872666173397056,1
1058050,0.6668218949361544,1
1008149,0.7084691996840199,1
1099850,0.6268287054088026,1
1045870,0.4730854028081429,0
1061718,0.875549560061227,1
1003049,0.504928302163708,1
1030921,0.8874818853671594,1
1015318,0.7908070510756638,1
1010239,0.6589246201425005,1
1068564,0.6736379750287671,1
1010874,0.5457433686238059,1
1004661,0.4221645438885602,0
1013174,0.3853171852800473,0
1067302,0.8296792638234038,1
1003450,0.6643872996380354,1
1045468,0.8301031647629731,1
1088868,0.6478882861939685,1
1094440,0.7670576388789538,1
1072154,0.6867077142415915,1
1006349,0.4653943221949692,0
1058108,0.8380253561470911,1
1007357,0.8482636198803171,1
1030267,0.8169790053800347,1
1081469,0.8778767543171626,1
1014160,0.8737628513303377,1
1056036,0.8391791327253464,1
1018046,0.7671680890469903,1
1023820,0.8234357031507213,1
1088781,0.8586618731662861,1
1002903,0.8537829762012638,1
1008740,0.6496736617120836,1
1036710,0.8699064223484875,1
1070533,0.507199568171682,1
1035279,0.6187210896019576,1
1028712,0.8112222028397258,1
1001159,0.5218409910598892,1
1086492,0.8565444206289876,1
1083395,0.8280724367892939,1
1050390,0.8497604918880021,1
1031435,0.8348952056173433,1
1059863,0.8116595239846041,1
1031785,0.692621915619047,1
1047189,0.5045709206054755,1
1075813,0.8601778404854382,1
1056588,0.837865686069362,1
1094305,0.9002764550147238,1
1041968,0.7904401482760671,1
1068642,0.8437290068194438,1
1050838,0.8263588035642858,1
1068311,0.7635284321125079,1
1046177,0.8780333598169379,1
1093593,0.35989077713471795,0
1016543,0.4887210052835862,0
1086013,0.8777087808279346,1
1091500,0.7301729184625498,1
1058825,0.8693523516615881,1
1092408,0.7446248418979229,1
1033171,0.8479724933299814,1
1001899,0.7921731495160654,1
1027343,0.8964059786458495,1
1025317,0.6294803919917706,1
1037803,0.6258842876548392,1
1010263,0.6167692670716298,1
1010232,0.6223133232186455,1
1063060,0.7900845260244693,1
1059854,0.5981561803872558,1
1072736,0.5221049124395913,1
1034722,0.8385939876117633,1
1079245,0.8330385182765808,1
1024419,0.8526150605697042,1
1039979,0.8610163672112835,1
1050105,0.8946919767344638,1
1077845,0.8441997627824631,1
1032741,0.8370714715396866,1
1070433,0.8662531718668834,1
1020903,0.8384495781107555,1
1056527,0.7943234079559788,1
1023339,0.5177168486023951,1
1033170,0.586898754145599,1
1031082,0.8964002178628829,1
1067036,0.8282686823615595,1
1021408,0.8287048350592741,1
1042367,0.7834664376911815,1
1053102,0.7971466715387545,1
1087225,0.8769908107358351,1
1032335,0.8736163659959002,1
1028565,0.8434875056972861,1
1004884,0.6730430699671922,1
1043521,0.5584939879191293,1
1025012,0.5357565167273431,1
1084929,0.7610208830311492,1
1057599,0.8186409341246755,1
1029084,0.8664330664319833,1
1052331,0.6805706701367972,1
1072274,0.8480314208718054,1
1050671,0.8485649774064306,1
1056571,0.8805762464757885,1
1011431,0.5630105081063812,1
1030129,0.8204462492975119,1
1014986,0.8316599234253552,1
1012931,0.8264325699335838,1
1006728,0.6704449130425522,1
1062635,0.8694288797190114,1
1023295,0.8741830740475756,1
1079133,0.5005275642610344,1
1052281,0.7626596422752131,1
1071720,0.8582001711981859,1
1064996,0.828499944825814,1
1025140,0.8536401823159234,1
1015734,0.32738735286839254,0
1013512,0.6617345129311606,1
1008996,0.8837268776752646,1
1044418,0.8442456631606383,1
1030511,0.8401246880898005,1
1051227,0.8075771981982317,1
1003398,0.904463641712119,1
1008772,0.5426079393510728,1
1081235,0.8280294193047839,1
1048360,0.8802914895058207,1
1079940,0.8311698585103526,1
1056824,0.8506079245847062,1
1064868,0.6254390600073407,1
1042120,0.7896378757179059,1
1093524,0.697701654015685,1
1056230,0.8806263310842571,1
1099127,0.5163878709751518,1
1002173,0.6943975108020027,1
1050123,0.7853972608469209,1
1084984,0.8378548529576749,1
1028328,0.8943323721040392,1
1090838,0.8501043351050349,1
1020764,0.8732377909464731,1
1051810,0.8366901477882631,1
1019239,0.6542631903162349,1
1031587,0.8502371831649124,1
1082364,0.6095295336288313,1
1037271,0.8566511777924973,1
1004750,0.5402020865644298,1
1081084,0.7992293347196051,1
1081328,0.8597025146231924,1
1066650,0.8102649543151699,1
1068891,0.8195199489364892,1
1076047,0.8712192866600977,1
1067407,0.8453819915451081,1
1074867,0.7208963058688599,1
1068964,0.8990160179835739,1
1060885,0.8428330104233773,1
1031193,0.8681001704240046,1
1053521,0.7383194771288433,1
1088107,0.7897720695747328,1
1098866,0.7688238875376919,1
1080222,0.7859705369934583,1
1052542,0.5979061670544548,1
1040979,0.8038661992102284,1
1024365,0.9021298628745896,1
1073088,0.8708479838393991,1
1041081,0.8740782424701594,1
1095373,0.8644033329424663,1
1066525,0.7788570312947285,1
1006705,0.29644571710448414,0
1068023,0.7846333226459753,1
1082348,0.8947576721745198,1
1079916,0.8789857563129613,1
1064782,0.7991342896973311,1
1064308,0.7072052985157672,1
1038818,0.874544681941342,1
1021488,0.8218037213679136,1
1015835,0.8766886253472806,1
1076115,0.8403746044398784,1
1010607,0.6222540449273454,1
1044877,0.8711237969672129,1
1016407,0.5450638210219066,1
1048020,0.7922643258379886,1
1048414,0.856954967457563,1
1031880,0.856324722585805,1
1020435,0.8941456585755667,1
1075918,0.49264044307473426,0
1034041,0.82648777794591,1
1007842,0.875545046282334,1
1013925,0.5609276380396033,1
1030236,0.833952731364504,1
1058136,0.8183467128975044,1
1022588,0.7575868071550075,1
1040081,0.5888445511714594,1
1091979,0.4356307713620285,0
1026959,0.8450269092503142,1
1038884,0.6174488249977257,1
1052785,0.7996944957512054,1
1052939,0.8585040500908699,1
1062714,0.8594659482825598,1
1067258,0.7339202663024235,1
1032256,0.8074819810492937,1
1032252,0.6876741552574773,1
1069175,0.6630442203189595,1
1031506,0.738632900013486,1
1074274,0.76805482992619,1
1088869,0.7428885385119174,1
1056773,0.7608881854156208,1
1028933,0.8691145099333821,1
1091092,0.643624705398755,1
1092160,0.8669648158122963,1
1053584,0.6841190403092314,1
1044704,0.5268143012382869,1
1019765,0.8636032524287915,1
1051841,0.8867200108417272,1
1039500,0.8524055629527125,1
1056223,0.8638964043860008,1
1090406,0.8726835041425233,1
1045106,0.8318520420952157,1
1003044,0.5739479352538324,1
1010880,0.4224989593451937,0
1062201,0.8795554391411673,1
1073662,0.8317042954431217,1
1008021,0.36266966834391967,0
1089497,0.8721546195905707,1
1010201,0.4187459666836485,0
1072477,0.9032273084442463,1
1004821,0.4940507748034903,0
1027054,0.8632382314074883,1
1097640,0.7022793077216475,1
1018058,0.6436149188741944,1
1059893,0.5595569973036655,1
1016231,0.7286956391024381,1
1016504,0.6579961169034583,1
1051815,0.8229326216261792,1
1036606,0.6131755841919898,1
1056660,0.863253347738843,1
1080325,0.5252759258678146,1
1039718,0.8682605353419027,1
1027764,0.813887521373881,1
1010617,0.8888446686308056,1
1099725,0.5929770128752335,1
1036229,0.7918633112754697,1
1034803,0.46296640829231434,0
1046643,0.7552209614705816,1
1057937,0.8381708812903029,1
1015118,0.6256185047496833,1
1029852,0.7891059937042758,1
1046063,0.7802759275097213,1
1013599,0.7068722812860606,1
1090687,0.8219397527619585,1
1016975,0.5342836553846644,1
1003385,0.8493592806842862,1
1099471,0.8077850429362701,1
1041570,0.8155990015372638,1
1020023,0.8557844203431705,1
1031410,0.6591622247724943,1
1074916,0.8721909137097169,1
1062943,0.4017255766215139,0
1008285,0.683559614892487,1
1044167,0.8471956149243018,1
1053252,0.8304280580750932,1
1060305,0.4234750423840216,0
1013921,0.7372749590012023,1
1013421,0.8263925766893153,1
1043344,0.8748532252360051,1
1035670,0.8588589919432874,1
1040336,0.8598661449226089,1
1019884,0.5434987279416785,1
1002839,0.5372290703280593,1
1023445,0.5829036789272692,1
1004790,0.8663057129577513,1
1083370,0.7914428178546746,1
1091797,0.7385173097092183,1
1011988,0.31100788395368867,0
1052544,0.8382084661604031,1
1098182,0.8943162100969125,1
1049708,0.8359777962690887,1
1027824,0.5802877612693094,1
1087987,0.8512680128693387,1
1022513,0.4638810805732299,0
1006966,0.4853419399228041,0
1041852,0.8890820984112019,1
1063907,0.6860434585188672,1
1064323,0.7545155380114361,1
1041182,0.8939140620143188,1
1042210,0.8506164178730035,1
1041151,0.8291296901182453,1
1044713,0.8371420126420785,1
1076280,0.8693775142038747,1
1037937,0.4112722930600255,0
1019949,0.5358041222525802,1
1082802,0.5152652222900646,1
1099456,0.8595740003368496,1
1077842,0.22119026148287063,0
1099130,0.5947163541093052,1
1095241,0.43300431496185504,0
1011372,0.576781996515816,1
1090912,0.8782188936610094,1
1000852,0.801755797054682,1
1092174,0.5689732876077922,1
1027821,0.893904264232259,1
1050540,0.825604144552803,1
1034952,0.3929715613084911,0
1058935,0.7990773358761226,1
1011670,0.7992532496045692,1
1018047,0.6190124291713885,1
1001155,0.4728571180256671,0
1013120,0.4178046815580639,0
1085972,0.31076989474349376,0
1077514,0.8121835801678826,1
1060693,0.5998443475357589,1
1047191,0.8595631674680824,1
1092044,0.5458064845125941,1
1005317,0.8528343804702692,1
1053644,0.8175632665696425,1
1046379,0.8943684859373638,1
1042031,0.7612423682109604,1
1086959,0.8190184108840529,1
1086108,0.7860827002461457,1
1004512,0.7203275224268394,1
1013957,0.7236772443872492,1
1063933,0.8112417657858971,1
1029509,0.8595937684149243,1
1012599,0.8453586621483912,1
1027312,0.8302585668078429,1
1095238,0.8715565455009413,1
1029153,0.8472826169759041,1
1023701,0.5757422557340924,1
1036393,0.8776813160756225,1
1085033,0.7671575208866265,1
1020458,0.5387367270034891,1
1070854,0.8450135924059005,1
1000324,0.7791760635196001,1
1065269,0.8412007607475305,1
1087705,0.6342874411875272,1
1096604,0.7892461615014627,1
1015622,0.5950347825528124,1
1075126,0.8279619374945204,1
1006194,0.526897140868243,1
1029216,0.8230367044869682,1
1096482,0.7781967518785405,1
1030886,0.8491296804271512,1
1027684,0.5289176395559404,1
1078997,0.3727079038488908,0
1061862,0.8119823055907202,1
1072959,0.8320824385969823,1
1034130,0.8089988327603759,1
1033439,0.873938299256908,1
1018592,0.8499060481832537,1
1000030,0.8536483592715229,1
1089591,0.9025378719160393,1
1068114,0.8674174988014713,1
1003482,0.6177567648712254,1
1097079,0.8418911095681999,1
1036739,0.8145324003412517,1
1047083,0.8234154949550019,1
1078673,0.8833778914706708,1
1018098,0.8096677551306499,1
1020956,0.8208441153389432,1
1038639,0.8941339508649558,1
1059945,0.8352648437915594,1
1048791,0.8051204173949851,1
1081101,0.6387341140156213,1
1003308,0.6430190212210648,1
1049215,0.8401616424835727,1
1057303,0.838142763280007,1
1076345,0.8780371449074151,1
1043481,0.842047692607331,1
1024428,0.7945554795274806,1
1041307,0.7848323478313336,1
1076968,0.8027915240456308,1
1050581,0.6167956914891273,1
1095343,0.8564994861288131,1
1080539,0.8668321072426122,1
1037090,0.8762936293969499,1
1008672,0.3827113765422858,0
1085255,0.7610622978692475,1
1094657,0.866557741024189,1
1041427,0.8725092719757629,1
1042720,0.9050315088856397,1
1047525,0.8547966194205596,1
1022575,0.8670373017507281,1
1017574,0.7185975545406273,1
1023331,0.7836289373462825,1
1031840,0.860771751568787,1
1070319,0.8437700368737845,1
1046827,0.8894779435474486,1
1001041,0.7892601312232685,1
1047490,0.7595593674678333,1
1005794,0.5438733891632985,1
1044082,0.5780555097868811,1
1083150,0.8447714324636109,1
1079218,0.5330463613332148,1
1028168,0.8091540069907013,1
1098967,0.7654523680356824,1
1018714,0.808029633893266,1
1007750,0.8854690203920851,1
1012196,0.46513927310310266,0
1082103,0.7112256086943904,1
1097738,0.5131125008216387,1
1033581,0.8670458570511075,1
1009252,0.6908916309979892,1
1027214,0.4087544831841435,0
1072430,0.6280234879559367,1
1098390,0.7133590881584473,1
1018156,0.5104770846297215,1
1026964,0.8491220637189127,1
1079015,0.853159890730346,1
1039888,0.8934614891986231,1
1010559,0.8269576432487961,1
1068212,0.8009031552549715,1
1072820,0.8284917485536243,1
1062963,0.6815722993864988,1
1049525,0.7669777679779505,1
1084773,0.7681356139176067,1
1019635,0.8325475064615786,1
1099968,0.8622019291839451,1
1086640,0.874294146862142,1
1021782,0.8676195831192777,1
1042836,0.8083360585266273,1
1046349,0.8229297415507404,1
1016538,0.45924979062144156,0
1017446,0.8482630846309379,1
1008336,0.559252190927122,1
1096308,0.6357173096947109,1
1074972,0.8155450226736707,1
1077771,0.8655052591444775,1
1092298,0.7860178708483255,1
1064101,0.7180444506000804,1
1075928,0.8487641392231228,1
1008547,0.8123028342781734,1
1097745,0.6904172360976512,1
1012750,0.8345681855372693,1
1011029,0.9007109003609454,1
1098699,0.633300556645846,1
1033840,0.511467424916392,1
1083693,0.8133042927153583,1
1049462,0.7342317069658403,1
1075210,0.7907693591580531,1
1058331,0.7932472855288759,1
1010395,0.8495073431571994,1
1082101,0.7989032029474831,1
1038181,0.6828474505681502,1
1026575,0.8119610224954265,1
1069414,0.49247952335328754,0
1015139,0.8470525129738122,1
1049318,0.5563937892487223,1
1098385,0.6489252533942884,1
1042320,0.6021371695966816,1
1054153,0.8568793866704595,1
1011637,0.632170972018523,1
1071457,0.8426325548448407,1
1042160,0.8625449054247315,1
1018310,0.5521306379597225,1
1056586,0.5065382095878685,1
1063401,0.8396365735006682,1
1002362,0.39066412213302715,0
1098281,0.8306344224465708,1
1072978,0.3981768066264948,0
1067773,0.884238235449145,1
1020532,0.843737567035855,1
1008241,0.6678353659049897,1
1015297,0.8052425667350456,1
1003222,0.8800823591859431,1
1078016,0.6923306557969516,1
1051018,0.8858630917677989,1
1082906,0.795109888747745,1
1097920,0.6312325141420179,1
1092154,0.7331425325762674,1
1043940,0.8482367294606732,1
1022934,0.5512343738333987,1
1085169,0.5484852524542098,1
1001288,0.40501521388058437,0
1060177,0.8657533349637053,1
1004211,0.6775732144508799,1
1032922,0.8708612952077929,1
1004837,0.5474377124414156,1
1029892,0.8289554309808477,1
1071988,0.5348110016069838,1
1044393,0.8582996346872391,1
1040016,0.6375735506487362,1
1062042,0.6280508155559432,1
1096099,0.38000458084647903,0
1017128,0.650014686124384,1
1019854,0.6877415858395121,1
1060351,0.6655993880941876,1
1031239,0.8495727002448119,1
1078596,0.848869860038091,1
1012464,0.867042639252903,1
1001771,0.7308979209866275,1
1077984,0.8715951330709237,1
1080501,0.9058581059485353,1
1081329,0.8288625243042922,1
1033435,0.83223277117623,1
1049472,0.8770369431069436,1
1061961,0.8473477598781017,1
1027418,0.8621506074373172,1
1047659,0.8548203126866186,1
1038134,0.7085982661416469,1
1028453,0.5500485576296471,1
1014384,0.8700104423103482,1
1098226,0.5748330816296399,1
1065648,0.797673664939641,1
1056831,0.6799118678825555,1
1092258,0.5645825672843918,1
1079283,0.8822849050378222,1
1079098,0.7011196341043398,1
1020647,0.8710779784895156,1
1065017,0.8867938094797091,1
1076619,0.3343549783271385,0
1014956,0.8838609018740052,1
1072709,0.8558972280689419,1
1005972,0.5802624812249777,1
1027198,0.8476626774966861,1
1099231,0.7936739301883337,1
1062917,0.6922901550650639,1
1014682,0.8289309170207824,1
1034373,0.5956167327148256,1
1080240,0.768690321070248,1
1074379,0.8276285584676948,1
1024888,0.4929991267615033,0
1087888,0.8184892760167392,1
1056097,0.5264209906711688,1
1012732,0.8899206927023768,1
1002865,0.8647667885975958,1
1086393,0.8702092964082481,1
1024948,0.8738070376993029,1
1063082,0.731307743302561,1
1027466,0.5104044288394166,1
1077505,0.8555783259230793,1
1096021,0.7575750967456902,1
1004439,0.5590702751299386,1
1035464,0.8872943162744001,1
1043841,0.832951954388984,1
1026072,0.5504233751581972,1
1000261,0.7962079200293737,1
1068569,0.496453527895088,0
1084994,0.7837555046489727,1
1047294,0.8480835777748189,1
1062053,0.3274507281413787,0
1056029,0.8730059277659171,1
1080390,0.6858582460677993,1
1073516,0.8159814559411734,1
1082472,0.8478304271148944,1
1003623,0.6242023417513841,1
1082499,0.8520029451405765,1
1094360,0.5964953048588915,1
1022516,0.8960724637627597,1
1065394,0.8330105970379382,1
1038233,0.8219896835952547,1
1069443,0.8457782775774624,1
1020076,0.8531464035671581,1
1031661,0.8483730211065741,1
1076180,0.829706860437034,1
1056311,0.8358484287415185,1
1084492,0.8240566720171899,1
1067250,0.4299398763360241,0
1024947,0.781566041605363,1
1000558,0.6409430551891937,1
1011311,0.7264212121652144,1
1038981,0.764033993327508,1
1024002,0.843746035285762,1
1051773,0.7935408248302253,1
1079434,0.8181776491676228,1
1040101,0.8771088810303318,1
1045530,0.8123281808917541,1
1013376,0.4367425756605474,0
1033961,0.595716837619027,1
1034941,0.8630673624966382,1
1067272,0.8663014831376762,1
1061581,0.6143149328452013,1
1091626,0.6278915175763278,1
1060823,0.7445410855811506,1
1055618,0.8452558796419376,1
1099324,0.7774843732302906,1
1011161,0.34591830902000903,0
1049598,0.8966883218936401,1
1054939,0.8567594391563832,1
1069843,0.8972233481742462,1
1063278,0.7953714911016792,1
1043850,0.848988539573297,1
1094112,0.8187077820406451,1
1005162,0.37606857815109346,0
1033098,0.8492985687666107,1
1064045,0.5117058854893102,1
1073885,0.8435973173645747,1
1034181,0.7948454408225256,1
1070630,0.7817723979412416,1
1074806,0.26714613119330655,0
1025843,0.8765859381879885,1
1051393,0.8212404274373359,1
1036409,0.833275422332268,1
1040381,0.8936755530615748,1
1098038,0.6306533363037394,1
1096331,0.8280829338052437,1
1040269,0.6431336446539881,1
1071448,0.845041219101715,1
1004526,0.817739416310037,1
1081545,0.8373073459652906,1
1015477,0.5120779461112962,1
1056596,0.7931660769763452,1
1016638,0.5405449890057606,1
1013384,0.3255485182002968,0
1080257,0.8275048946925709,1
1005699,0.5627253669777158,1
1018687,0.7885737271780224,1
1013094,0.4411041233781803,0
1040464,0.8343766914196227,1
1048940,0.7807322980728766,1
1068411,0.8431703770803871,1
1059396,0.8945550027897914,1
1070129,0.8765354224574424,1
1097685,0.7057283918338807,1
1014609,0.41486827706691826,0
1022354,0.8820468097879547,1
1048362,0.8158110244300807,1
1042253,0.8653787130674118,1
1028489,0.5485414909649737,1
1065958,0.85500264798949,1
1012374,0.8341110037356896,1
1071932,0.9077180855232502,1
1088760,0.8667055690103207,1
1097783,0.4217480547949451,0
1081212,0.43780883285545324,0
1033106,0.8992599399289223,1
1023504,0.5802694321705221,1
1093103,0.8410222583287488,1
1038478,0.845170593978577,1
1081830,0.8244534067614727,1
1044839,0.6053089535584402,1
1037234,0.877527388712371,1
1016970,0.8503357702317715,1
1086088,0.8622576834816523,1
1028076,0.4067323990096382,0
1098004,0.4210225092407168,0
1012287,0.836282294566916,1
1096304,0.7847032050851575,1
1063513,0.7906646362816654,1
1026378,0.7447669703741397,1
1064675,0.8286078686499339,1
1010716,0.5333101060779356,1
1065305,0.7846620332086076,1
1069128,0.8426295880776514,1
1094332,0.7332486165691225,1
1003064,0.8846940371811114,1
1013028,0.6668185189480234,1
1095080,0.8580363061444328,1
1075641,0.7994818079078877,1
1035583,0.8609818976267847,1
1005251,0.520498160174159,1
1009649,0.37584786787006425,0
1094866,0.8571662026995648,1
1047730,0.8261689417080349,1
1097754,0.8863615168193839,1
1083663,0.7620703291184641,1
1056572,0.7986956388802261,1
1078517,0.8358687874710784,1
1010035,0.5604859802126565,1
1034269,0.38205447577525836,0
1071541,0.6174989962378891,1
1082099,0.853991258010581,1
1061706,0.9080192906688419,1
1019698,0.6289734975021382,1
1011648,0.6123424556659299,1
1004078,0.7700783189748059,1
1067744,0.7084823430618663,1
1083906,0.6200085855680303,1
1011721,0.5688469633493822,1
1088203,0.8815522209818905,1
1005880,0.7412547309233606,1
1002573,0.6878693208629982,1
1000246,0.6812945184656254,1
1064562,0.8628825297900948,1
1039752,0.6418011783862745,1
1098245,0.7687312433829737,1
1061704,0.8103618187478332,1
1072944,0.8567325730776127,1
1078046,0.8513954165591987,1
1003052,0.48555547184646763,0
1014098,0.8594991116665873,1
1050623,0.8467399500304562,1
1081138,0.8797299301020283,1
1001331,0.4615597472966512,0
1088572,0.8558673598224334,1
1027827,0.7525972440635749,1
1054725,0.9038870696514149,1
1087841,0.7897861211705629,1
1015457,0.4952321673171144,0
1026866,0.8189769318654728,1
1011296,0.830111153077202,1
1016742,0.598896004129424,1
1076135,0.8547579055442389,1
1079904,0.8308714383612547,1
1010287,0.6124869345688552,1
1087385,0.8485563108499234,1
1006518,0.5013984206160205,1
1065352,0.82019149354541,1
1051649,0.7208922502480326,1
1010992,0.4973817359571579,0
1027330,0.7361836617039499,1
1095224,0.7909226020903298,1
1083308,0.8511899697160704,1
1023566,0.5716264180099963,1
1007419,0.31282574047992934,0
1009164,0.44411557930339796,0
1006042,0.6097700527237441,1
1080096,0.797856716509152,1
1061686,0.8642587091247212,1
1051313,0.6657265704775568,1
1009901,0.561661365409748,1
1019183,0.820095978525374,1
1055407,0.8683235713340404,1
1079161,0.818975431812362,1
1019812,0.8223712165249407,1
1069444,0.8780925845978185,1
1017239,0.8593816370193523,1
1067969,0.9055606473591313,1
1009420,0.5874429182683492,1
1090592,0.6845634727135564,1
1015156,0.5827468088182903,1
1015100,0.5783992588553383,1
1013101,0.5822547220205301,1
1050907,0.768394392530292,1
1040831,0.7802472418243005,1
1061497,0.797083116661159,1
1054064,0.9018025712068584,1
1046570,0.8492679360602594,1
1059059,0.7498437918676573,1
1084083,0.7993133217308996,1
1007081,0.5362494541339191,1
1033487,0.6425002594608298,1
1098518,0.563770293834307,1
1000910,0.8803599311248873,1
1071808,0.7643930279032491,1
1014371,0.6249171340298656,1
1082239,0.8339916879390046,1
1077738,0.8826427358165576,1
1076527,0.7999682570293882,1
1073892,0.8688333093744454,1
1043299,0.8737908616011681,1
1065005,0.7568765993277788,1
1096589,0.634867261684527,1
1015933,0.6184288432720628,1
1090280,0.8340098532351793,1
1094816,0.8404883272451811,1
1095649,0.8019290792642491,1
1087326,0.8432854403290713,1
1003378,0.5891074764027849,1
1019617,0.842263709589814,1
1016001,0.48262143817184766,0
1018737,0.814224140503705,1
1085243,0.6572961739865432,1
1007391,0.6749173155212785,1
1041977,0.8459202740092583,1
1058996,0.8452312488686623,1
1014407,0.6726485053204498,1
1077558,0.8929462797385233,1
1048417,0.8749929016024499,1
1072020,0.4101653486258801,0
1001596,0.7946432769605978,1
1008515,0.8576981756560216,1
1025593,0.8307838920025431,1
1097334,0.8825640103517236,1
1068700,0.6658701108416456,1
1048844,0.8325243841982488,1
1094735,0.8088811858595182,1
1021689,0.8487188048884261,1
1059986,0.8645679053238969,1
1011537,0.5581517969108015,1
1068177,0.8604624141423357,1
1099277,0.8669044315315036,1
1040858,0.8570465974938689,1
1043501,0.5981392420505814,1
1097914,0.31018186053202956,0
1066575,0.853423251369985,1
1039544,0.7595432547870833,1
1049999,0.4371474588486147,0
1012509,0.6118564474949727,1
1009687,0.6670713306851012,1
1050379,0.8363862848318685,1
1097147,0.5888342466572141,1
1093665,0.6330692704016541,1
1096885,0.670245431441602,1
1016390,0.8701173570660939,1
1093088,0.8864953933698952,1
1037790,0.8291622767248692,1
1037476,0.8726020972934646,1
1067177,0.7757515284534005,1
1065485,0.6670163137303382,1
1005746,0.8559013817516792,1
1067982,0.6874091277470312,1
1027810,0.8629610438178762,1
1077104,0.8563203519560655,1
1082174,0.739964225948751,1
1002988,0.7073002251368637,1
1099821,0.6739082801087867,1
1049247,0.7443169898127352,1
1078784,0.8652618158017253,1
1074511,0.8550526744265038,1
1056597,0.8997228253944116,1
1037773,0.8750200510933664,1
1084322,0.8277937960529879,1
1097497,0.7262186264962721,1
1069345,0.8648643327580726,1
1090164,0.4009029761631677,0
1029854,0.8770512662699429,1
1053181,0.8355723213814226,1
1026978,0.8543913876567392,1
1030534,0.847521408807174,1
1003640,0.691866311900459,1
1083109,0.8143659147227135,1
1043432,0.9002013251756761,1
1085192,0.89839382104621,1
1031989,0.8332326421855908,1
1000952,0.5810528815982875,1
1087088,0.8081603190184172,1
1063429,0.8498029682992663,1
1061089,0.8403265332049489,1
1094521,0.7482385564540596,1
1070773,0.8496898890211467,1
1012397,0.8536762748925599,1
1042518,0.826848502700547,1
1055484,0.6669286741495104,1
1096774,0.8007122380883792,1
1085860,0.8333800384000106,1
1024884,0.8839612824746055,1
1042248,0.8650232686110129,1
1054331,0.8631653741110833,1
1084822,0.8440964707153821,1
1081644,0.8020351357941142,1
1066190,0.581639567658828,1
1089098,0.791192430366436,1
1030796,0.8558450222316719,1
1054411,0.6431707200707644,1
1042021,0.8215793177028449,1
1018672,0.8457689151739491,1
1001446,0.6805907260816756,1
1055560,0.7186369203406965,1
1057989,0.7232615202953994,1
1082121,0.8311656178879788,1
1056512,0.7998431609804463,1
1068372,0.596106626783495,1
1098104,0.8854515995378647,1
1051338,0.8414744535730675,1
1037989,0.8842038492618862,1
1075217,0.8833741506159122,1
1040711,0.8783140876220105,1
1023511,0.8336129422499243,1
1039405,0.8621568350623879,1
1034174,0.8737537929994165,1
1023571,0.7827893683883331,1
1074850,0.8495726266320869,1
1076367,0.7787946744554793,1
1035721,0.8146917428042371,1
1063117,0.6216098846993158,1
1040393,0.837631850481025,1
1058701,0.815964597334151,1
1047951,0.8766481683079486,1
1074121,0.8359639366052248,1
1092039,0.8593942503328724,1
1010401,0.5785520072213661,1
1015946,0.6271717707209113,1
1015254,0.48120556410847876,0
1011722,0.28077039694704514,0
1013745,0.656751155934852,1
1014728,0.5231378375968289,1
1050031,0.5321679049579489,1
1074358,0.8519706037146525,1
1046710,0.8505398964370712,1
1030131,0.8583374024526365,1
1022867,0.8671786693449591,1
1019166,0.808590146300952,1
1001329,0.47902572829590323,0
1099921,0.5730313426702603,1
1015855,0.6502391666768482,1
1077622,0.8203408272409819,1
1031232,0.8614799174265528,1
1066862,0.8592650160092643,1
1047134,0.6485205585597089,1
1008408,0.5255807470410977,1
1055544,0.8672383168217335,1
1032913,0.8359234592636376,1
1085312,0.8568856526850592,1
1068488,0.9050689682895751,1
1011666,0.8017129277868142,1
1003515,0.8181481700132247,1
1074074,0.69682540379844,1
1065919,0.8183506119064653,1
1006499,0.47466269626460855,0
1093079,0.8240421595605899,1
1060730,0.8546800820092082,1
1010121,0.6601723261498565,1
1047559,0.8877054477711039,1
1089172,0.8033510530437651,1
1011960,0.8236030334453601,1
1062473,0.8439656926191055,1
1070701,0.7642277946282051,1
1030998,0.7246703614466913,1
1049041,0.3973789750498744,0
1098332,0.6644964812907984,1
1068711,0.8370034468438975,1
1038845,0.8338685216682986,1
1035981,0.8453835771636468,1
1058273,0.6955602125456056,1
1037508,0.7756033666184742,1
1026800,0.8070982176466213,1
1044073,0.8699870038833439,1
1055376,0.817913925384196,1
1084374,0.7528488681914395,1
1085760,0.7989160896164951,1
1044153,0.49619990308199563,0
1095648,0.8455470643351427,1
1003359,0.8260385985937501,1
1026580,0.8571797828036559,1
1089091,0.630575285639377,1
1035264,0.585592891950211,1
1009056,0.3682413458105897,0
1056004,0.5395916003127668,1
1098747,0.4887474034551967,0
1048467,0.9093055208503602,1
1001186,0.6829652552962537,1
1034416,0.8782381672105352,1
1036705,0.7023091798625262,1
1032582,0.8320116934073324,1
1085392,0.8663332169571137,1
1073856,0.7420163332928458,1
1072934,0.2948841996914721,0
1076028,0.8718290961810167,1
1091564,0.8161093240453601,1
1075496,0.5706795432421453,1
1060211,0.8188976178432007,1
1054817,0.8296810986798073,1
1097057,0.8032104094604161,1
1084141,0.8723933170696155,1
1095573,0.7299343344579621,1
1092470,0.6553114827858074,1
1075952,0.7263687199193859,1
1016861,0.6493502470783187,1
1086406,0.8080595838250195,1
1026422,0.8180278169744281,1
1000283,0.8339788414304012,1
1089378,0.8046842439901308,1
1032594,0.8203861274678844,1
1085543,0.8419329435757459,1
1047663,0.7103632947980093,1
1039131,0.775539523568493,1
1083863,0.7841802245933962,1
1042849,0.7972440028671207,1
1026997,0.6091113328275388,1
1060434,0.8748236050331565,1
1037874,0.8780580589077941,1
1087347,0.7793256462819297,1
1043609,0.8503202031031707,1
1046303,0.8484332137332893,1
1038312,0.6835391717366853,1
1024047,0.4962610032326033,0
1097320,0.891131734117029,1
1061914,0.6333677333919528,1
1045426,0.8860450218235931,1
1020841,0.7775453301940022,1
1070256,0.6401250885197342,1
1005410,0.8010250662468551,1
1056258,0.8503302110105952,1
1094045,0.7562909326451253,1
1098824,0.6228576163531162,1
1057507,0.83809248532318,1
1065378,0.8844980091014364,1
1080427,0.8573333188803391,1
1002398,0.49396718296764813,0
1093740,0.6119425835424432,1
1046395,0.7131769967423973,1
1020432,0.6368401647972762,1
1089399,0.7193087954865129,1
1004680,0.5207502911069178,1
1056757,0.7207900408557179,1
1079560,0.8924715253701584,1
1007176,0.5460883572140095,1
1046764,0.7510994166402687,1
1076160,0.6935716835236426,1
1024909,0.5126616422170935,1
1098406,0.5967062285797896,1
1009342,0.8518437705768855,1
1071948,0.894892122836546,1
1045132,0.8206078376223926,1
1050005,0.22914431787690284,0
1036480,0.4461294485070336,0
1015960,0.37706348638440346,0
1090631,0.6677820599829491,1
1026177,0.8679527452143841,1
1028262,0.8321550105768135,1
1082753,0.7475221638667787,1
1072618,0.8412650223292849,1
1036264,0.67906075435855,1
1069269,0.8550776990802897,1
1011753,0.623631316532394,1
1006409,0.6113124035250203,1
1003217,0.8651598817395321,1
1011059,0.7216029307262235,1
1011888,0.6643183195844331,1
1020224,0.8231142586464099,1
1044632,0.8700484502176058,1
1074585,0.8384380859211713,1
1074858,0.8094058018741621,1
1058978,0.8546070287464425,1
1065839,0.8650240265707921,1
1085555,0.7803298647644707,1
1000773,0.689190403752038,1
1040510,0.8007711170665027,1
1010736,0.7874799658175143,1
1058077,0.8131314576369816,1
1084045,0.8519580190420846,1
1006954,0.6812940728454079,1
1044644,0.843096454802253,1
1087422,0.5366373200841722,1
1033940,0.866277158651321,1
1042665,0.8290099831639253,1
1076442,0.8753466597344772,1
1007372,0.41644767619264433,0
1090630,0.7437253633173736,1
1051988,0.6730045328485209,1
1028441,0.8423751242939409,1
1094182,0.621854003189677,1
1075703,0.8655964163168464,1
1044526,0.7254381529317294,1
1052713,0.7875346177041281,1
1071285,0.7929650670280768,1
1096788,0.8855590604715395,1
1035406,0.8079062895312373,1
1046715,0.8572474342578531,1
1038226,0.7844995031276516,1
1046267,0.8223918832149785,1
1025757,0.5663263939334241,1
1026121,0.8026962515705439,1
1048841,0.8271778586360438,1
1085331,0.8470585491860814,1
1086661,0.8852651412070616,1
1066359,0.3906961855331895,0
1017163,0.5894280372517336,1
1074359,0.8445088665804935,1
1095900,0.8198714989701906,1
1035715,0.8485492429444597,1
1007508,0.46287121616045346,0
1036687,0.8801413188337041,1
1072612,0.8159220493625431,1
1030297,0.8224132850145959,1
1075226,0.866372950762139,1
1022199,0.7086403641013858,1
1016393,0.8242918801350972,1
1027968,0.7906716421252475,1
1030754,0.8558119286082516,1
1023603,0.7241269609838773,1
1047814,0.7862952168777749,1
1016908,0.8868113855695614,1
1027445,0.7821522769780743,1
1023181,0.8671961891596374,1
1001986,0.6598227161288528,1
1094491,0.7351239565456599,1
1085839,0.8521766262300424,1
1099973,0.8430323714476462,1
1052929,0.7677222142058667,1
1002745,0.49525813541361957,0
1035534,0.8570510222353924,1
1053097,0.7506586757022354,1
1096681,0.5955024047775291,1
1072104,0.703601393629979,1
1015407,0.8434564094194955,1
1046003,0.8628915092667345,1
1037357,0.8570031336352243,1
1047459,0.8695340780554056,1
1014819,0.8589062050951864,1
1030190,0.857181513456039,1
1098065,0.8961855893028214,1
1064424,0.4596700868615361,0
1008648,0.32391167864995996,0
1003194,0.6329333181615979,1
1059834,0.8590739014130515,1
1060867,0.8798449483868352,1
1062186,0.8279150412180846,1
1018963,0.8929274894942424,1
1043263,0.8811128550284725,1
1005340,0.8577543777034217,1
1087760,0.6953596577449135,1
1045504,0.8180960888213142,1
1087362,0.6051442245957844,1
1028242,0.8944627417547093,1
1093511,0.7334480215160405,1
1063415,0.7947366852400566,1
1080909,0.8798057044316681,1
1096462,0.3604592121833404,0
1098818,0.6370508956614103,1
1053637,0.8218303693070652,1
1064930,0.8006983092201727,1
1092168,0.8287200101765804,1
1078281,0.8894033502208661,1
1000218,0.6893686596222873,1
1078073,0.8984604354361029,1
1070607,0.8801570370971347,1
1096696,0.8590805543862114,1
1092711,0.7982330063233055,1
1073238,0.7799614554049761,1
1028351,0.8459116687871857,1
1045613,0.7558224152379843,1
1021739,0.8134612197550994,1
1045806,0.8254397574877258,1
1081824,0.8599499601116073,1
1003361,0.6753874759846165,1
1060150,0.7902323256299627,1
1059269,0.8488226149683648,1
1024594,0.8929758505432434,1
1015525,0.8457042960834833,1
1018449,0.5276266984369998,1
1000385,0.8234470492986132,1
1098151,0.7345134887300568,1
1094473,0.7118159889150233,1
1072691,0.6560949732104392,1
1026393,0.7360971515104209,1
1004200,0.6194211576050309,1
1067526,0.8529896871875868,1
1048635,0.7303653867570702,1
1082501,0.6354913085989298,1
1003244,0.8025059824476608,1
1029221,0.8364997042023681,1
1020067,0.8554310314606791,1
1097644,0.45285429741053096,0
1049442,0.6793657193621595,1
1058282,0.6515139963498197,1
1010850,0.5444758123717404,1
1025699,0.6679729137893275,1
1079844,0.5469030665323463,1
1083468,0.7310257503631202,1
1082743,0.8220054519960858,1
1009566,0.8436344026190837,1
1055189,0.5763662963576114,1
1047089,0.8557933802589893,1
1023305,0.7190382534346631,1
1055381,0.5911304025664679,1
1006082,0.8495713098950335,1
1047400,0.7398706028798291,1
1078077,0.8666943693838636,1
1025573,0.7640348521384,1
1049861,0.8453685153537397,1
1050685,0.8603873405220058,1
1022018,0.42580261388422685,0
1070087,0.8522457494762903,1
1098988,0.627822238753404,1
1041748,0.8275636181718979,1
1081304,0.8551917752357097,1
1037698,0.8267083150412443,1
1062252,0.838090251768779,1
1062217,0.8518116391652579,1
1085107,0.7517509605141641,1
1059069,0.7291996866094044,1
1071936,0.7945534499880202,1
1072655,0.7775189522986481,1
1010220,0.8307687390797607,1
1089468,0.8764161441977288,1
1020888,0.8878713122622957,1
1036699,0.8727212320129563,1
1090520,0.8389820765624506,1
1015416,0.6647681028528255,1
1048765,0.8139096776129137,1
1020272,0.42241702523851254,0
1039154,0.7015407177135672,1
1097154,0.795154247489625,1
1008305,0.6923159860621532,1
1065707,0.81265041973729,1
1014887,0.7089016017292098,1
1070739,0.8166770293051323,1
1073717,0.5755678866001437,1
1055369,0.5930007360777216,1
1036683,0.8251817076772554,1
1052639,0.4350266727008388,0
1098472,0.6407977711993005,1
1098414,0.713726528813739,1
1081283,0.8238223380267155,1
1083334,0.8823074680481003,1
1097839,0.4995420660872281,0
1018566,0.717713998525512,1
1080687,0.8220547230877235,1
1045143,0.7540893639603995,1
1067566,0.8779701968478701,1
1097483,0.8270064983335255,1
1089499,0.8287355555818322,1
1073223,0.5677621001971944,1
1089658,0.8738188804167367,1
1089093,0.7993987951020791,1
1050787,0.6764344183988911,1
1016199,0.7217245411586474,1
1067766,0.8730550183488982,1
1041210,0.5961696434504725,1
1064261,0.5257961243784248,1
1059217,0.8135682216092827,1
1085140,0.7985066843983388,1
1000953,0.8399637612878895,1
1094069,0.6981093364225183,1
1096570,0.8531143215015657,1
1099911,0.8682214428047328,1
1089812,0.7889599244121951,1
1060914,0.9092703668704112,1
1063146,0.8515029757696242,1
1087481,0.8638856453130681,1
1091496,0.8695280715069861,1
1091612,0.31984195337761095,0
1043190,0.8393858066981716,1
1048616,0.8609499054384978,1
1063078,0.775797675314766,1
1013214,0.74304499358017,1
1035513,0.3376223932260888,0
1098706,0.713693039183413,1
1030161,0.896514582284605,1
1007235,0.5889074678227713,1
1021084,0.8754076409856532,1
1036208,0.7900975072833465,1
1070125,0.8128490153320973,1
1090267,0.6397578383860729,1
1041585,0.6448928080481146,1
1045154,0.8829381431870629,1
1029656,0.46155257173087,0
1059497,0.8513802020904466,1
1050926,0.8567779194701636,1
1046805,0.5851341662337909,1
1051785,0.865095861724997,1
1054445,0.8789930413809854,1
1088261,0.8382584893621894,1
1036109,0.8804063626548764,1
1033105,0.6454586220649542,1
1000420,0.8730053873940821,1
1006408,0.5725511641861226,1
1053478,0.833460873300277,1
1074485,0.8563477505917725,1
1036530,0.602541606522755,1
1071791,0.8268678519009319,1
1079236,0.6723841196542453,1
1075073,0.8652879335511304,1
1000177,0.8238994725753883,1
1029745,0.8666427226880292,1
1057968,0.8786159091992981,1
1025567,0.5299833907725917,1
1042461,0.866618170915216,1
1001778,0.8808037762939221,1
1023119,0.8662820017375042,1
1093183,0.6795135772992661,1
1061206,0.8450526390224774,1
1050741,0.5588661331303105,1
1052061,0.8356437734630274,1
1079981,0.6440298092605367,1
1028298,0.8259671016429411,1
1014305,0.7678420922797814,1
1089898,0.8281279271668887,1
1044024,0.7735890932749446,1
1073446,0.8741421944054919,1
1063155,0.8558630644557668,1
1098596,0.8134827093909285,1
1071976,0.8350764433792384,1
1053525,0.8930444380959102,1
1018249,0.8322322654550889,1
1074630,0.8468397229819417,1
1034042,0.7940481697489731,1
1039941,0.7998782993492443,1
1058449,0.6690806419887466,1
1028435,0.8325260401936296,1
1083318,0.8285913118114963,1
1022097,0.6729258645125131,1
1098952,0.4857183444759784,0
1046438,0.7359687888883177,1
1060402,0.7919652524769034,1
1023023,0.8484499452818426,1
1091507,0.7395698776184984,1
1042912,0.8643555929159327,1
1019756,0.6573030425066658,1
1077509,0.7448719226858775,1
1019569,0.7665253983909194,1
1016379,0.799397102150939,1
1064037,0.8291184737366294,1
1084413,0.8375185488005646,1
1049803,0.8565793242905213,1
1074945,0.6997884037120548,1
1034671,0.8680713290963593,1
1085947,0.8801254291677887,1
1032142,0.8691815056282193,1
1003626,0.44537869015973164,0
1059012,0.8256065536629142,1
1031818,0.8577003278341886,1
1023371,0.8164498125106402,1
1086165,0.8755222203090551,1
1089689,0.8745024420856011,1
1044096,0.8558688714098687,1
1036863,0.8505082753875182,1
1069454,0.8820232311113351,1
1016100,0.746072910769346,1
1070609,0.8457323789346292,1
1096035,0.8957250636857795,1
1003965,0.6911363629846782,1
1000076,0.4529858959344846,0
1048775,0.6496668044451527,1
1017300,0.475893647637783,0
1056577,0.8510634547105712,1
1025611,0.8635561419421546,1
1092206,0.7573775759796135,1
1030234,0.8872470458264061,1
1032780,0.6477284603041149,1
1056518,0.8468660440788249,1
1088571,0.6261670670072272,1
1092002,0.6725782279260292,1
1002015,0.3705623116074416,0
1031594,0.6211499832923566,1
1052810,0.8363579936989022,1
1037283,0.6783281634198973,1
1043096,0.8702242396121763,1
1006977,0.48248482952588106,0
1060785,0.41137627608707816,0
1075942,0.8560070709334511,1
1048723,0.5140136757259913,1
1066639,0.8758940765732467,1
1081372,0.7987637917820327,1
1091501,0.8364421773051478,1
1091775,0.8427940220572854,1
1012339,0.821500390693596,1
1026954,0.8308404304352288,1
1011122,0.811954366818743,1
1034146,0.8853166115535344,1
1052381,0.8363372379988048,1
1008052,0.8561203332410291,1
1055863,0.8422448752867363,1
1051941,0.8609750138508296,1
1046403,0.6273528329997802,1
1032631,0.8458269203151477,1
1022630,0.7927898176681974,1
1083530,0.8470318701490189,1
1030262,0.7790755042567132,1
1097330,0.9031802000265213,1
1007349,0.48088699153369463,0
1032961,0.7995043764536988,1
1055595,0.7980445867733258,1
1013166,0.8314673705036276,1
1023522,0.5480501128825471,1
1055115,0.8723666767057404,1
1086696,0.852780379721666,1
1080839,0.8811411504511698,1
1026513,0.7252455459955468,1
1095484,0.6806115977656594,1
1021119,0.8846281620635289,1
1000232,0.7401392943402632,1
1015936,0.4449009872184149,0
1033344,0.7033205646092282,1
1022422,0.7934600801931959,1
1080541,0.8584466169669374,1
1024891,0.8053311342227276,1
1082905,0.8365978085137107,1
1019914,0.7866730592384833,1
1039047,0.6998640129356725,1
1045407,0.8553322197112032,1
1071182,0.8887341627730715,1
1071489,0.7895590948110486,1
1085796,0.6743166319536347,1
1060510,0.8461495370067851,1
1008770,0.893860451358401,1
1035688,0.8612773045490779,1
1067848,0.8340098006677881,1
1015031,0.5138604080742222,1
1075057,0.8476691676605492,1
1000587,0.565428652901361,1
1050609,0.8672599595910708,1
1019932,0.8466394818269575,1
1016561,0.5328276359301853,1
1075225,0.7757871583188216,1
1056248,0.8845576444920605,1
1044445,0.4885713354267849,0
1007537,0.8723923485948237,1
1069112,0.8307234498473535,1
1051015,0.8255427512634769,1
1015770,0.5252370628297448,1
1094408,0.513933507753167,1
1078905,0.8653705915445775,1
1027625,0.8377436002680273,1
1016860,0.8750045807162115,1
1039733,0.8847473225221627,1
1024629,0.39284224109332355,0
1018631,0.5773704183984945,1
1076083,0.8128548767152655,1
1044057,0.8174570916853909,1
1038604,0.7784307391302295,1
1028348,0.618029884248438,1
1041557,0.828375498140809,1
1088916,0.7844278358950294,1
1022717,0.8445755647182116,1
1017975,0.6055678394996384,1
1076864,0.8648825131342394,1
1012006,0.6991711674823697,1
1087265,0.8370081005040283,1
1025083,0.8600853527762585,1
1000039,0.7014852169754056,1
1083255,0.8186397867557271,1
1093539,0.8605955031046947,1
1086151,0.8648773223163327,1
1061652,0.7496219444663694,1
1026976,0.9060018920749613,1
1063075,0.8854317938137166,1
1001093,0.4897908401758158,0
1018271,0.8202320688446583,1
1081157,0.4496496886334625,0
1057726,0.8485251297383221,1
1027685,0.8036010409539519,1
1064761,0.7223983447419323,1
1086238,0.8749638052844378,1
1080256,0.8195145667237335,1
1022384,0.8209840608078978,1
1007255,0.5448415662150832,1
1053099,0.8749220720059292,1
1011745,0.8728633465319865,1
1030762,0.8091111117818685,1
1003485,0.8526309475530703,1
1025636,0.7240619531297872,1
1010576,0.8095896552076884,1
1041759,0.864369904869632,1
1065345,0.48948645408537317,0
1056039,0.7628601202936527,1
1032070,0.8519114050189288,1
1042637,0.8633197200071041,1
1069922,0.8138069326630724,1
1090245,0.8939322647799024,1
1052212,0.9094889521823442,1
1028315,0.8629142381851692,1
1077898,0.8424976714407902,1
1091780,0.6461165840041269,1
1071456,0.7624050992190502,1
1049168,0.8487278581668963,1
1034400,0.8108242610271683,1
1074365,0.8414464973950878,1
1007509,0.8663295557577688,1
1073493,0.7656086677955823,1
1079594,0.8523512589746619,1
1001316,0.842221707620325,1
1051053,0.563858540923721,1
1025102,0.6005914155313186,1
1026181,0.8698032187765337,1
1041087,0.7506066412268287,1
1092703,0.6376713985768975,1
1026265,0.7906889284720094,1
1033868,0.8717868475258271,1
1039892,0.6141969794442562,1
1008312,0.7247997505371266,1
1090258,0.8177966637478057,1
1079645,0.8780246134328897,1
1028222,0.8591597105412078,1
1064163,0.8334751956606106,1
1039201,0.8720169502956713,1
1099434,0.5790355391279801,1
1014088,0.7909834938558331,1
1043128,0.8337302849000412,1
1053145,0.7687772573436287,1
1031589,0.8032656196364302,1
1020437,0.8182265251875314,1
1024850,0.5190134184307443,1
1094280,0.7368701628211353,1
1027970,0.8160156625692438,1
1019714,0.851244792699905,1
1057725,0.6531794927554212,1
1012329,0.4158022153879001,0
1097108,0.8658106391043175,1
1078204,0.842114689091378,1
1086446,0.8609340448613233,1
1091384,0.8469527829064244,1
1031150,0.8274739275059145,1
1088115,0.6123214844789582,1
1030653,0.8311740724775734,1
1038990,0.8257137740213086,1
1080529,0.6402607316342689,1
1040789,0.8403171611661634,1
1044796,0.854065238984402,1
1057399,0.8367784418931216,1
1007950,0.8702616795407083,1
1032916,0.6610259826577697,1
1087443,0.4601869578090147,0
1005978,0.7171268337659702,1
1026270,0.8055125203995743,1
1077260,0.8461388723569038,1
1067657,0.8664368201743227,1
1040802,0.8877623253930844,1
1061170,0.756870384879636,1
1058498,0.7911204109458441,1
1052732,0.7779378136340271,1
1014303,0.5993023616643518,1
1063832,0.8866307044815245,1
1074318,0.8933135151033968,1
1034546,0.8293700670722979,1
1006318,0.823713256853149,1
1083214,0.7865590216196657,1
1093884,0.6381347392840564,1
1000551,0.8315327331431124,1
1057170,0.8504581733582633,1
1051856,0.6243311218716315,1
1022519,0.8673274270374962,1
1050915,0.8563987016863388,1
1061046,0.8481506284511173,1
1056280,0.8533778602643644,1
1064985,0.8445135300625544,1
1030872,0.890453261123517,1
1067674,0.8136072444495276,1
1045542,0.8706766517808467,1
1056562,0.6541863686174819,1
1017835,0.5452320206346164,1
1094061,0.8299013647100525,1
1084023,0.8158047641915191,1
1008437,0.5567094541496824,1
1013514,0.8677410720973063,1
1035587,0.8538054815961642,1
1002318,0.6480885652085147,1
1054768,0.8485479921748182,1
1089671,0.7969699495331719,1
1012570,0.5589424174933022,1
1013660,0.764871354875548,1
1055937,0.7719466247164193,1
1078181,0.8481911058333705,1
1068781,0.7524634500449661,1
1046515,0.8423766635587985,1
1076686,0.8341328873852065,1
1007302,0.40170825446162034,0
1007499,0.5806859627907933,1
1006209,0.46011633140548175,0
1019232,0.8848901926460905,1
1028863,0.5070097792101915,1
1054576,0.5599604833213265,1
1083187,0.7445489228000993,1
1076636,0.8707898820330681,1
1098522,0.46477432928170453,0
1014707,0.6818350262818831,1
1085093,0.7915297517028651,1
1076321,0.681451568123305,1
1093223,0.8087986088227178,1
1075632,0.7328535661467774,1
1007353,0.6553923511536006,1
1009098,0.8238284718790455,1
1079007,0.6426878987023406,1
1022019,0.907163849907993,1
1032292,0.878244771797842,1
1015154,0.866261481450368,1
1071138,0.7047237977243689,1
1053826,0.3541227123263084,0
1098731,0.394234843611594,0
1022582,0.7895675290310142,1
1050900,0.7302245072423001,1
1037772,0.8989435316025932,1
1087594,0.8432195701190326,1
1062493,0.8810232794141594,1
1069863,0.8092777212297398,1
1081859,0.8235435597342509,1
1009699,0.643799078828437,1
1038465,0.8421224366898162,1
1038932,0.8427191591116612,1
1027125,0.8264799419017923,1
1004372,0.5150786982477914,1
1085365,0.8274700051590952,1
1009140,0.6583770668042515,1
1062344,0.8335928796293157,1
1096740,0.8872827664210412,1
1021874,0.8564009694575809,1
1059975,0.8530130211684364,1
1034580,0.8595337400998351,1
1071394,0.8610234957809044,1
1089959,0.806242799353586,1
1021318,0.880840033468907,1
1017429,0.5880987164397243,1
1080585,0.7949623282776704,1
1006305,0.7817121745639962,1
1049654,0.8480899186845644,1
1086817,0.6682303422369755,1
1011711,0.4350354857562597,0
1025333,0.856918665935889,1
1029259,0.8821906769050022,1
1097475,0.7139546063885942,1
1045556,0.85921497917315,1
1046705,0.41158543318669744,0
1001487,0.7618682811201326,1
1002671,0.5814002082946127,1
1048862,0.7126439381781956,1
1012020,0.5759752169400014,1
1091671,0.8223505824994913,1
1032634,0.8279954705527187,1
1065311,0.8386814402261461,1
1080598,0.5782469473909498,1
1035391,0.8467978594796252,1
1015423,0.8685359727678569,1
1051805,0.8572554273072727,1
1065826,0.8374069635421787,1
1093248,0.9018624994600124,1
1072316,0.7919680227533025,1
1000707,0.5165443073945691,1
1084268,0.7847626415734992,1
1069100,0.8050817454967811,1
1050236,0.5587771367894127,1
1084835,0.7564819253593354,1
1026358,0.5779140802609809,1
1084804,0.6051469688613664,1
1075423,0.8068696906226915,1
1078705,0.8428973708862332,1
1088834,0.6320841551678321,1
1003950,0.6999193924045874,1
1004962,0.8461701616215774,1
1022637,0.854164893258903,1
1054513,0.8924598661572535,1
1044287,0.8062047663248145,1
1024814,0.8231358611669409,1
1032839,0.8627054236649386,1
1011750,0.765290090279649,1
1026952,0.8784953318019056,1
1054119,0.4457405015151071,0
1095421,0.7861741923209676,1
1084866,0.8435834293748657,1
1007485,0.6823656916114886,1
1052052,0.8079594583856643,1
1007251,0.863622589973208,1
1058272,0.8384003192923394,1
1005220,0.31508798944890726,0
1063371,0.8335642369645215,1
1048561,0.8767741654006066,1
1084221,0.8182815259151802,1
1099752,0.853940956403409,1
1054918,0.8759525326909323,1
1001160,0.6693443926461097,1
1006193,0.8936841438894638,1
1034683,0.8735807314052493,1
1072594,0.8167684977317223,1
1045243,0.8834384593227826,1
1079108,0.8188627540987414,1
1062296,0.8307821068584315,1
1017609,0.6580494545731478,1
1081395,0.7941881969078604,1
1044568,0.9075577511436392,1
1011304,0.8833175524005593,1
1057743,0.6833365480817982,1
1005816,0.5757856866526615,1
1075534,0.8407338277198387,1
1059433,0.8654197626938228,1
1035716,0.8158580750480712,1
1099435,0.48879359528810923,0
1080739,0.807551980619323,1
1038452,0.7705118413188464,1
1015350,0.8301871894089863,1
1018147,0.6627030837707852,1
1075108,0.8023897962521631,1
1039006,0.8414971143276546,1
1053522,0.8586481881597158,1
1037929,0.8369596006375456,1
1070840,0.8761620729735493,1
1054088,0.7597467601172186,1
1045295,0.8362563975277926,1
1079944,0.8791836849203398,1
1096146,0.8618509731430197,1
1046611,0.8419262417219361,1
1035552,0.8491375149448407,1
1002379,0.6743237369282976,1
1032396,0.8766010486671649,1
1070704,0.8771934628288588,1
1036816,0.8168268039598288,1
1062272,0.8890757235746876,1
1064748,0.8270513271364949,1
1062514,0.8581756535917483,1
1060115,0.8395522778046745,1
1064452,0.8832164164723694,1
1067245,0.8111907750488786,1
1074229,0.3861963998238765,0
1076594,0.881241032294213,1
1016781,0.6384575633190565,1
1077051,0.8403578458806685,1
1030691,0.8863088968745937,1
1089750,0.7358694356513281,1
1004729,0.8247932570211007,1
1013653,0.6305640150120008,1
1009928,0.6038291781684967,1
1013880,0.46414536483035396,0
1009983,0.6223984843443815,1
1020628,0.8137038945079028,1
1000566,0.4566392301624553,0
1032363,0.8804417651788436,1
1098679,0.5517514934988164,1
1024552,0.8449572426934671,1
1062189,0.8991029416319433,1
1010767,0.7467062162298209,1
1041238,0.7701344124940503,1
1037816,0.7571377584782832,1
1074437,0.8113317238141865,1
1026099,0.8598591345975837,1
1042904,0.698031717547848,1
1058693,0.869752830074661,1
1046443,0.5525375666908962,1
1029876,0.7424869783206534,1
1026864,0.840577516460064,1
1069065,0.8731676259169555,1
1032227,0.8457211587945753,1
1008861,0.8670551946381342,1
1089675,0.40952634072898575,0
1010623,0.6666242204365788,1
1053118,0.8131293469152909,1
1020909,0.6949169302709197,1
1023512,0.8452699549378134,1
1016104,0.848646098076639,1
1067896,0.32396430708362034,0
1034911,0.8219210360672979,1
1010056,0.5018242551620877,1
1080895,0.9075910808290029,1
1064384,0.6175590824660737,1
1031080,0.8875633896599473,1
1061797,0.8334726886996534,1
1071752,0.8054927277166142,1
1048767,0.8837967755098105,1
1056461,0.7484254810633034,1
1061682,0.7165320563892184,1
1069552,0.8996266894125605,1
1074338,0.4651961622039711,0
1031721,0.84502133666722,1
1062487,0.8512366288340252,1
1088890,0.8791771680023279,1
1078927,0.720902545205758,1
1089104,0.8614377226393908,1
1004248,0.80686685085784,1
1076005,0.7758496535936755,1
1035519,0.8574949697973654,1
1087584,0.8344263023399616,1
1070056,0.8057036962270481,1
1004895,0.45169494717166436,0
1044351,0.8448922538739108,1
1071593,0.8816780586406374,1
1085003,0.859334492174788,1
1022808,0.8099856880527757,1
1074851,0.8644853549008734,1
1017525,0.4472997252803064,0
1045210,0.39283229719043977,0
1026596,0.8677058167677636,1
1081132,0.907183292837854,1
1096814,0.4277989477519831,0
1047415,0.7854555529208367,1
1061025,0.4739174334694879,0
1059745,0.8400364652650747,1
1099414,0.48562585597913027,0
1011362,0.34415415508578295,0
1097348,0.8525645679401403,1
1054397,0.7346644427111485,1
1010143,0.8831726939993415,1
1069557,0.7988044539240877,1
1063161,0.8472724695847429,1
1057008,0.8155513587536714,1
1064086,0.6642813443714087,1
1038081,0.8330919812821598,1
1089241,0.8449196674160873,1
1099172,0.8754967717280427,1
1016882,0.7375146057008137,1
1022408,0.6093600813496698,1
1055090,0.8234692876829869,1
1078159,0.8364663060610226,1
1050030,0.9007245801215069,1
1054508,0.6233987830512447,1
1030584,0.5927955862822653,1
1045380,0.8787284612430688,1
1068063,0.8648455479950165,1
1054238,0.8582691804265875,1
1019392,0.8104382784969975,1
1061155,0.8042228905654685,1
1033685,0.5562244379904133,1
1018191,0.8631961969757945,1
1079179,0.8798245389899493,1
1072121,0.6521098962951069,1
1073384,0.4766300526284574,0
1071374,0.8035118660237506,1
1046088,0.7701793660771061,1
1043668,0.5795236162098353,1
1078515,0.8093430868751164,1
1062550,0.8395192913547013,1
1000647,0.8553918105900983,1
1026563,0.8289691903095626,1
1010656,0.714002255235166,1
1048615,0.5217640653253826,1
1033666,0.5970413037946614,1
1053450,0.888066268238057,1
1067228,0.7726365447011722,1
1022193,0.8732647760060226,1
1065226,0.8787753653171435,1
1042743,0.5136037122549645,1
1044416,0.8846317475236912,1
1035635,0.8534230008667218,1
1028120,0.8088582427251245,1
1071413,0.6270578224896753,1
1008637,0.5778574996669383,1
1072705,0.8434939069362571,1
1068191,0.8895726262888084,1
1025665,0.817333365143849,1
1067680,0.86318018093437,1
1054667,0.8478444253699138,1
1017545,0.4118896042431812,0
1060455,0.8911232314900359,1
1082602,0.9053729852608623,1
1017874,0.8430620547918992,1
1018721,0.8782351862144271,1
1005688,0.6924213327127352,1
1043948,0.8218679528191681,1
1054087,0.888706378324829,1
1060331,0.8472760461851534,1
1012860,0.6335634451964027,1
1011626,0.5698855314109468,1
1030551,0.8712300453463014,1
1095605,0.6357030884370466,1
1015965,0.4870954321757,0
1031608,0.8335366103125913,1
1008638,0.8761789335343324,1
1002457,0.8698525705683006,1
1039886,0.8044376731074151,1
1087286,0.8209272719701829,1
1029413,0.8574539548509028,1
1078347,0.6255261604837815,1
1077037,0.5674714419170077,1
1066419,0.8648598802190953,1
1040165,0.875339967582742,1
1019857,0.8446019421251316,1
1071143,0.7342607216507093,1
1062542,0.8665614791026913,1
1087586,0.8007537756148292,1
1035299,0.8945963631861908,1
1014698,0.7993729975063941,1
1058018,0.7610889484567012,1
1065558,0.886450927498755,1
1045552,0.5590946462164417,1
1088570,0.8919347894275063,1
1025661,0.8175149243148436,1
1062115,0.8150464862859859,1
1083861,0.6316338684009267,1
1080384,0.845067937094282,1
1054917,0.8119720838207486,1
1021834,0.8145882520807576,1
1035521,0.7978188409826168,1
1020930,0.7395434226145728,1
1042312,0.8123421959877414,1
1027205,0.7682273611173523,1
1013620,0.4896754010824897,0
1005170,0.6336305982231369,1
1086510,0.7311510470597836,1
1072073,0.7464962238300887,1
1064205,0.6627083504549627,1
1084150,0.8197120106927377,1
1086759,0.8525492801070206,1
1021979,0.8699123602448154,1
1058122,0.8853997978973989,1
1020290,0.6284821419144168,1
1086148,0.8664606266179846,1
1035978,0.8813635525321344,1
1096836,0.803082760387908,1
1040681,0.8007722885495747,1
1033079,0.7878979390970138,1
1086072,0.6722209514744671,1
1053564,0.759765824306047,1
1046692,0.8296975429286869,1
1016070,0.5260103492227522,1
1079963,0.7774544815609236,1
1017505,0.6614135749167345,1
1009999,0.8228364629773945,1
1020475,0.7849463290469045,1
1052850,0.8660390543561309,1
1009636,0.5795254927646687,1
1008780,0.7463198428555647,1
1088944,0.8748605915545448,1
1069550,0.8024377147302837,1
1048326,0.8372414090337281,1
1005788,0.6305734887223828,1
1040705,0.8323302648782526,1
1054038,0.8512949941952346,1
1086867,0.8454012561157584,1
1059707,0.8576052010381016,1
1069533,0.8367803404946372,1
1044969,0.8562969856799886,1
1015565,0.8723492298872946,1
1005190,0.7232857886419813,1
1014438,0.8355265868777404,1
1013872,0.6464644681545482,1
1030496,0.7803202928332033,1
1031712,0.8724406981172095,1
1005133,0.771561648659293,1
1036355,0.8098001664866267,1
1023430,0.7567077957903352,1
1050318,0.8185284040136742,1
1012394,0.46965699817152873,0
1088405,0.6609561607570016,1
1005990,0.6731459450633515,1
1073972,0.6775657320500804,1
1001797,0.6940563059244794,1
1048095,0.8410950084335327,1
1045867,0.6178166459921816,1
1095974,0.8435350381680936,1
1090661,0.8188444020512666,1
1014158,0.3818623141978926,0
1095076,0.7737495445675414,1
1070685,0.861893519682314,1
1024418,0.8692516154715012,1
1027067,0.8060495216874328,1
1076842,0.8658789721261656,1
1070122,0.8931845118106716,1
1083509,0.4799347672275991,0
1081002,0.8430352785199269,1
1060133,0.874770706312292,1
1013915,0.6237902779421644,1
1088616,0.7973175653357192,1
1093590,0.8730572573160179,1
1050437,0.8906422261132961,1
1052483,0.8445215257148072,1
1073568,0.8856244697032543,1
1079190,0.8359122753956434,1
1068421,0.7637434536135007,1
1003459,0.6099042313336718,1
1003284,0.5173335944273626,1
1067244,0.7502624059998105,1
1077959,0.7539807133962172,1
1084368,0.7919064624157063,1
1095214,0.8514637100345797,1
1078341,0.41198993890990815,0
1082326,0.7127294230686623,1
1038006,0.5816241042535645,1
1043827,0.7637894572049913,1
1051113,0.797735328640589,1
1048097,0.8654190962108593,1
1055494,0.8465371590299419,1
1098222,0.5129173411983692,1
1012263,0.719321054329639,1
1002404,0.31396081546961413,0
1063773,0.4060268360036184,0
1040890,0.9051717188444051,1
1027486,0.834626582297039,1
1048034,0.8599904291743795,1
1081670,0.7518219279387626,1
1019615,0.5485960476426384,1
1002107,0.851264308303147,1
1015685,0.5146344467649071,1
1073175,0.4932818593039625,0
1075820,0.8406132563072485,1
1095568,0.7820650550274165,1
1002961,0.5638637223075565,1
1074168,0.8429611725847319,1
1042939,0.7013485317198556,1
1065951,0.5770407794978007,1
1029508,0.7697364979825229,1
1006075,0.6829432975901054,1
1081919,0.8913181856892822,1
1093375,0.8885090464786753,1
1057765,0.6670807730619788,1
1031518,0.513500882725359,1
1036613,0.8469734043767059,1
1067451,0.5571905235300213,1
1023026,0.6110009096189323,1
1016255,0.5863097671759335,1
1050977,0.8953702160325233,1
1047348,0.8752146703293121,1
1063147,0.806903073718632,1
1069518,0.6255841303160283,1
1015234,0.5353742013840078,1
1065873,0.8738948522804647,1
1027242,0.8856376059034785,1
1061251,0.8022187680740173,1
1078681,0.8278354559011888,1
1086435,0.7132092735546817,1
1007957,0.4908069754075621,0
1038053,0.5192679143739445,1
1040302,0.5999551747031981,1
1027623,0.8725163576300782,1
1030348,0.8786256015580518,1
1014937,0.5914759336402498,1
1097376,0.7102922753062845,1
1041636,0.8566556515833287,1
1046326,0.8611653305920496,1
1022062,0.7400990413133779,1
1067913,0.7593476514505693,1
1041687,0.8159417198941099,1
1036905,0.7743023139389389,1
1053978,0.7875196931930739,1
1092831,0.5901166429609913,1
1036006,0.5493083889113699,1
1054567,0.8108300938227295,1
1088023,0.8412214573160499,1
1067533,0.8452132149957656,1
1088691,0.3089660198481891,0
1074500,0.8186534195624167,1
1093962,0.643428382005917,1
1041072,0.8522187853115701,1
1012033,0.5655373121655829,1
1020185,0.8570775874239194,1
1039922,0.7013336819282624,1
1031233,0.56080840904839,1
1090874,0.825105886905572,1
1084924,0.7516122959895376,1
1075790,0.8600824638904917,1
1081949,0.8242692081477896,1
1032768,0.7929878249231428,1
1043581,0.8997332405936458,1
1068970,0.7860569064508405,1
1053537,0.8588543394223174,1
1053914,0.5395656083628683,1
1047058,0.552170875838921,1
1051643,0.8781382090682982,1
1026796,0.6330791149753946,1
1002763,0.633786413189782,1
1052501,0.7513208128782671,1
1072356,0.7977814399702432,1
1063628,0.8901504397439626,1
1012829,0.49176453536936365,0
1054519,0.8391433446554571,1
1097881,0.404833183602231,0
1002804,0.6431429361273775,1
1020524,0.7318457236876752,1
1068603,0.41395437319352313,0
1045533,0.8648379482414733,1
1095220,0.723758985253759,1
1027668,0.8285358328408777,1
1043289,0.7120833076571107,1
1055552,0.5063844351805232,1
1056711,0.8284118191544692,1
1054937,0.840802403531933,1
1066692,0.8123388275457701,1
1067282,0.6433107997591004,1
1027293,0.8710172334262267,1
1014998,0.8431914131763145,1
1014940,0.638746854963833,1
1051969,0.7978169802531754,1
1096114,0.8259725367724962,1
1089368,0.5543235548255423,1
1002399,0.4683338124809781,0
1082856,0.7147838010008746,1
1028324,0.8532358665466909,1
1012335,0.688186939432985,1
1004243,0.4289693414713385,0
1010112,0.5883222268021937,1
1018628,0.8729519159327405,1
1013833,0.8309098711607409,1
1003573,0.5578132873797399,1
1067788,0.46660140942819367,0
1055480,0.49095802052679577,0
1002716,0.7900037178477387,1
1098135,0.8518490274782574,1
1073233,0.7716027511279859,1
1055805,0.8256875853861628,1
1035706,0.8244189905573736,1
1087058,0.4920200426897577,0
1084335,0.6520788310829433,1
1049855,0.8489135961560111,1
1052824,0.6582808078402195,1
1048318,0.8670003477422771,1
1089220,0.7552406856185822,1
1004817,0.5811869366885108,1
1058969,0.8855806303678136,1
1063908,0.4965658164762566,0
1080801,0.7985023431809442,1
1060019,0.8492237659630802,1
1047376,0.7411224711747326,1
1055914,0.4185669878138659,0
1002095,0.7990801449876741,1
1012432,0.8219347133853285,1
1049182,0.8304279844028293,1
1070230,0.8348185345841879,1
1048092,0.8711239841336128,1
1008047,0.8541999303948402,1
1062657,0.8336547086395681,1
1081623,0.7533389926437762,1
1072751,0.8360539390866786,1
1050139,0.7736674670065612,1
1032910,0.8658070168321239,1
1075326,0.817967420023501,1
1073639,0.8288983422873292,1
1090012,0.8618644738821964,1
1092803,0.7942941753632575,1
1000051,0.49592777923204795,0
1097855,0.8636988287198566,1
1029914,0.850436851190591,1
1075510,0.8327805513698454,1
1076620,0.7087006824292956,1
1011001,0.4412810748482269,0
1096009,0.8307895719459617,1
1024061,0.8283811934203664,1
1014945,0.49503899026328035,0
1089431,0.48311542484662817,0
1014499,0.6542628632513803,1
1020333,0.8539722774152868,1
1016399,0.865426817164054,1
1079941,0.7076011801258633,1
1014093,0.8637124327958641,1
1089180,0.8747765166084608,1
1071116,0.7905546935709901,1
1011805,0.5991466347027528,1
1056521,0.517826493869023,1
1087604,0.7878258769580568,1
1006276,0.5836521591376861,1
1071107,0.8684498638857712,1
1023324,0.4280940285699693,0
1081873,0.8745937724298247,1
1061676,0.8580329398340509,1
1014335,0.7009675978714106,1
1057428,0.6437979089383957,1
1089799,0.5961920676823551,1
1063930,0.8865818440429142,1
1098168,0.534584317164295,1
1030916,0.7371716868725402,1
1042811,0.6007367627472336,1
1038901,0.8067921821010396,1
1001473,0.872419695958861,1
1053907,0.8713378175453323,1
1053068,0.8973954387104675,1
1076816,0.8023699984339278,1
1070926,0.833543931581716,1
1037981,0.8672579209801836,1
1010388,0.8444605035270575,1
1018490,0.5964742406149939,1
1086128,0.8320307105177621,1
1064320,0.8612598283161694,1
1061998,0.8287857919739381,1
1057280,0.752276073636911,1
1083758,0.8391235459225638,1
1088928,0.8280018363422007,1
1055517,0.8323220574846346,1
1040442,0.7706447460044444,1
1015743,0.7932245462475623,1
1076632,0.8184630242920887,1
1032021,0.8214114074913801,1
1019107,0.8955060259519003,1
1056290,0.662363828125135,1
1046629,0.8566469474321351,1
1031001,0.8441022608483807,1
1001512,0.8027197776945217,1
1027739,0.75105641597481,1
1030403,0.8252050250224032,1
1022967,0.7545745815849638,1
1068005,0.7349133517356566,1
1010887,0.8670599669478382,1
1051101,0.5037709325494297,1
1024152,0.20262981365037616,0
1038966,0.8865282882655435,1
1006779,0.6094851077775595,1
1093563,0.8228897943738995,1
1016588,0.5762046422946506,1
1008466,0.8493386451411085,1
1051606,0.8722256656230772,1
1000775,0.7316854201937761,1
1068540,0.8556084337893781,1
1052982,0.7822378792540842,1
1036126,0.784452634953931,1
1080805,0.8780924543299466,1
1080857,0.72603407646806,1
1079362,0.6904909213335169,1
1015705,0.3196817075187384,0
1012372,0.6893784116626741,1
1043372,0.8564391796933755,1
1030247,0.8384765633396961,1
1085461,0.8862800053733856,1
1087144,0.862291212239279,1
1050517,0.8291148784433529,1
1060086,0.8570330708035324,1
1080642,0.8221321411547915,1
1043662,0.8755294182209721,1
1005915,0.6716942718987838,1
1088664,0.753896031661184,1
1054688,0.8571677913232143,1
1014641,0.7802647970968427,1
1009194,0.8838213118817951,1
1056744,0.8943473211096151,1
1019297,0.520176131733511,1
1028961,0.816020031890797,1
1030624,0.8452662705739143,1
1079965,0.7258948989551857,1
1029369,0.5568792389304655,1
1029503,0.8621988848781836,1
1024494,0.6272356900376534,1
1049602,0.8924417237810282,1
1026568,0.898823982628817,1
1059191,0.8976951712802477,1
1061979,0.7639425129052668,1
1093977,0.7979018608387619,1
1070927,0.4528039280901203,0
1041867,0.5033486267106413,1
1067334,0.8556620009580218,1
1092720,0.7382418318717062,1
1099042,0.4980881125009767,0
1000146,0.8311142281999976,1
1065253,0.7939732350595233,1
1076530,0.8187882512530277,1
1032603,0.7906693075458475,1
1084043,0.8290658117131392,1
1060056,0.8174555388808334,1
1014565,0.5717699317308278,1
1061399,0.6991328875323162,1
1095898,0.8758728645882388,1
1022201,0.8262794509094032,1
1002705,0.6348157504160686,1
1082752,0.8810487714865575,1
1009907,0.689410231690404,1
1019257,0.8200530788543398,1
1022682,0.7244708511131988,1
1022499,0.6315111884225538,1
1068786,0.7105489143535465,1
1031135,0.6727364179303865,1
1071588,0.8769557914633069,1
1063135,0.8516200964889049,1
1057318,0.865761815764323,1
1066432,0.8269778631687347,1
1071503,0.6773552854582361,1
1090733,0.7546842263092148,1
1041732,0.6561174327314072,1
1074033,0.4858593023291837,0
1084329,0.36267671191443096,0
1024224,0.8539852532031849,1
1033697,0.8386324512299644,1
1033939,0.8617810749381412,1
1044016,0.869208433878873,1
1047267,0.743470436116701,1
1077280,0.8470243108996874,1
1091452,0.6070395547714804,1
1062720,0.6049810931615947,1
1055640,0.8863586911822973,1
